__id	Date de la déclaration de perte	Gare	Code UIC	Nature d'objets	Type d'objets	Type d'enregistrement
1	2020-01-03T16:25:01+00:00	Angers Saint-Laud	0087484006	Sac à main	Bagagerie: sacs, valises, cartables	Déclaration de Perte
2	2020-07-06T13:55:10+00:00	Angers Saint-Laud	0087484006	Téléphone portable protégé (étui, coque,…)	Appareils électroniques, informatiques, appareils photo	Déclaration de Perte
3	2020-07-10T11:08:01+00:00	Angers Saint-Laud	0087484006	Valise, sac sur roulettes	Bagagerie: sacs, valises, cartables	Déclaration de Perte
4	2020-07-16T08:06:42+00:00	Angers Saint-Laud	0087484006	Porte-monnaie, portefeuille	Porte-monnaie / portefeuille, argent, titres	Déclaration de Perte
5	2020-07-20T17:13:00+00:00	Angers Saint-Laud	0087484006	Sac à dos	Bagagerie: sacs, valises, cartables	Déclaration de Perte
6	2020-07-24T07:42:15+00:00	Angers Saint-Laud	0087484006	Téléphone portable	Appareils électroniques, informatiques, appareils photo	Déclaration de Perte
7	2020-07-25T14:35:43+00:00	Angers Saint-Laud	0087484006	Téléphone portable protégé (étui, coque,…)	Appareils électroniques, informatiques, appareils photo	Déclaration de Perte
8	2020-07-25T20:29:03+00:00	Angers Saint-Laud	0087484006	Sac à dos	Bagagerie: sacs, valises, cartables	Déclaration de Perte
9	2020-07-26T08:03:00+00:00	Angers Saint-Laud	0087484006	Sac à dos	Bagagerie: sacs, valises, cartables	Déclaration de Perte
10	2018-12-11T13:44:06+00:00	Angers Saint-Laud	0087484006	Diplôme, papiers personnels	Pièces d'identités et papiers personnels	Déclaration de Perte
11	2019-09-17T09:52:55+00:00	Angers Saint-Laud	0087484006	Sac à dos	Bagagerie: sacs, valises, cartables	Déclaration de Perte
12	2019-09-17T11:51:19+00:00	Angers Saint-Laud	0087484006	Porte-monnaie, portefeuille	Porte-monnaie / portefeuille, argent, titres	Déclaration de Perte
13	2019-04-16T15:32:09+00:00	Angers Saint-Laud	0087484006	Porte-monnaie, portefeuille	Porte-monnaie / portefeuille, argent, titres	Déclaration de Perte
14	2019-09-23T09:20:03+00:00	Angers Saint-Laud	0087484006	Sac à dos	Bagagerie: sacs, valises, cartables	Déclaration de Perte
15	2019-04-18T09:03:22+00:00	Angers Saint-Laud	0087484006	Sac à main	Bagagerie: sacs, valises, cartables	Déclaration de Perte
16	2019-04-23T07:55:40+00:00	Angers Saint-Laud	0087484006	Sac de voyage, sac de sport, sac à bandoulière	Bagagerie: sacs, valises, cartables	Déclaration de Perte
17	2019-02-22T11:51:31+00:00	Angers Saint-Laud	0087484006	Sac à dos	Bagagerie: sacs, valises, cartables	Déclaration de Perte
18	2020-10-01T15:11:56+00:00	Angers Saint-Laud	0087484006	Clés, porte-clés	Clés, porte-clés, badge magnétique	Déclaration de Perte
19	2020-10-03T19:40:17+00:00	Angers Saint-Laud	0087484006	Valise, sac sur roulettes	Bagagerie: sacs, valises, cartables	Déclaration de Perte
20	2019-05-16T12:15:39+00:00	Angers Saint-Laud	0087484006	Sac à dos	Bagagerie: sacs, valises, cartables	Déclaration de Perte
21	2020-10-06T10:50:23+00:00	Angers Saint-Laud	0087484006	Téléphone portable protégé (étui, coque,…)	Appareils électroniques, informatiques, appareils photo	Déclaration de Perte
22	2019-03-01T10:52:34+00:00	Angers Saint-Laud	0087484006	Autres articles enfants, bébé	Articles d'enfants, de puériculture	Déclaration de Perte
23	2019-04-30T09:58:36+00:00	Angers Saint-Laud	0087484006	Attaché-case, serviette	Bagagerie: sacs, valises, cartables	Déclaration de Perte
24	2020-10-09T07:11:11+00:00	Angers Saint-Laud	0087484006	Sac à dos	Bagagerie: sacs, valises, cartables	Déclaration de Perte
25	2020-10-09T17:20:45+00:00	Angers Saint-Laud	0087484006	Lunettes	Optique	Déclaration de Perte
26	2019-05-02T07:18:31+00:00	Angers Saint-Laud	0087484006	Sac de voyage, sac de sport, sac à bandoulière	Bagagerie: sacs, valises, cartables	Déclaration de Perte
27	2020-10-13T11:05:56+00:00	Angers Saint-Laud	0087484006	Autres articles de papeterie	Livres, articles de papéterie	Déclaration de Perte
28	2020-06-20T12:44:23+00:00	Angers Saint-Laud	0087484006	Porte-monnaie, portefeuille	Porte-monnaie / portefeuille, argent, titres	Déclaration de Perte
29	2020-06-24T09:45:34+00:00	Angers Saint-Laud	0087484006	Sac d'enseigne (plastique, papier, …)	Bagagerie: sacs, valises, cartables	Déclaration de Perte
30	2019-05-09T12:45:13+00:00	Angers Saint-Laud	0087484006	Ordinateur, ordinateur portable, notebook	Appareils électroniques, informatiques, appareils photo	Déclaration de Perte
31	2019-02-28T13:31:03+00:00	Angers Saint-Laud	0087484006	Valise, sac sur roulettes	Bagagerie: sacs, valises, cartables	Déclaration de Perte
32	2019-06-27T07:14:50+00:00	Angers Saint-Laud	0087484006	Sac à dos	Bagagerie: sacs, valises, cartables	Déclaration de Perte
33	2020-09-02T12:07:26+00:00	Angers Saint-Laud	0087484006	Manteau, veste, blazer, parka, blouson, cape	Vêtements, chaussures	Déclaration de Perte
34	2018-04-10T08:51:32+00:00	Angers Saint-Laud	0087484006	Porte-monnaie, portefeuille	Porte-monnaie / portefeuille, argent, titres	Déclaration de Perte
35	2020-09-03T12:40:59+00:00	Angers Saint-Laud	0087484006	Sac de voyage, sac de sport, sac à bandoulière	Bagagerie: sacs, valises, cartables	Déclaration de Perte
36	2020-09-04T04:47:41+00:00	Angers Saint-Laud	0087484006	Porte-monnaie, portefeuille	Porte-monnaie / portefeuille, argent, titres	Déclaration de Perte
37	2020-09-04T12:53:30+00:00	Angers Saint-Laud	0087484006	Pièce d'identité personnelle et autre	Pièces d'identités et papiers personnels	Déclaration de Perte
38	2020-09-05T13:40:08+00:00	Angers Saint-Laud	0087484006	Téléphone portable	Appareils électroniques, informatiques, appareils photo	Déclaration de Perte
39	2019-05-06T12:38:04+00:00	Angers Saint-Laud	0087484006	Sac d'enseigne (plastique, papier, …)	Bagagerie: sacs, valises, cartables	Déclaration de Perte
40	2018-04-16T12:55:49+00:00	Angers Saint-Laud	0087484006	Téléphone portable	Appareils électroniques, informatiques, appareils photo	Déclaration de Perte
41	2020-08-19T11:31:47+00:00	Angers Saint-Laud	0087484006	Casque (vélo, moto)	Vélos, trottinettes, accessoires 2 roues	Déclaration de Perte
42	2020-08-19T14:17:19+00:00	Angers Saint-Laud	0087484006	Vélo	Vélos, trottinettes, accessoires 2 roues	Déclaration de Perte
43	2019-07-09T09:36:01+00:00	Angers Saint-Laud	0087484006	Porte-monnaie, portefeuille	Porte-monnaie / portefeuille, argent, titres	Déclaration de Perte
44	2020-08-22T16:33:02+00:00	Angers Saint-Laud	0087484006	Valise, sac sur roulettes	Bagagerie: sacs, valises, cartables	Déclaration de Perte
45	2020-08-24T06:42:15+00:00	Angers Saint-Laud	0087484006	Lunettes	Optique	Déclaration de Perte
46	2019-05-14T09:34:55+00:00	Angers Saint-Laud	0087484006	Pièce d'identité personnelle et autre	Pièces d'identités et papiers personnels	Déclaration de Perte
47	2019-05-14T14:37:39+00:00	Angers Saint-Laud	0087484006	Sac à dos	Bagagerie: sacs, valises, cartables	Déclaration de Perte
48	2020-06-06T09:47:27+00:00	Angers Saint-Laud	0087484006	Sacoche ventrale, banane	Bagagerie: sacs, valises, cartables	Déclaration de Perte
49	2019-03-28T13:07:34+00:00	Angers Saint-Laud	0087484006	Téléphone portable	Appareils électroniques, informatiques, appareils photo	Déclaration de Perte
50	2019-05-20T14:13:16+00:00	Angers Saint-Laud	0087484006	Sac d'enseigne (plastique, papier, …)	Bagagerie: sacs, valises, cartables	Déclaration de Perte
51	2018-03-12T14:34:23+00:00	Angers Saint-Laud	0087484006	Sac de voyage, sac de sport, sac à bandoulière	Bagagerie: sacs, valises, cartables	Déclaration de Perte
52	2018-03-13T09:42:33+00:00	Angers Saint-Laud	0087484006	Sac d'enseigne (plastique, papier, …)	Bagagerie: sacs, valises, cartables	Déclaration de Perte
53	2020-06-17T05:23:27+00:00	Angers Saint-Laud	0087484006	Autres divers	Divers	Déclaration de Perte
54	2019-04-03T11:51:46+00:00	Angers Saint-Laud	0087484006	Sac à main	Bagagerie: sacs, valises, cartables	Déclaration de Perte
55	2019-04-03T15:04:39+00:00	Angers Saint-Laud	0087484006	Porte-monnaie, portefeuille	Porte-monnaie / portefeuille, argent, titres	Déclaration de Perte
56	2019-03-08T14:22:35+00:00	Angers Saint-Laud	0087484006	Porte-monnaie, portefeuille	Porte-monnaie / portefeuille, argent, titres	Déclaration de Perte
57	2019-05-28T13:38:49+00:00	Angers Saint-Laud	0087484006	Téléphone portable	Appareils électroniques, informatiques, appareils photo	Déclaration de Perte
58	2020-03-07T07:19:55+00:00	Angers Saint-Laud	0087484006	Manteau, veste, blazer, parka, blouson, cape	Vêtements, chaussures	Déclaration de Perte
59	2018-02-09T12:00:33+00:00	Angers Saint-Laud	0087484006	Téléphone portable	Appareils électroniques, informatiques, appareils photo	Déclaration de Perte
60	2020-03-14T15:00:19+00:00	Angers Saint-Laud	0087484006	Sac à dos	Bagagerie: sacs, valises, cartables	Déclaration de Perte
61	2020-03-15T19:37:59+00:00	Angers Saint-Laud	0087484006	Clés, porte-clés	Clés, porte-clés, badge magnétique	Déclaration de Perte
62	2018-04-23T11:48:59+00:00	Angers Saint-Laud	0087484006	Sac à dos	Bagagerie: sacs, valises, cartables	Déclaration de Perte
63	2018-02-17T09:25:21+00:00	Angers Saint-Laud	0087484006	Sac à dos	Bagagerie: sacs, valises, cartables	Déclaration de Perte
64	2019-07-24T10:48:27+00:00	Angers Saint-Laud	0087484006	Lunettes	Optique	Déclaration de Perte
65	2023-05-30T11:37:30+00:00	Angers Saint-Laud	0087484006	Tablette tactile protégée (étui, housse)	Appareils électroniques, informatiques, appareils photo	Déclaration de Perte
66	2018-02-26T13:20:22+00:00	Angers Saint-Laud	0087484006	Téléphone portable	Appareils électroniques, informatiques, appareils photo	Déclaration de Perte
67	2023-06-03T16:52:01+00:00	Angers Saint-Laud	0087484006	Autre pièce ou papier personnel	Pièces d'identités et papiers personnels	Déclaration de Perte
68	2019-04-08T11:08:55+00:00	Angers Saint-Laud	0087484006	Porte-monnaie, portefeuille	Porte-monnaie / portefeuille, argent, titres	Déclaration de Perte
69	2019-04-09T14:30:22+00:00	Angers Saint-Laud	0087484006	Téléphone portable	Appareils électroniques, informatiques, appareils photo	Déclaration de Perte
70	2023-06-06T20:00:17+00:00	Angers Saint-Laud	0087484006	Sac à dos	Bagagerie: sacs, valises, cartables	Déclaration de Perte
71	2019-06-13T10:32:52+00:00	Angers Saint-Laud	0087484006	Téléphone portable	Appareils électroniques, informatiques, appareils photo	Déclaration de Perte
72	2019-06-14T13:16:38+00:00	Angers Saint-Laud	0087484006	Autre pièce ou papier personnel	Pièces d'identités et papiers personnels	Déclaration de Perte
73	2019-04-18T09:18:35+00:00	Angers Saint-Laud	0087484006	Vélo	Vélos, trottinettes, accessoires 2 roues	Déclaration de Perte
74	2019-02-14T11:32:34+00:00	Angers Saint-Laud	0087484006	Clés, porte-clés	Clés, porte-clés, badge magnétique	Déclaration de Perte
75	2019-04-25T12:55:17+00:00	Angers Saint-Laud	0087484006	Porte-monnaie, portefeuille	Porte-monnaie / portefeuille, argent, titres	Déclaration de Perte
76	2023-04-29T07:40:24+00:00	Angers Saint-Laud	0087484006	Appareil photo, caméscope/caméras et accessoires	Appareils électroniques, informatiques, appareils photo	Déclaration de Perte
77	2023-04-29T15:51:56+00:00	Angers Saint-Laud	0087484006	Carte de crédit	Porte-monnaie / portefeuille, argent, titres	Déclaration de Perte
78	2019-02-18T10:20:38+00:00	Angers Saint-Laud	0087484006	Porte-monnaie, portefeuille	Porte-monnaie / portefeuille, argent, titres	Déclaration de Perte
79	2023-05-01T20:56:52+00:00	Angers Saint-Laud	0087484006	Valise, sac sur roulettes	Bagagerie: sacs, valises, cartables	Déclaration de Perte
80	2019-09-02T12:50:52+00:00	Angers Saint-Laud	0087484006	Manteau, veste, blazer, parka, blouson, cape	Vêtements, chaussures	Déclaration de Perte
81	2019-02-25T14:36:59+00:00	Angers Saint-Laud	0087484006	Téléphone portable	Appareils électroniques, informatiques, appareils photo	Déclaration de Perte
82	2023-05-06T16:31:27+00:00	Angers Saint-Laud	0087484006	Téléphone portable protégé (étui, coque,…)	Appareils électroniques, informatiques, appareils photo	Déclaration de Perte
83	2019-04-30T06:18:32+00:00	Angers Saint-Laud	0087484006	Vélo	Vélos, trottinettes, accessoires 2 roues	Déclaration de Perte
84	2019-09-09T06:49:30+00:00	Angers Saint-Laud	0087484006	Téléphone portable protégé (étui, coque,…)	Appareils électroniques, informatiques, appareils photo	Déclaration de Perte
85	2018-01-23T09:30:48+00:00	Angers Saint-Laud	0087484006	Porte-monnaie, portefeuille	Porte-monnaie / portefeuille, argent, titres	Déclaration de Perte
86	2019-09-11T13:39:02+00:00	Angers Saint-Laud	0087484006	Ordinateur, ordinateur portable, notebook	Appareils électroniques, informatiques, appareils photo	Déclaration de Perte
87	2023-05-12T07:25:16+00:00	Angers Saint-Laud	0087484006	Sac d'enseigne (plastique, papier, …)	Bagagerie: sacs, valises, cartables	Déclaration de Perte
88	2018-05-07T09:28:36+00:00	Angers Saint-Laud	0087484006	Téléphone portable	Appareils électroniques, informatiques, appareils photo	Déclaration de Perte
89	2019-07-08T06:29:07+00:00	Angers Saint-Laud	0087484006	Trottinette	Vélos, trottinettes, accessoires 2 roues	Déclaration de Perte
90	2019-07-08T08:27:25+00:00	Angers Saint-Laud	0087484006	Autre pièce ou papier personnel	Pièces d'identités et papiers personnels	Déclaration de Perte
91	2017-12-19T09:36:28+00:00	Angers Saint-Laud	0087484006	Porte-monnaie, portefeuille	Porte-monnaie / portefeuille, argent, titres	Déclaration de Perte
92	2018-05-23T10:44:46+00:00	Angers Saint-Laud	0087484006	Sac de voyage, sac de sport, sac à bandoulière	Bagagerie: sacs, valises, cartables	Déclaration de Perte
93	2018-05-24T11:29:38+00:00	Angers Saint-Laud	0087484006	Ordinateur, ordinateur portable, notebook	Appareils électroniques, informatiques, appareils photo	Déclaration de Perte
94	2023-06-25T19:19:08+00:00	Angers Saint-Laud	0087484006	Sac à dos	Bagagerie: sacs, valises, cartables	Déclaration de Perte
95	2017-12-18T12:58:01+00:00	Angers Saint-Laud	0087484006	Etui à lunettes vide	Optique	Déclaration de Perte
96	2018-07-06T09:53:51+00:00	Angers Saint-Laud	0087484006	Valise, sac sur roulettes	Bagagerie: sacs, valises, cartables	Déclaration de Perte
97	2017-12-27T13:35:16+00:00	Angers Saint-Laud	0087484006	Carte d'identité, passeport, permis de conduire	Pièces d'identités et papiers personnels	Déclaration de Perte
98	2018-06-21T12:49:42+00:00	Angers Saint-Laud	0087484006	Sac à main	Bagagerie: sacs, valises, cartables	Déclaration de Perte
99	2019-04-05T13:29:18+00:00	Angers Saint-Laud	0087484006	Sac de voyage, sac de sport, sac à bandoulière	Bagagerie: sacs, valises, cartables	Déclaration de Perte
100	2019-04-08T12:41:18+00:00	Angers Saint-Laud	0087484006	Ordinateur, ordinateur portable, notebook	Appareils électroniques, informatiques, appareils photo	Déclaration de Perte
101	2018-06-27T05:47:29+00:00	Angers Saint-Laud	0087484006	Autre petit véhicule	Vélos, trottinettes, accessoires 2 roues	Déclaration de Perte
102	2018-03-21T07:26:55+00:00	Angers Saint-Laud	0087484006	Téléphone portable	Appareils électroniques, informatiques, appareils photo	Déclaration de Perte
103	2018-03-21T10:07:50+00:00	Angers Saint-Laud	0087484006	Porte-monnaie, portefeuille	Porte-monnaie / portefeuille, argent, titres	Déclaration de Perte
104	2018-04-27T13:04:24+00:00	Angers Saint-Laud	0087484006	Sac de voyage, sac de sport, sac à bandoulière	Bagagerie: sacs, valises, cartables	Déclaration de Perte
105	2019-04-11T12:40:13+00:00	Angers Saint-Laud	0087484006	Téléviseur, magnétoscope, lecteur DVD, radio	Appareils électroniques, informatiques, appareils photo	Déclaration de Perte
106	2019-04-11T13:56:31+00:00	Angers Saint-Laud	0087484006	Porte-monnaie, portefeuille	Porte-monnaie / portefeuille, argent, titres	Déclaration de Perte
107	2023-06-24T14:48:27+00:00	Angers Saint-Laud	0087484006	Sac à dos	Bagagerie: sacs, valises, cartables	Déclaration de Perte
108	2023-06-11T21:15:10+00:00	Angers Saint-Laud	0087484006	Valise, sac sur roulettes	Bagagerie: sacs, valises, cartables	Déclaration de Perte
109	2023-06-12T14:13:27+00:00	Angers Saint-Laud	0087484006	Lunettes en étui	Optique	Déclaration de Perte
110	2018-03-12T11:51:21+00:00	Angers Saint-Laud	0087484006	Attaché-case, serviette	Bagagerie: sacs, valises, cartables	Déclaration de Perte
111	2018-05-25T10:02:13+00:00	Angers Saint-Laud	0087484006	Valise, sac sur roulettes	Bagagerie: sacs, valises, cartables	Déclaration de Perte
112	2019-06-07T06:57:47+00:00	Angers Saint-Laud	0087484006	Parapluie télescopique, parapluie de poche	Parapluies	Déclaration de Perte
113	2020-02-14T09:43:38+00:00	Angers Saint-Laud	0087484006	Sac à dos	Bagagerie: sacs, valises, cartables	Déclaration de Perte
114	2020-02-14T13:55:53+00:00	Angers Saint-Laud	0087484006	Clés, porte-clés	Clés, porte-clés, badge magnétique	Déclaration de Perte
115	2020-02-18T09:57:28+00:00	Angers Saint-Laud	0087484006	Sac de voyage, sac de sport, sac à bandoulière	Bagagerie: sacs, valises, cartables	Déclaration de Perte
116	2017-12-15T09:19:19+00:00	Angers Saint-Laud	0087484006	Porte-monnaie, portefeuille	Porte-monnaie / portefeuille, argent, titres	Déclaration de Perte
117	2020-02-21T10:31:42+00:00	Angers Saint-Laud	0087484006	Porte-monnaie, portefeuille	Porte-monnaie / portefeuille, argent, titres	Déclaration de Perte
118	2020-02-22T21:20:47+00:00	Angers Saint-Laud	0087484006	Sac d'enseigne (plastique, papier, …)	Bagagerie: sacs, valises, cartables	Déclaration de Perte
119	2020-02-26T09:40:44+00:00	Angers Saint-Laud	0087484006	Sac à dos	Bagagerie: sacs, valises, cartables	Déclaration de Perte
120	2020-02-26T11:01:48+00:00	Angers Saint-Laud	0087484006	Sac à main	Bagagerie: sacs, valises, cartables	Déclaration de Perte
121	2019-08-23T12:12:52+00:00	Angers Saint-Laud	0087484006	Porte-monnaie, portefeuille	Porte-monnaie / portefeuille, argent, titres	Déclaration de Perte
122	2017-12-28T13:48:34+00:00	Angers Saint-Laud	0087484006	Carte de crédit	Porte-monnaie / portefeuille, argent, titres	Déclaration de Perte
123	2018-06-28T06:30:16+00:00	Angers Saint-Laud	0087484006	Valise, sac sur roulettes	Bagagerie: sacs, valises, cartables	Déclaration de Perte
124	2017-12-29T14:03:22+00:00	Angers Saint-Laud	0087484006	Autres divers	Divers	Déclaration de Perte
125	2021-02-25T11:32:58+00:00	Angers Saint-Laud	0087484006	Porte-monnaie, portefeuille	Porte-monnaie / portefeuille, argent, titres	Déclaration de Perte
126	2021-02-25T12:50:11+00:00	Angers Saint-Laud	0087484006	Clé de voiture	Clés, porte-clés, badge magnétique	Déclaration de Perte
127	2018-07-02T08:59:24+00:00	Angers Saint-Laud	0087484006	Valise, sac sur roulettes	Bagagerie: sacs, valises, cartables	Déclaration de Perte
128	2018-07-02T10:17:26+00:00	Angers Saint-Laud	0087484006	Téléphone portable	Appareils électroniques, informatiques, appareils photo	Déclaration de Perte
129	2019-03-08T14:13:21+00:00	Angers Saint-Laud	0087484006	Agenda, calendrier	Livres, articles de papéterie	Déclaration de Perte
130	2021-03-01T05:05:27+00:00	Angers Saint-Laud	0087484006	Clés, porte-clés	Clés, porte-clés, badge magnétique	Déclaration de Perte
131	2019-06-06T09:50:31+00:00	Angers Saint-Laud	0087484006	Sac de voyage, sac de sport, sac à bandoulière	Bagagerie: sacs, valises, cartables	Déclaration de Perte
132	2021-03-03T20:01:39+00:00	Angers Saint-Laud	0087484006	Sac de voyage, sac de sport, sac à bandoulière	Bagagerie: sacs, valises, cartables	Déclaration de Perte
133	2021-03-12T12:53:35+00:00	Angers Saint-Laud	0087484006	Parapluie-canne, parapluie à bandoulière	Parapluies	Déclaration de Perte
134	2018-07-31T15:27:24+00:00	Angers Saint-Laud	0087484006	Manteau, veste, blazer, parka, blouson, cape	Vêtements, chaussures	Déclaration de Perte
135	2023-04-13T18:38:42+00:00	Angers Saint-Laud	0087484006	Valise, sac sur roulettes	Bagagerie: sacs, valises, cartables	Déclaration de Perte
136	2019-06-14T14:16:19+00:00	Angers Saint-Laud	0087484006	Porte-monnaie, portefeuille	Porte-monnaie / portefeuille, argent, titres	Déclaration de Perte
137	2019-03-22T15:51:43+00:00	Angers Saint-Laud	0087484006	Porte-monnaie, portefeuille	Porte-monnaie / portefeuille, argent, titres	Déclaration de Perte
138	2019-03-22T16:38:14+00:00	Angers Saint-Laud	0087484006	Sac à dos	Bagagerie: sacs, valises, cartables	Déclaration de Perte
139	2023-04-18T11:27:01+00:00	Angers Saint-Laud	0087484006	Valise, sac sur roulettes	Bagagerie: sacs, valises, cartables	Déclaration de Perte
140	2023-04-20T06:53:49+00:00	Angers Saint-Laud	0087484006	Sac à main	Bagagerie: sacs, valises, cartables	Déclaration de Perte
141	2018-08-13T07:31:11+00:00	Angers Saint-Laud	0087484006	Ordinateur, ordinateur portable, notebook protégé (étui, housse,…)	Appareils électroniques, informatiques, appareils photo	Déclaration de Perte
142	2021-02-01T14:02:48+00:00	Angers Saint-Laud	0087484006	Valise, sac sur roulettes	Bagagerie: sacs, valises, cartables	Déclaration de Perte
143	2021-02-05T21:30:00+00:00	Angers Saint-Laud	0087484006	Sacoche pour ordinateur, photo, vidéo	Bagagerie: sacs, valises, cartables	Déclaration de Perte
144	2019-07-08T12:08:31+00:00	Angers Saint-Laud	0087484006	Autres divers	Divers	Déclaration de Perte
145	2023-04-03T14:20:19+00:00	Angers Saint-Laud	0087484006	Porte-monnaie, portefeuille	Porte-monnaie / portefeuille, argent, titres	Déclaration de Perte
146	2023-04-06T15:45:24+00:00	Angers Saint-Laud	0087484006	Valise, sac sur roulettes	Bagagerie: sacs, valises, cartables	Déclaration de Perte
147	2019-04-05T13:21:15+00:00	Angers Saint-Laud	0087484006	Valise, sac sur roulettes	Bagagerie: sacs, valises, cartables	Déclaration de Perte
148	2019-07-16T12:30:51+00:00	Angers Saint-Laud	0087484006	Porte-monnaie, portefeuille	Porte-monnaie / portefeuille, argent, titres	Déclaration de Perte
149	2019-04-11T12:03:14+00:00	Angers Saint-Laud	0087484006	Porte-monnaie, portefeuille	Porte-monnaie / portefeuille, argent, titres	Déclaration de Perte
150	2021-02-11T08:58:32+00:00	Angers Saint-Laud	0087484006	Sac à dos	Bagagerie: sacs, valises, cartables	Déclaration de Perte
151	2023-04-27T18:06:15+00:00	Angers Saint-Laud	0087484006	Vélo	Vélos, trottinettes, accessoires 2 roues	Déclaration de Perte
152	2023-04-27T20:57:40+00:00	Angers Saint-Laud	0087484006	Valise, sac sur roulettes	Bagagerie: sacs, valises, cartables	Déclaration de Perte
153	2023-04-28T09:03:58+00:00	Angers Saint-Laud	0087484006	Argent liquide / Espèces	Porte-monnaie / portefeuille, argent, titres	Déclaration de Perte
154	2023-04-28T11:16:15+00:00	Angers Saint-Laud	0087484006	Téléphone portable protégé (étui, coque,…)	Appareils électroniques, informatiques, appareils photo	Déclaration de Perte
155	2023-04-28T11:24:54+00:00	Angers Saint-Laud	0087484006	Sac de voyage, sac de sport, sac à bandoulière	Bagagerie: sacs, valises, cartables	Déclaration de Perte
156	2023-03-30T15:16:43+00:00	Angers Saint-Laud	0087484006	Porte-monnaie, portefeuille	Porte-monnaie / portefeuille, argent, titres	Déclaration de Perte
157	2017-12-04T09:09:43+00:00	Angers Saint-Laud	0087484006	Pièce d'identité personnelle et autre	Pièces d'identités et papiers personnels	Déclaration de Perte
158	2018-10-14T09:33:21+00:00	Angers Saint-Laud	0087484006	Valise, sac sur roulettes	Bagagerie: sacs, valises, cartables	Déclaration de Perte
159	2019-09-09T09:03:17+00:00	Angers Saint-Laud	0087484006	Sacoche ventrale, banane	Bagagerie: sacs, valises, cartables	Déclaration de Perte
160	2023-04-14T15:42:36+00:00	Angers Saint-Laud	0087484006	Sac à dos	Bagagerie: sacs, valises, cartables	Déclaration de Perte
161	2023-04-16T14:06:05+00:00	Angers Saint-Laud	0087484006	Porte-monnaie, portefeuille	Porte-monnaie / portefeuille, argent, titres	Déclaration de Perte
162	2019-09-11T08:34:17+00:00	Angers Saint-Laud	0087484006	Vélo	Vélos, trottinettes, accessoires 2 roues	Déclaration de Perte
163	2018-10-19T12:52:20+00:00	Angers Saint-Laud	0087484006	Sac à dos	Bagagerie: sacs, valises, cartables	Déclaration de Perte
164	2023-04-18T11:59:44+00:00	Angers Saint-Laud	0087484006	Sacoche ventrale, banane	Bagagerie: sacs, valises, cartables	Déclaration de Perte
165	2018-09-24T09:11:57+00:00	Angers Saint-Laud	0087484006	Porte-monnaie, portefeuille	Porte-monnaie / portefeuille, argent, titres	Déclaration de Perte
166	2020-09-08T12:28:08+00:00	Angers Saint-Laud	0087484006	Sac de voyage, sac de sport, sac à bandoulière	Bagagerie: sacs, valises, cartables	Déclaration de Perte
167	2021-06-09T14:48:20+00:00	Angers Saint-Laud	0087484006	Manteau, veste, blazer, parka, blouson, cape	Vêtements, chaussures	Déclaration de Perte
168	2018-09-26T05:43:51+00:00	Angers Saint-Laud	0087484006	Valise, sac sur roulettes	Bagagerie: sacs, valises, cartables	Déclaration de Perte
169	2023-04-23T06:16:35+00:00	Angers Saint-Laud	0087484006	Porte-monnaie, portefeuille	Porte-monnaie / portefeuille, argent, titres	Déclaration de Perte
170	2020-09-12T15:11:20+00:00	Angers Saint-Laud	0087484006	Porte-monnaie, portefeuille	Porte-monnaie / portefeuille, argent, titres	Déclaration de Perte
171	2020-09-14T15:12:29+00:00	Angers Saint-Laud	0087484006	Sac d'enseigne (plastique, papier, …)	Bagagerie: sacs, valises, cartables	Déclaration de Perte
172	2018-10-01T10:29:43+00:00	Angers Saint-Laud	0087484006	Autres vêtements	Vêtements, chaussures	Déclaration de Perte
173	2021-06-17T08:52:47+00:00	Angers Saint-Laud	0087484006	Vélo	Vélos, trottinettes, accessoires 2 roues	Déclaration de Perte
174	2023-01-02T18:55:27+00:00	Angers Saint-Laud	0087484006	Sac à dos	Bagagerie: sacs, valises, cartables	Déclaration de Perte
175	2021-06-18T08:45:51+00:00	Angers Saint-Laud	0087484006	Appareils respiratoire avec ou sans protection	Articles médicaux	Déclaration de Perte
176	2018-10-02T12:47:05+00:00	Angers Saint-Laud	0087484006	Porte-monnaie, portefeuille	Porte-monnaie / portefeuille, argent, titres	Déclaration de Perte
177	2021-06-19T08:47:18+00:00	Angers Saint-Laud	0087484006	Porte-monnaie, portefeuille	Porte-monnaie / portefeuille, argent, titres	Déclaration de Perte
178	2023-01-03T17:58:50+00:00	Angers Saint-Laud	0087484006	Sac à main	Bagagerie: sacs, valises, cartables	Déclaration de Perte
179	2023-03-13T09:44:05+00:00	Angers Saint-Laud	0087484006	Sacoche ventrale, banane	Bagagerie: sacs, valises, cartables	Déclaration de Perte
180	2020-03-08T05:37:47+00:00	Angers Saint-Laud	0087484006	Ordinateur, ordinateur portable, notebook	Appareils électroniques, informatiques, appareils photo	Déclaration de Perte
181	2023-01-06T18:51:56+00:00	Angers Saint-Laud	0087484006	Sac d'enseigne (plastique, papier, …)	Bagagerie: sacs, valises, cartables	Déclaration de Perte
182	2020-09-23T11:45:26+00:00	Angers Saint-Laud	0087484006	Disque dur externe, clé USB	Appareils électroniques, informatiques, appareils photo	Déclaration de Perte
183	2023-03-16T14:30:25+00:00	Angers Saint-Laud	0087484006	Sac à dos	Bagagerie: sacs, valises, cartables	Déclaration de Perte
184	2023-03-17T20:31:47+00:00	Angers Saint-Laud	0087484006	Valise, sac sur roulettes	Bagagerie: sacs, valises, cartables	Déclaration de Perte
185	2021-05-03T17:20:40+00:00	Angers Saint-Laud	0087484006	Attaché-case, serviette	Bagagerie: sacs, valises, cartables	Déclaration de Perte
186	2023-01-12T13:01:05+00:00	Angers Saint-Laud	0087484006	Sac d'enseigne (plastique, papier, …)	Bagagerie: sacs, valises, cartables	Déclaration de Perte
187	2021-05-04T16:59:01+00:00	Angers Saint-Laud	0087484006	Sac d'enseigne (plastique, papier, …)	Bagagerie: sacs, valises, cartables	Déclaration de Perte
188	2022-07-29T20:03:13+00:00	Angers Saint-Laud	0087484006	Sac d'enseigne (plastique, papier, …)	Bagagerie: sacs, valises, cartables	Déclaration de Perte
189	2020-05-20T15:01:53+00:00	Angers Saint-Laud	0087484006	Porte-monnaie, portefeuille	Porte-monnaie / portefeuille, argent, titres	Déclaration de Perte
190	2018-10-22T07:28:00+00:00	Angers Saint-Laud	0087484006	Sac à dos	Bagagerie: sacs, valises, cartables	Déclaration de Perte
191	2018-10-22T10:02:55+00:00	Angers Saint-Laud	0087484006	Téléphone portable	Appareils électroniques, informatiques, appareils photo	Déclaration de Perte
192	2018-10-23T13:46:07+00:00	Angers Saint-Laud	0087484006	Sac à dos	Bagagerie: sacs, valises, cartables	Déclaration de Perte
193	2022-09-05T07:36:13+00:00	Angers Saint-Laud	0087484006	Lunettes	Optique	Déclaration de Perte
194	2023-02-09T18:05:07+00:00	Angers Saint-Laud	0087484006	Clé de voiture	Clés, porte-clés, badge magnétique	Déclaration de Perte
195	2019-02-11T16:36:37+00:00	Angers Saint-Laud	0087484006	Sac à dos	Bagagerie: sacs, valises, cartables	Déclaration de Perte
196	2022-09-07T15:41:01+00:00	Angers Saint-Laud	0087484006	Téléphone portable protégé (étui, coque,…)	Appareils électroniques, informatiques, appareils photo	Déclaration de Perte
197	2022-09-08T07:38:19+00:00	Angers Saint-Laud	0087484006	Parapluie télescopique, parapluie de poche	Parapluies	Déclaration de Perte
198	2023-02-15T19:33:02+00:00	Angers Saint-Laud	0087484006	Porte-monnaie, portefeuille	Porte-monnaie / portefeuille, argent, titres	Déclaration de Perte
199	2022-09-12T08:27:24+00:00	Angers Saint-Laud	0087484006	Valise, sac sur roulettes	Bagagerie: sacs, valises, cartables	Déclaration de Perte
200	2014-07-11T13:23:54+00:00	Angers Saint-Laud	0087484006	Vélo	Vélos, trottinettes, accessoires 2 roues	Déclaration de Perte
201	2023-03-16T14:51:07+00:00	Angers Saint-Laud	0087484006	Sacoche pour ordinateur, photo, vidéo	Bagagerie: sacs, valises, cartables	Déclaration de Perte
202	2019-12-12T10:06:21+00:00	Angers Saint-Laud	0087484006	Autres vêtements	Vêtements, chaussures	Déclaration de Perte
203	2022-12-06T18:03:16+00:00	Angers Saint-Laud	0087484006	Valise, sac sur roulettes	Bagagerie: sacs, valises, cartables	Déclaration de Perte
204	2022-12-06T22:09:34+00:00	Angers Saint-Laud	0087484006	Valise, sac sur roulettes	Bagagerie: sacs, valises, cartables	Déclaration de Perte
205	2023-03-17T19:34:50+00:00	Angers Saint-Laud	0087484006	Sac de voyage, sac de sport, sac à bandoulière	Bagagerie: sacs, valises, cartables	Déclaration de Perte
206	2022-09-14T18:00:57+00:00	Angers Saint-Laud	0087484006	Ordinateur, ordinateur portable, notebook protégé (étui, housse,…)	Appareils électroniques, informatiques, appareils photo	Déclaration de Perte
207	2022-09-14T18:41:47+00:00	Angers Saint-Laud	0087484006	Manteau, veste, blazer, parka, blouson, cape	Vêtements, chaussures	Déclaration de Perte
208	2022-12-10T15:22:41+00:00	Angers Saint-Laud	0087484006	Valise, sac sur roulettes	Bagagerie: sacs, valises, cartables	Déclaration de Perte
209	2022-09-16T19:52:48+00:00	Angers Saint-Laud	0087484006	Porte-monnaie, portefeuille	Porte-monnaie / portefeuille, argent, titres	Déclaration de Perte
210	2022-07-29T12:48:07+00:00	Angers Saint-Laud	0087484006	Porte-monnaie, portefeuille	Porte-monnaie / portefeuille, argent, titres	Déclaration de Perte
211	2022-12-14T16:29:23+00:00	Angers Saint-Laud	0087484006	Sac à dos	Bagagerie: sacs, valises, cartables	Déclaration de Perte
212	2014-07-23T09:43:17+00:00	Angers Saint-Laud	0087484006	Clés, porte-clés	Clés, porte-clés, badge magnétique	Déclaration de Perte
213	2022-08-20T18:05:21+00:00	Angers Saint-Laud	0087484006	Autres appareils et accessoires électroniques	Appareils électroniques, informatiques, appareils photo	Déclaration de Perte
214	2022-08-21T10:44:03+00:00	Angers Saint-Laud	0087484006	Téléphone portable	Appareils électroniques, informatiques, appareils photo	Déclaration de Perte
215	2022-12-16T07:34:07+00:00	Angers Saint-Laud	0087484006	Téléphone portable	Appareils électroniques, informatiques, appareils photo	Déclaration de Perte
216	2022-12-16T08:46:24+00:00	Angers Saint-Laud	0087484006	Lunettes en étui	Optique	Déclaration de Perte
217	2022-08-01T21:02:37+00:00	Angers Saint-Laud	0087484006	Valise, sac sur roulettes	Bagagerie: sacs, valises, cartables	Déclaration de Perte
218	2022-08-02T14:41:20+00:00	Angers Saint-Laud	0087484006	Valise, sac sur roulettes	Bagagerie: sacs, valises, cartables	Déclaration de Perte
219	2022-08-05T16:15:08+00:00	Angers Saint-Laud	0087484006	Tablette tactile protégée (étui, housse)	Appareils électroniques, informatiques, appareils photo	Déclaration de Perte
220	2022-08-25T13:59:30+00:00	Angers Saint-Laud	0087484006	Valise, sac sur roulettes	Bagagerie: sacs, valises, cartables	Déclaration de Perte
221	2022-08-27T06:41:22+00:00	Angers Saint-Laud	0087484006	Porte-monnaie, portefeuille	Porte-monnaie / portefeuille, argent, titres	Déclaration de Perte
222	2020-02-21T12:10:43+00:00	Angers Saint-Laud	0087484006	Parapluie télescopique, parapluie de poche	Parapluies	Déclaration de Perte
223	2014-09-22T07:25:06+00:00	Angers Saint-Laud	0087484006	Sac de voyage, sac de sport, sac à bandoulière	Bagagerie: sacs, valises, cartables	Déclaration de Perte
224	2022-08-10T15:10:04+00:00	Angers Saint-Laud	0087484006	Clés, porte-clés	Clés, porte-clés, badge magnétique	Déclaration de Perte
225	2023-01-18T21:19:24+00:00	Angers Saint-Laud	0087484006	Téléphone portable protégé (étui, coque,…)	Appareils électroniques, informatiques, appareils photo	Déclaration de Perte
226	2023-01-20T08:39:57+00:00	Angers Saint-Laud	0087484006	Sac à dos	Bagagerie: sacs, valises, cartables	Déclaration de Perte
227	2022-09-01T16:15:19+00:00	Angers Saint-Laud	0087484006	Ordinateur, ordinateur portable, notebook	Appareils électroniques, informatiques, appareils photo	Déclaration de Perte
228	2023-01-21T10:22:55+00:00	Angers Saint-Laud	0087484006	Ordinateur, ordinateur portable, notebook	Appareils électroniques, informatiques, appareils photo	Déclaration de Perte
229	2022-08-15T15:32:58+00:00	Angers Saint-Laud	0087484006	Manteau, veste, blazer, parka, blouson, cape	Vêtements, chaussures	Déclaration de Perte
230	2020-06-19T14:33:44+00:00	Angers Saint-Laud	0087484006	Sac à dos	Bagagerie: sacs, valises, cartables	Déclaration de Perte
231	2022-08-07T08:43:15+00:00	Angers Saint-Laud	0087484006	Porte-monnaie, portefeuille	Porte-monnaie / portefeuille, argent, titres	Déclaration de Perte
232	2023-02-27T17:18:34+00:00	Angers Saint-Laud	0087484006	Autres articles de papeterie	Livres, articles de papéterie	Déclaration de Perte
233	2022-08-13T19:05:42+00:00	Angers Saint-Laud	0087484006	Sac à dos	Bagagerie: sacs, valises, cartables	Déclaration de Perte
234	2022-08-15T14:07:53+00:00	Angers Saint-Laud	0087484006	AirPod, casque audio, écouteurs	Appareils électroniques, informatiques, appareils photo	Déclaration de Perte
235	2022-08-16T11:39:46+00:00	Angers Saint-Laud	0087484006	Lunettes	Optique	Déclaration de Perte
236	2023-03-03T09:02:29+00:00	Angers Saint-Laud	0087484006	Sac à dos	Bagagerie: sacs, valises, cartables	Déclaration de Perte
237	2022-08-17T06:57:20+00:00	Angers Saint-Laud	0087484006	Téléphone portable protégé (étui, coque,…)	Appareils électroniques, informatiques, appareils photo	Déclaration de Perte
238	2020-07-04T10:32:10+00:00	Angers Saint-Laud	0087484006	Manteau, veste, blazer, parka, blouson, cape	Vêtements, chaussures	Déclaration de Perte
239	2020-07-06T08:10:25+00:00	Angers Saint-Laud	0087484006	Sac à dos	Bagagerie: sacs, valises, cartables	Déclaration de Perte
240	2023-03-04T14:38:35+00:00	Angers Saint-Laud	0087484006	Manteau, veste, blazer, parka, blouson, cape	Vêtements, chaussures	Déclaration de Perte
241	2023-03-06T18:01:58+00:00	Angers Saint-Laud	0087484006	Téléphone portable protégé (étui, coque,…)	Appareils électroniques, informatiques, appareils photo	Déclaration de Perte
242	2020-06-07T09:47:14+00:00	Angers Saint-Laud	0087484006	Sac de voyage, sac de sport, sac à bandoulière	Bagagerie: sacs, valises, cartables	Déclaration de Perte
243	2023-03-01T09:27:44+00:00	Angers Saint-Laud	0087484006	Téléphone portable protégé (étui, coque,…)	Appareils électroniques, informatiques, appareils photo	Déclaration de Perte
244	2022-12-27T08:58:47+00:00	Angers Saint-Laud	0087484006	Porte-monnaie, portefeuille	Porte-monnaie / portefeuille, argent, titres	Déclaration de Perte
245	2020-06-16T13:56:33+00:00	Angers Saint-Laud	0087484006	Chaussures (autre que chaussures de ski et patins)	Vêtements, chaussures	Déclaration de Perte
246	2020-02-10T10:19:55+00:00	Angers Saint-Laud	0087484006	Valise, sac sur roulettes	Bagagerie: sacs, valises, cartables	Déclaration de Perte
247	2022-12-31T13:36:41+00:00	Angers Saint-Laud	0087484006	Sac à dos	Bagagerie: sacs, valises, cartables	Déclaration de Perte
248	2023-01-28T15:09:57+00:00	Angers Saint-Laud	0087484006	Sac à dos	Bagagerie: sacs, valises, cartables	Déclaration de Perte
249	2020-02-12T20:25:56+00:00	Angers Saint-Laud	0087484006	Nécessaire, mallette de toilette, sac de maquillage	Bagagerie: sacs, valises, cartables	Déclaration de Perte
250	2023-01-30T16:27:25+00:00	Angers Saint-Laud	0087484006	Foulard, écharpe	Vêtements, chaussures	Déclaration de Perte
251	2023-02-22T13:49:53+00:00	Angers Saint-Laud	0087484006	Sac à dos	Bagagerie: sacs, valises, cartables	Déclaration de Perte
252	2023-02-23T10:39:38+00:00	Angers Saint-Laud	0087484006	Téléphone portable protégé (étui, coque,…)	Appareils électroniques, informatiques, appareils photo	Déclaration de Perte
253	2023-02-01T20:40:00+00:00	Angers Saint-Laud	0087484006	Sac à dos	Bagagerie: sacs, valises, cartables	Déclaration de Perte
254	2023-02-24T13:51:48+00:00	Angers Saint-Laud	0087484006	Appareil audio portable (lecteur de CD, baladeur MP3, iPod, ... )	Appareils électroniques, informatiques, appareils photo	Déclaration de Perte
255	2022-08-20T17:33:55+00:00	Angers Saint-Laud	0087484006	Tente	Articles de sport, loisirs, camping	Déclaration de Perte
256	2022-08-21T16:58:30+00:00	Angers Saint-Laud	0087484006	Téléphone portable protégé (étui, coque,…)	Appareils électroniques, informatiques, appareils photo	Déclaration de Perte
257	2022-12-24T13:44:43+00:00	Angers Saint-Laud	0087484006	Clé de voiture	Clés, porte-clés, badge magnétique	Déclaration de Perte
258	2022-08-08T07:55:14+00:00	Angers Saint-Laud	0087484006	Téléphone portable	Appareils électroniques, informatiques, appareils photo	Déclaration de Perte
259	2022-08-08T15:14:37+00:00	Angers Saint-Laud	0087484006	Bonnet, chapeau	Vêtements, chaussures	Déclaration de Perte
260	2020-07-29T15:18:57+00:00	Angers Saint-Laud	0087484006	Sac d'enseigne (plastique, papier, …)	Bagagerie: sacs, valises, cartables	Déclaration de Perte
261	2020-12-29T15:54:57+00:00	Angers Saint-Laud	0087484006	Téléphone portable	Appareils électroniques, informatiques, appareils photo	Déclaration de Perte
262	2020-12-30T06:36:33+00:00	Angers Saint-Laud	0087484006	Gants	Vêtements, chaussures	Déclaration de Perte
263	2020-12-30T10:18:50+00:00	Angers Saint-Laud	0087484006	Téléphone portable	Appareils électroniques, informatiques, appareils photo	Déclaration de Perte
264	2020-12-30T15:43:30+00:00	Angers Saint-Laud	0087484006	Sac de voyage, sac de sport, sac à bandoulière	Bagagerie: sacs, valises, cartables	Déclaration de Perte
265	2020-12-30T20:45:38+00:00	Angers Saint-Laud	0087484006	Téléphone portable protégé (étui, coque,…)	Appareils électroniques, informatiques, appareils photo	Déclaration de Perte
266	2023-02-25T20:11:22+00:00	Angers Saint-Laud	0087484006	Sac à dos	Bagagerie: sacs, valises, cartables	Déclaration de Perte
267	2022-08-03T08:45:39+00:00	Angers Saint-Laud	0087484006	Porte-monnaie, portefeuille	Porte-monnaie / portefeuille, argent, titres	Déclaration de Perte
268	2020-08-13T13:08:02+00:00	Angers Saint-Laud	0087484006	Porte-monnaie, portefeuille	Porte-monnaie / portefeuille, argent, titres	Déclaration de Perte
269	2020-11-18T15:49:40+00:00	Angers Saint-Laud	0087484006	Sac de voyage, sac de sport, sac à bandoulière	Bagagerie: sacs, valises, cartables	Déclaration de Perte
270	2020-11-22T15:51:27+00:00	Angers Saint-Laud	0087484006	Porte-monnaie, portefeuille	Porte-monnaie / portefeuille, argent, titres	Déclaration de Perte
271	2018-12-11T14:41:00+00:00	Angers Saint-Laud	0087484006	Téléphone portable	Appareils électroniques, informatiques, appareils photo	Déclaration de Perte
272	2020-11-26T13:28:05+00:00	Angers Saint-Laud	0087484006	Valise, sac sur roulettes	Bagagerie: sacs, valises, cartables	Déclaration de Perte
273	2020-11-27T19:40:50+00:00	Angers Saint-Laud	0087484006	Housse de vêtement	Vêtements, chaussures	Déclaration de Perte
274	2018-12-24T08:28:52+00:00	Angers Saint-Laud	0087484006	Sac à dos	Bagagerie: sacs, valises, cartables	Déclaration de Perte
275	2020-11-29T19:23:12+00:00	Angers Saint-Laud	0087484006	Manteau, veste, blazer, parka, blouson, cape	Vêtements, chaussures	Déclaration de Perte
276	2020-11-30T10:37:55+00:00	Angers Saint-Laud	0087484006	Sac de voyage, sac de sport, sac à bandoulière	Bagagerie: sacs, valises, cartables	Déclaration de Perte
277	2018-12-13T13:46:18+00:00	Angers Saint-Laud	0087484006	Billets SNCF	Pièces d'identités et papiers personnels	Déclaration de Perte
278	2020-12-03T15:37:38+00:00	Angers Saint-Laud	0087484006	Sac à dos	Bagagerie: sacs, valises, cartables	Déclaration de Perte
279	2019-10-16T08:23:43+00:00	Angers Saint-Laud	0087484006	Sac de voyage, sac de sport, sac à bandoulière	Bagagerie: sacs, valises, cartables	Déclaration de Perte
280	2019-10-17T14:20:53+00:00	Angers Saint-Laud	0087484006	Valise, sac sur roulettes	Bagagerie: sacs, valises, cartables	Déclaration de Perte
281	2020-12-19T18:33:53+00:00	Angers Saint-Laud	0087484006	Porte-monnaie, portefeuille	Porte-monnaie / portefeuille, argent, titres	Déclaration de Perte
282	2020-12-20T19:35:56+00:00	Angers Saint-Laud	0087484006	Sac à main	Bagagerie: sacs, valises, cartables	Déclaration de Perte
283	2018-09-04T13:19:27+00:00	Angers Saint-Laud	0087484006	Sac de voyage, sac de sport, sac à bandoulière	Bagagerie: sacs, valises, cartables	Déclaration de Perte
284	2019-01-26T16:51:17+00:00	Angers Saint-Laud	0087484006	Lunettes en étui	Optique	Déclaration de Perte
285	2019-09-27T09:54:49+00:00	Angers Saint-Laud	0087484006	Valise, sac sur roulettes	Bagagerie: sacs, valises, cartables	Déclaration de Perte
286	2018-09-10T14:00:07+00:00	Angers Saint-Laud	0087484006	Autre pièce ou papier personnel	Pièces d'identités et papiers personnels	Déclaration de Perte
287	2018-11-05T13:23:46+00:00	Angers Saint-Laud	0087484006	Porte-monnaie, portefeuille	Porte-monnaie / portefeuille, argent, titres	Déclaration de Perte
288	2023-06-03T10:01:59+00:00	Angers Saint-Laud	0087484006	Sac à dos	Bagagerie: sacs, valises, cartables	Déclaration de Perte
289	2023-06-03T11:41:30+00:00	Angers Saint-Laud	0087484006	Sac à dos	Bagagerie: sacs, valises, cartables	Déclaration de Perte
290	2023-06-04T17:50:11+00:00	Angers Saint-Laud	0087484006	Autres divers	Divers	Déclaration de Perte
291	2023-06-04T17:55:03+00:00	Angers Saint-Laud	0087484006	Autres divers	Divers	Déclaration de Perte
292	2023-06-08T16:21:57+00:00	Angers Saint-Laud	0087484006	Sac de voyage, sac de sport, sac à bandoulière	Bagagerie: sacs, valises, cartables	Déclaration de Perte
293	2023-06-08T19:20:50+00:00	Angers Saint-Laud	0087484006	Sac de voyage, sac de sport, sac à bandoulière	Bagagerie: sacs, valises, cartables	Déclaration de Perte
294	2019-11-28T08:25:52+00:00	Angers Saint-Laud	0087484006	Sac à main	Bagagerie: sacs, valises, cartables	Déclaration de Perte
295	2023-04-29T16:44:25+00:00	Angers Saint-Laud	0087484006	Sac de voyage, sac de sport, sac à bandoulière	Bagagerie: sacs, valises, cartables	Déclaration de Perte
296	2018-08-30T08:02:29+00:00	Angers Saint-Laud	0087484006	Sac à dos	Bagagerie: sacs, valises, cartables	Déclaration de Perte
297	2020-10-18T11:34:29+00:00	Angers Saint-Laud	0087484006	Autres divers	Divers	Déclaration de Perte
298	2023-05-02T08:24:51+00:00	Angers Saint-Laud	0087484006	Sac de voyage, sac de sport, sac à bandoulière	Bagagerie: sacs, valises, cartables	Déclaration de Perte
299	2021-01-06T19:03:13+00:00	Angers Saint-Laud	0087484006	Valise, sac sur roulettes	Bagagerie: sacs, valises, cartables	Déclaration de Perte
300	2021-01-07T16:19:17+00:00	Angers Saint-Laud	0087484006	Téléphone portable protégé (étui, coque,…)	Appareils électroniques, informatiques, appareils photo	Déclaration de Perte
301	2023-05-04T19:57:50+00:00	Angers Saint-Laud	0087484006	Valise, sac sur roulettes	Bagagerie: sacs, valises, cartables	Déclaration de Perte
302	2018-10-08T10:21:46+00:00	Angers Saint-Laud	0087484006	Autres divers	Divers	Déclaration de Perte
303	2021-01-16T14:45:29+00:00	Angers Saint-Laud	0087484006	Casque (vélo, moto)	Vélos, trottinettes, accessoires 2 roues	Déclaration de Perte
304	2023-05-09T19:02:53+00:00	Angers Saint-Laud	0087484006	Valise, sac sur roulettes	Bagagerie: sacs, valises, cartables	Déclaration de Perte
305	2021-01-18T17:09:04+00:00	Angers Saint-Laud	0087484006	Porte-monnaie, portefeuille	Porte-monnaie / portefeuille, argent, titres	Déclaration de Perte
306	2021-01-20T13:47:09+00:00	Angers Saint-Laud	0087484006	Sac d'enseigne (plastique, papier, …)	Bagagerie: sacs, valises, cartables	Déclaration de Perte
307	2020-10-09T15:38:53+00:00	Angers Saint-Laud	0087484006	Sac à dos	Bagagerie: sacs, valises, cartables	Déclaration de Perte
308	2020-10-10T08:42:40+00:00	Angers Saint-Laud	0087484006	Carte d'abonnement	Pièces d'identités et papiers personnels	Déclaration de Perte
309	2020-10-12T07:21:16+00:00	Angers Saint-Laud	0087484006	Sac à dos	Bagagerie: sacs, valises, cartables	Déclaration de Perte
310	2020-10-12T11:52:13+00:00	Angers Saint-Laud	0087484006	Valise, sac sur roulettes	Bagagerie: sacs, valises, cartables	Déclaration de Perte
311	2020-10-15T10:04:33+00:00	Angers Saint-Laud	0087484006	Sac à main	Bagagerie: sacs, valises, cartables	Déclaration de Perte
312	2020-08-26T16:22:23+00:00	Angers Saint-Laud	0087484006	Téléphone portable protégé (étui, coque,…)	Appareils électroniques, informatiques, appareils photo	Déclaration de Perte
313	2018-09-26T05:48:01+00:00	Angers Saint-Laud	0087484006	Téléphone portable	Appareils électroniques, informatiques, appareils photo	Déclaration de Perte
314	2019-01-30T09:51:45+00:00	Angers Saint-Laud	0087484006	Carte d'identité, passeport, permis de conduire	Pièces d'identités et papiers personnels	Déclaration de Perte
315	2020-08-28T20:32:33+00:00	Angers Saint-Laud	0087484006	Valise, sac sur roulettes	Bagagerie: sacs, valises, cartables	Déclaration de Perte
316	2020-08-29T09:04:15+00:00	Angers Saint-Laud	0087484006	Porte-monnaie, portefeuille	Porte-monnaie / portefeuille, argent, titres	Déclaration de Perte
317	2020-10-28T16:07:59+00:00	Angers Saint-Laud	0087484006	Sac à dos	Bagagerie: sacs, valises, cartables	Déclaration de Perte
318	2020-11-02T12:46:21+00:00	Angers Saint-Laud	0087484006	Manteau, veste, blazer, parka, blouson, cape	Vêtements, chaussures	Déclaration de Perte
319	2023-06-16T16:09:40+00:00	Angers Saint-Laud	0087484006	Sac à dos	Bagagerie: sacs, valises, cartables	Déclaration de Perte
320	2021-01-22T17:07:33+00:00	Angers Saint-Laud	0087484006	Téléphone portable protégé (étui, coque,…)	Appareils électroniques, informatiques, appareils photo	Déclaration de Perte
321	2020-08-21T08:26:25+00:00	Angers Saint-Laud	0087484006	Parapluie-canne, parapluie à bandoulière	Parapluies	Déclaration de Perte
322	2014-10-22T13:25:23+00:00	Angers Saint-Laud	0087484006	Porte-monnaie, portefeuille	Porte-monnaie / portefeuille, argent, titres	Déclaration de Perte
323	2023-05-22T08:46:09+00:00	Angers Saint-Laud	0087484006	Attaché-case, serviette	Bagagerie: sacs, valises, cartables	Déclaration de Perte
324	2021-01-27T11:17:57+00:00	Angers Saint-Laud	0087484006	Sac d'enseigne (plastique, papier, …)	Bagagerie: sacs, valises, cartables	Déclaration de Perte
325	2023-05-26T10:49:56+00:00	Angers Saint-Laud	0087484006	Téléphone portable	Appareils électroniques, informatiques, appareils photo	Déclaration de Perte
326	2019-01-25T09:02:44+00:00	Angers Saint-Laud	0087484006	Cartable à dessins, pochette à dessins	Livres, articles de papéterie	Déclaration de Perte
327	2020-09-30T12:32:55+00:00	Angers Saint-Laud	0087484006	Porte-monnaie, portefeuille	Porte-monnaie / portefeuille, argent, titres	Déclaration de Perte
328	2020-10-18T16:27:47+00:00	Angers Saint-Laud	0087484006	Sac de voyage, sac de sport, sac à bandoulière	Bagagerie: sacs, valises, cartables	Déclaration de Perte
329	2020-10-19T12:26:00+00:00	Angers Saint-Laud	0087484006	Manteau, veste, blazer, parka, blouson, cape	Vêtements, chaussures	Déclaration de Perte
330	2020-10-02T15:00:35+00:00	Angers Saint-Laud	0087484006	Sac à main	Bagagerie: sacs, valises, cartables	Déclaration de Perte
331	2020-09-12T18:36:42+00:00	Angers Saint-Laud	0087484006	Porte-monnaie, portefeuille	Porte-monnaie / portefeuille, argent, titres	Déclaration de Perte
332	2020-09-12T18:45:28+00:00	Angers Saint-Laud	0087484006	Lunettes	Optique	Déclaration de Perte
333	2020-10-23T15:13:38+00:00	Angers Saint-Laud	0087484006	Sac à dos	Bagagerie: sacs, valises, cartables	Déclaration de Perte
334	2020-10-28T19:51:00+00:00	Angers Saint-Laud	0087484006	Valise, sac sur roulettes	Bagagerie: sacs, valises, cartables	Déclaration de Perte
335	2020-10-28T21:38:58+00:00	Angers Saint-Laud	0087484006	Valise, sac sur roulettes	Bagagerie: sacs, valises, cartables	Déclaration de Perte
336	2020-08-31T13:01:54+00:00	Angers Saint-Laud	0087484006	Téléphone portable	Appareils électroniques, informatiques, appareils photo	Déclaration de Perte
337	2023-03-13T16:50:23+00:00	Angers Saint-Laud	0087484006	Sac à dos	Bagagerie: sacs, valises, cartables	Déclaration de Perte
338	2020-09-03T18:51:10+00:00	Angers Saint-Laud	0087484006	Porte-monnaie, portefeuille	Porte-monnaie / portefeuille, argent, titres	Déclaration de Perte
339	2019-10-15T07:13:10+00:00	Angers Saint-Laud	0087484006	Sac à dos	Bagagerie: sacs, valises, cartables	Déclaration de Perte
340	2019-10-15T09:39:15+00:00	Angers Saint-Laud	0087484006	Autres divers	Divers	Déclaration de Perte
341	2023-03-17T13:56:30+00:00	Angers Saint-Laud	0087484006	Article de papéterie, stylo, classeur	Livres, articles de papéterie	Déclaration de Perte
342	2020-08-03T15:32:36+00:00	Angers Saint-Laud	0087484006	Vélo	Vélos, trottinettes, accessoires 2 roues	Déclaration de Perte
343	2020-08-04T10:32:54+00:00	Angers Saint-Laud	0087484006	Sac à dos	Bagagerie: sacs, valises, cartables	Déclaration de Perte
344	2023-03-20T14:29:20+00:00	Angers Saint-Laud	0087484006	Porte-monnaie, portefeuille	Porte-monnaie / portefeuille, argent, titres	Déclaration de Perte
345	2020-08-07T07:22:14+00:00	Angers Saint-Laud	0087484006	Lunettes	Optique	Déclaration de Perte
346	2023-03-22T11:35:03+00:00	Angers Saint-Laud	0087484006	Sac à dos	Bagagerie: sacs, valises, cartables	Déclaration de Perte
347	2020-08-09T19:37:40+00:00	Angers Saint-Laud	0087484006	Autres divers	Divers	Déclaration de Perte
348	2020-08-12T16:29:25+00:00	Angers Saint-Laud	0087484006	Valise, sac sur roulettes	Bagagerie: sacs, valises, cartables	Déclaration de Perte
349	2022-07-31T10:57:00+00:00	Angers Saint-Laud	0087484006	Sac de voyage, sac de sport, sac à bandoulière	Bagagerie: sacs, valises, cartables	Déclaration de Perte
350	2020-08-13T08:32:34+00:00	Angers Saint-Laud	0087484006	Valise, sac sur roulettes	Bagagerie: sacs, valises, cartables	Déclaration de Perte
351	2015-01-27T10:57:27+00:00	Angers Saint-Laud	0087484006	Téléphone portable	Appareils électroniques, informatiques, appareils photo	Déclaration de Perte
352	2019-01-02T11:15:59+00:00	Angers Saint-Laud	0087484006	Porte-monnaie, portefeuille	Porte-monnaie / portefeuille, argent, titres	Déclaration de Perte
353	2022-08-01T21:36:57+00:00	Angers Saint-Laud	0087484006	Téléphone portable protégé (étui, coque,…)	Appareils électroniques, informatiques, appareils photo	Déclaration de Perte
354	2022-08-02T05:12:20+00:00	Angers Saint-Laud	0087484006	Lunettes en étui	Optique	Déclaration de Perte
355	2019-01-03T07:46:16+00:00	Angers Saint-Laud	0087484006	Sac de voyage, sac de sport, sac à bandoulière	Bagagerie: sacs, valises, cartables	Déclaration de Perte
356	2022-08-24T19:51:27+00:00	Angers Saint-Laud	0087484006	Sac de voyage, sac de sport, sac à bandoulière	Bagagerie: sacs, valises, cartables	Déclaration de Perte
357	2018-09-07T10:44:22+00:00	Angers Saint-Laud	0087484006	Sacoche ventrale, banane	Bagagerie: sacs, valises, cartables	Déclaration de Perte
358	2022-08-26T14:07:12+00:00	Angers Saint-Laud	0087484006	Autres appareils et accessoires électroniques	Appareils électroniques, informatiques, appareils photo	Déclaration de Perte
359	2018-09-10T13:18:54+00:00	Angers Saint-Laud	0087484006	Chéquier	Porte-monnaie / portefeuille, argent, titres	Déclaration de Perte
360	2022-08-28T14:30:57+00:00	Angers Saint-Laud	0087484006	Manteau, veste, blazer, parka, blouson, cape	Vêtements, chaussures	Déclaration de Perte
361	2022-08-30T10:42:40+00:00	Angers Saint-Laud	0087484006	Sac à dos	Bagagerie: sacs, valises, cartables	Déclaration de Perte
362	2019-01-14T07:40:38+00:00	Angers Saint-Laud	0087484006	Sac à dos	Bagagerie: sacs, valises, cartables	Déclaration de Perte
363	2018-11-12T13:55:31+00:00	Angers Saint-Laud	0087484006	Porte-monnaie, portefeuille	Porte-monnaie / portefeuille, argent, titres	Déclaration de Perte
364	2019-01-17T10:50:49+00:00	Angers Saint-Laud	0087484006	Casque (vélo, moto)	Vélos, trottinettes, accessoires 2 roues	Déclaration de Perte
365	2018-09-18T15:19:26+00:00	Angers Saint-Laud	0087484006	Porte-monnaie, portefeuille	Porte-monnaie / portefeuille, argent, titres	Déclaration de Perte
366	2023-03-01T16:47:12+00:00	Angers Saint-Laud	0087484006	Clés, porte-clés	Clés, porte-clés, badge magnétique	Déclaration de Perte
367	2020-02-10T17:23:29+00:00	Angers Saint-Laud	0087484006	Clés, porte-clés	Clés, porte-clés, badge magnétique	Déclaration de Perte
368	2023-03-03T13:58:14+00:00	Angers Saint-Laud	0087484006	Sac à dos	Bagagerie: sacs, valises, cartables	Déclaration de Perte
369	2020-02-11T07:24:09+00:00	Angers Saint-Laud	0087484006	Sac à dos	Bagagerie: sacs, valises, cartables	Déclaration de Perte
370	2020-02-12T15:22:58+00:00	Angers Saint-Laud	0087484006	Téléphone portable	Appareils électroniques, informatiques, appareils photo	Déclaration de Perte
371	2021-02-02T07:33:25+00:00	Angers Saint-Laud	0087484006	Sac de voyage, sac de sport, sac à bandoulière	Bagagerie: sacs, valises, cartables	Déclaration de Perte
372	2021-02-03T12:48:29+00:00	Angers Saint-Laud	0087484006	Lunettes	Optique	Déclaration de Perte
373	2020-02-14T17:00:36+00:00	Angers Saint-Laud	0087484006	Téléphone portable	Appareils électroniques, informatiques, appareils photo	Déclaration de Perte
374	2021-02-04T18:53:14+00:00	Angers Saint-Laud	0087484006	Autres divers	Divers	Déclaration de Perte
375	2014-11-25T09:14:01+00:00	Angers Saint-Laud	0087484006	Sac de voyage, sac de sport, sac à bandoulière	Bagagerie: sacs, valises, cartables	Déclaration de Perte
376	2020-02-17T08:48:06+00:00	Angers Saint-Laud	0087484006	Vélo	Vélos, trottinettes, accessoires 2 roues	Déclaration de Perte
377	2021-02-06T09:23:50+00:00	Angers Saint-Laud	0087484006	Sac à dos	Bagagerie: sacs, valises, cartables	Déclaration de Perte
378	2022-09-11T18:45:24+00:00	Angers Saint-Laud	0087484006	Téléphone portable protégé (étui, coque,…)	Appareils électroniques, informatiques, appareils photo	Déclaration de Perte
379	2020-02-17T16:41:50+00:00	Angers Saint-Laud	0087484006	Pièce d'identité personnelle et autre	Pièces d'identités et papiers personnels	Déclaration de Perte
380	2021-02-06T16:14:18+00:00	Angers Saint-Laud	0087484006	Sac à dos	Bagagerie: sacs, valises, cartables	Déclaration de Perte
381	2021-02-06T17:24:37+00:00	Angers Saint-Laud	0087484006	Porte-monnaie, portefeuille	Porte-monnaie / portefeuille, argent, titres	Déclaration de Perte
382	2022-09-12T06:18:25+00:00	Angers Saint-Laud	0087484006	Porte-monnaie, portefeuille	Porte-monnaie / portefeuille, argent, titres	Déclaration de Perte
383	2022-09-12T10:38:28+00:00	Angers Saint-Laud	0087484006	Valise, sac sur roulettes	Bagagerie: sacs, valises, cartables	Déclaration de Perte
384	2014-11-04T14:28:43+00:00	Angers Saint-Laud	0087484006	Autre livre	Livres, articles de papéterie	Déclaration de Perte
385	2023-04-01T11:33:26+00:00	Angers Saint-Laud	0087484006	Diplôme, papiers personnels	Pièces d'identités et papiers personnels	Déclaration de Perte
386	2022-08-05T16:23:50+00:00	Angers Saint-Laud	0087484006	Lunettes	Optique	Déclaration de Perte
387	2022-09-13T14:31:33+00:00	Angers Saint-Laud	0087484006	Clés, porte-clés	Clés, porte-clés, badge magnétique	Déclaration de Perte
388	2020-02-21T08:27:22+00:00	Angers Saint-Laud	0087484006	Sac de voyage, sac de sport, sac à bandoulière	Bagagerie: sacs, valises, cartables	Déclaration de Perte
389	2020-02-21T10:37:17+00:00	Angers Saint-Laud	0087484006	Téléphone portable	Appareils électroniques, informatiques, appareils photo	Déclaration de Perte
390	2022-08-08T06:30:41+00:00	Angers Saint-Laud	0087484006	Autres vêtements	Vêtements, chaussures	Déclaration de Perte
391	2020-02-23T11:53:01+00:00	Angers Saint-Laud	0087484006	Porte-monnaie, portefeuille	Porte-monnaie / portefeuille, argent, titres	Déclaration de Perte
392	2020-02-26T17:20:47+00:00	Angers Saint-Laud	0087484006	Téléphone portable protégé (étui, coque,…)	Appareils électroniques, informatiques, appareils photo	Déclaration de Perte
393	2022-10-03T06:49:32+00:00	Angers Saint-Laud	0087484006	Téléphone portable protégé (étui, coque,…)	Appareils électroniques, informatiques, appareils photo	Déclaration de Perte
394	2022-10-03T18:47:23+00:00	Angers Saint-Laud	0087484006	Sac d'enseigne (plastique, papier, …)	Bagagerie: sacs, valises, cartables	Déclaration de Perte
395	2022-10-04T04:58:14+00:00	Angers Saint-Laud	0087484006	Sac de voyage, sac de sport, sac à bandoulière	Bagagerie: sacs, valises, cartables	Déclaration de Perte
396	2023-04-11T10:40:51+00:00	Angers Saint-Laud	0087484006	Sac à main	Bagagerie: sacs, valises, cartables	Déclaration de Perte
397	2023-04-12T12:19:18+00:00	Angers Saint-Laud	0087484006	Valise, sac sur roulettes	Bagagerie: sacs, valises, cartables	Déclaration de Perte
398	2021-02-08T10:46:05+00:00	Angers Saint-Laud	0087484006	Valise, sac sur roulettes	Bagagerie: sacs, valises, cartables	Déclaration de Perte
399	2021-02-12T07:38:48+00:00	Angers Saint-Laud	0087484006	Sac à main	Bagagerie: sacs, valises, cartables	Déclaration de Perte
400	2023-05-06T14:01:07+00:00	Angers Saint-Laud	0087484006	Valise, sac sur roulettes	Bagagerie: sacs, valises, cartables	Déclaration de Perte
401	2022-08-15T20:58:42+00:00	Angers Saint-Laud	0087484006	Nécessaire, mallette de toilette, sac de maquillage	Bagagerie: sacs, valises, cartables	Déclaration de Perte
402	2019-01-02T11:39:13+00:00	Angers Saint-Laud	0087484006	Valise, sac sur roulettes	Bagagerie: sacs, valises, cartables	Déclaration de Perte
403	2021-02-13T19:02:28+00:00	Angers Saint-Laud	0087484006	Sac à dos	Bagagerie: sacs, valises, cartables	Déclaration de Perte
404	2022-10-14T20:31:43+00:00	Angers Saint-Laud	0087484006	Carte de crédit	Porte-monnaie / portefeuille, argent, titres	Déclaration de Perte
405	2021-02-15T18:16:25+00:00	Angers Saint-Laud	0087484006	Livre scolaire	Livres, articles de papéterie	Déclaration de Perte
406	2022-09-18T12:59:12+00:00	Angers Saint-Laud	0087484006	Téléphone portable	Appareils électroniques, informatiques, appareils photo	Déclaration de Perte
407	2019-01-07T12:55:31+00:00	Angers Saint-Laud	0087484006	Sac à dos	Bagagerie: sacs, valises, cartables	Déclaration de Perte
408	2019-01-09T14:24:02+00:00	Angers Saint-Laud	0087484006	Valise, sac sur roulettes	Bagagerie: sacs, valises, cartables	Déclaration de Perte
409	2019-01-09T15:24:36+00:00	Angers Saint-Laud	0087484006	Valise, sac sur roulettes	Bagagerie: sacs, valises, cartables	Déclaration de Perte
410	2023-04-04T17:08:28+00:00	Angers Saint-Laud	0087484006	Sac à dos	Bagagerie: sacs, valises, cartables	Déclaration de Perte
411	2023-02-19T21:06:55+00:00	Angers Saint-Laud	0087484006	Attaché-case, serviette	Bagagerie: sacs, valises, cartables	Déclaration de Perte
412	2023-04-05T17:51:21+00:00	Angers Saint-Laud	0087484006	Valise, sac sur roulettes	Bagagerie: sacs, valises, cartables	Déclaration de Perte
413	2023-04-06T15:32:58+00:00	Angers Saint-Laud	0087484006	Sac de voyage, sac de sport, sac à bandoulière	Bagagerie: sacs, valises, cartables	Déclaration de Perte
414	2023-04-08T08:15:27+00:00	Angers Saint-Laud	0087484006	Sac d'enseigne (plastique, papier, …)	Bagagerie: sacs, valises, cartables	Déclaration de Perte
415	2023-04-08T11:43:10+00:00	Angers Saint-Laud	0087484006	Sac à dos	Bagagerie: sacs, valises, cartables	Déclaration de Perte
416	2022-10-21T21:28:29+00:00	Angers Saint-Laud	0087484006	Téléphone portable	Appareils électroniques, informatiques, appareils photo	Déclaration de Perte
417	2022-10-23T21:24:28+00:00	Angers Saint-Laud	0087484006	Sac à dos	Bagagerie: sacs, valises, cartables	Déclaration de Perte
418	2022-09-27T14:37:07+00:00	Angers Saint-Laud	0087484006	Gants	Vêtements, chaussures	Déclaration de Perte
419	2023-04-12T07:37:30+00:00	Angers Saint-Laud	0087484006	Cigarette électronique	Divers	Déclaration de Perte
420	2019-01-02T13:31:02+00:00	Angers Saint-Laud	0087484006	Porte-monnaie, portefeuille	Porte-monnaie / portefeuille, argent, titres	Déclaration de Perte
421	2023-05-14T21:10:09+00:00	Angers Saint-Laud	0087484006	Valise, sac sur roulettes	Bagagerie: sacs, valises, cartables	Déclaration de Perte
422	2019-01-04T14:53:05+00:00	Angers Saint-Laud	0087484006	Sac d'enseigne (plastique, papier, …)	Bagagerie: sacs, valises, cartables	Déclaration de Perte
423	2022-10-26T19:52:15+00:00	Angers Saint-Laud	0087484006	Sac de voyage, sac de sport, sac à bandoulière	Bagagerie: sacs, valises, cartables	Déclaration de Perte
424	2022-10-27T18:13:54+00:00	Angers Saint-Laud	0087484006	Sac à dos	Bagagerie: sacs, valises, cartables	Déclaration de Perte
425	2023-05-23T21:01:41+00:00	Angers Saint-Laud	0087484006	AirPod, casque audio, écouteurs	Appareils électroniques, informatiques, appareils photo	Déclaration de Perte
426	2023-06-28T20:04:17+00:00	Angers Saint-Laud	0087484006	Manteau, veste, blazer, parka, blouson, cape	Vêtements, chaussures	Déclaration de Perte
427	2022-07-31T18:59:31+00:00	Angers Saint-Laud	0087484006	Sacoche ventrale, banane	Bagagerie: sacs, valises, cartables	Déclaration de Perte
428	2023-06-30T21:24:58+00:00	Angers Saint-Laud	0087484006	Ordinateur, ordinateur portable, notebook protégé (étui, housse,…)	Appareils électroniques, informatiques, appareils photo	Déclaration de Perte
429	2019-01-17T07:17:43+00:00	Angers Saint-Laud	0087484006	Téléphone portable	Appareils électroniques, informatiques, appareils photo	Déclaration de Perte
430	2023-05-20T12:42:10+00:00	Angers Saint-Laud	0087484006	Sac à dos	Bagagerie: sacs, valises, cartables	Déclaration de Perte
431	2022-08-01T18:13:10+00:00	Angers Saint-Laud	0087484006	Valise, sac sur roulettes	Bagagerie: sacs, valises, cartables	Déclaration de Perte
432	2022-08-02T16:00:02+00:00	Angers Saint-Laud	0087484006	Sacoche ventrale, banane	Bagagerie: sacs, valises, cartables	Déclaration de Perte
433	2023-07-05T12:34:02+00:00	Angers Saint-Laud	0087484006	Sac à dos	Bagagerie: sacs, valises, cartables	Déclaration de Perte
434	2023-02-08T11:32:37+00:00	Angers Saint-Laud	0087484006	Sac de voyage, sac de sport, sac à bandoulière	Bagagerie: sacs, valises, cartables	Déclaration de Perte
435	2023-02-10T16:52:09+00:00	Angers Saint-Laud	0087484006	Bonnet, chapeau	Vêtements, chaussures	Déclaration de Perte
436	2023-07-08T12:21:15+00:00	Angers Saint-Laud	0087484006	Housse de vêtement	Vêtements, chaussures	Déclaration de Perte
437	2022-10-20T12:15:20+00:00	Angers Saint-Laud	0087484006	Valise, sac sur roulettes	Bagagerie: sacs, valises, cartables	Déclaration de Perte
438	2022-10-21T14:32:24+00:00	Angers Saint-Laud	0087484006	Sac à dos	Bagagerie: sacs, valises, cartables	Déclaration de Perte
439	2022-11-02T15:37:00+00:00	Angers Saint-Laud	0087484006	Sac de voyage, sac de sport, sac à bandoulière	Bagagerie: sacs, valises, cartables	Déclaration de Perte
440	2023-02-14T11:28:21+00:00	Angers Saint-Laud	0087484006	Sac à dos	Bagagerie: sacs, valises, cartables	Déclaration de Perte
441	2021-02-24T08:48:40+00:00	Angers Saint-Laud	0087484006	Porte-monnaie, portefeuille	Porte-monnaie / portefeuille, argent, titres	Déclaration de Perte
442	2022-10-24T12:55:48+00:00	Angers Saint-Laud	0087484006	Sac à dos	Bagagerie: sacs, valises, cartables	Déclaration de Perte
443	2022-10-24T15:27:07+00:00	Angers Saint-Laud	0087484006	Pièce d'identité personnelle et autre	Pièces d'identités et papiers personnels	Déclaration de Perte
444	2023-02-16T21:40:38+00:00	Angers Saint-Laud	0087484006	Valise, sac sur roulettes	Bagagerie: sacs, valises, cartables	Déclaration de Perte
445	2022-10-25T17:43:20+00:00	Angers Saint-Laud	0087484006	Sac de voyage, sac de sport, sac à bandoulière	Bagagerie: sacs, valises, cartables	Déclaration de Perte
446	2021-02-27T23:30:28+00:00	Angers Saint-Laud	0087484006	Sac à dos	Bagagerie: sacs, valises, cartables	Déclaration de Perte
447	2022-09-28T18:12:32+00:00	Angers Saint-Laud	0087484006	Sac d'enseigne (plastique, papier, …)	Bagagerie: sacs, valises, cartables	Déclaration de Perte
448	2021-03-03T13:51:01+00:00	Angers Saint-Laud	0087484006	Clés, porte-clés	Clés, porte-clés, badge magnétique	Déclaration de Perte
449	2021-03-03T17:18:19+00:00	Angers Saint-Laud	0087484006	Téléphone portable	Appareils électroniques, informatiques, appareils photo	Déclaration de Perte
450	2022-08-19T16:21:38+00:00	Angers Saint-Laud	0087484006	Siège auto	Divers	Déclaration de Perte
451	2022-08-20T19:27:29+00:00	Angers Saint-Laud	0087484006	Sacoche ventrale, banane	Bagagerie: sacs, valises, cartables	Déclaration de Perte
452	2022-11-10T13:48:22+00:00	Angers Saint-Laud	0087484006	Sac de voyage, sac de sport, sac à bandoulière	Bagagerie: sacs, valises, cartables	Déclaration de Perte
453	2021-03-08T07:35:30+00:00	Angers Saint-Laud	0087484006	Sac de voyage, sac de sport, sac à bandoulière	Bagagerie: sacs, valises, cartables	Déclaration de Perte
454	2022-11-16T18:08:05+00:00	Angers Saint-Laud	0087484006	Valise, sac sur roulettes	Bagagerie: sacs, valises, cartables	Déclaration de Perte
455	2022-11-16T19:57:53+00:00	Angers Saint-Laud	0087484006	Casque (vélo, moto)	Vélos, trottinettes, accessoires 2 roues	Déclaration de Perte
456	2021-03-09T13:06:20+00:00	Angers Saint-Laud	0087484006	Carte de crédit	Porte-monnaie / portefeuille, argent, titres	Déclaration de Perte
457	2021-03-09T15:39:24+00:00	Angers Saint-Laud	0087484006	Sac à dos	Bagagerie: sacs, valises, cartables	Déclaration de Perte
458	2022-11-19T17:19:14+00:00	Angers Saint-Laud	0087484006	Bonnet, chapeau	Vêtements, chaussures	Déclaration de Perte
459	2022-11-19T18:34:35+00:00	Angers Saint-Laud	0087484006	Sacs de couchage, duvet	Articles de sport, loisirs, camping	Déclaration de Perte
460	2023-07-26T09:08:56+00:00	Angers Saint-Laud	0087484006	Ordinateur, ordinateur portable, notebook	Appareils électroniques, informatiques, appareils photo	Déclaration de Perte
461	2023-07-13T07:10:06+00:00	Angers Saint-Laud	0087484006	Sac à main	Bagagerie: sacs, valises, cartables	Déclaration de Perte
462	2023-07-13T07:33:43+00:00	Angers Saint-Laud	0087484006	Sac à dos	Bagagerie: sacs, valises, cartables	Déclaration de Perte
463	2022-11-22T07:43:34+00:00	Angers Saint-Laud	0087484006	Parapluie télescopique, parapluie de poche	Parapluies	Déclaration de Perte
464	2022-08-27T10:19:19+00:00	Angers Saint-Laud	0087484006	Lunettes	Optique	Déclaration de Perte
465	2022-11-23T11:42:55+00:00	Angers Saint-Laud	0087484006	Foulard, écharpe	Vêtements, chaussures	Déclaration de Perte
466	2019-01-02T10:51:16+00:00	Angers Saint-Laud	0087484006	Sacoche ventrale, banane	Bagagerie: sacs, valises, cartables	Déclaration de Perte
467	2023-07-16T13:23:56+00:00	Angers Saint-Laud	0087484006	Sac à main	Bagagerie: sacs, valises, cartables	Déclaration de Perte
468	2020-08-07T07:22:17+00:00	Angers Saint-Laud	0087484006	Lunettes	Optique	Déclaration de Perte
469	2022-11-25T10:22:00+00:00	Angers Saint-Laud	0087484006	AirPod, casque audio, écouteurs	Appareils électroniques, informatiques, appareils photo	Déclaration de Perte
470	2022-11-25T18:00:48+00:00	Angers Saint-Laud	0087484006	Sac d'enseigne (plastique, papier, …)	Bagagerie: sacs, valises, cartables	Déclaration de Perte
471	2022-11-25T21:26:24+00:00	Angers Saint-Laud	0087484006	Valise, sac sur roulettes	Bagagerie: sacs, valises, cartables	Déclaration de Perte
472	2023-07-13T08:05:18+00:00	Angers Saint-Laud	0087484006	Sacoche pour ordinateur, photo, vidéo	Bagagerie: sacs, valises, cartables	Déclaration de Perte
473	2022-09-02T15:22:46+00:00	Angers Saint-Laud	0087484006	Téléphone portable	Appareils électroniques, informatiques, appareils photo	Déclaration de Perte
474	2022-09-02T17:48:33+00:00	Angers Saint-Laud	0087484006	Sac d'enseigne (plastique, papier, …)	Bagagerie: sacs, valises, cartables	Déclaration de Perte
475	2022-09-02T19:59:29+00:00	Angers Saint-Laud	0087484006	Manteau, veste, blazer, parka, blouson, cape	Vêtements, chaussures	Déclaration de Perte
476	2019-01-10T09:48:15+00:00	Angers Saint-Laud	0087484006	Agenda, calendrier	Livres, articles de papéterie	Déclaration de Perte
477	2022-11-14T10:57:22+00:00	Angers Saint-Laud	0087484006	Téléphone portable	Appareils électroniques, informatiques, appareils photo	Déclaration de Perte
478	2022-11-14T15:45:14+00:00	Angers Saint-Laud	0087484006	Lunettes	Optique	Déclaration de Perte
479	2022-11-15T08:26:37+00:00	Angers Saint-Laud	0087484006	Sac de voyage, sac de sport, sac à bandoulière	Bagagerie: sacs, valises, cartables	Déclaration de Perte
480	2022-11-30T05:03:10+00:00	Angers Saint-Laud	0087484006	Sacoche ventrale, banane	Bagagerie: sacs, valises, cartables	Déclaration de Perte
481	2019-01-17T13:50:33+00:00	Angers Saint-Laud	0087484006	Sac à dos	Bagagerie: sacs, valises, cartables	Déclaration de Perte
482	2023-07-19T13:51:47+00:00	Angers Saint-Laud	0087484006	Accessoires 2 roues	Vélos, trottinettes, accessoires 2 roues	Déclaration de Perte
483	2022-11-18T20:55:43+00:00	Angers Saint-Laud	0087484006	Casque (vélo, moto)	Vélos, trottinettes, accessoires 2 roues	Déclaration de Perte
484	2023-02-03T20:46:42+00:00	Angers Saint-Laud	0087484006	Téléphone portable protégé (étui, coque,…)	Appareils électroniques, informatiques, appareils photo	Déclaration de Perte
485	2023-02-04T05:08:25+00:00	Angers Saint-Laud	0087484006	Sac à main	Bagagerie: sacs, valises, cartables	Déclaration de Perte
486	2022-12-04T21:25:58+00:00	Angers Saint-Laud	0087484006	Sac d'enseigne (plastique, papier, …)	Bagagerie: sacs, valises, cartables	Déclaration de Perte
487	2022-09-12T10:28:04+00:00	Angers Saint-Laud	0087484006	Valise, sac sur roulettes	Bagagerie: sacs, valises, cartables	Déclaration de Perte
488	2022-11-21T08:29:51+00:00	Angers Saint-Laud	0087484006	Porte-monnaie, portefeuille	Porte-monnaie / portefeuille, argent, titres	Déclaration de Perte
489	2022-09-14T06:22:43+00:00	Angers Saint-Laud	0087484006	Sac à dos	Bagagerie: sacs, valises, cartables	Déclaration de Perte
490	2022-09-14T08:13:42+00:00	Angers Saint-Laud	0087484006	Sacoche ventrale, banane	Bagagerie: sacs, valises, cartables	Déclaration de Perte
491	2022-11-23T09:36:56+00:00	Angers Saint-Laud	0087484006	Lunettes	Optique	Déclaration de Perte
492	2023-02-08T20:10:19+00:00	Angers Saint-Laud	0087484006	Sac à dos	Bagagerie: sacs, valises, cartables	Déclaration de Perte
493	2022-09-16T10:31:36+00:00	Angers Saint-Laud	0087484006	Manteau, veste, blazer, parka, blouson, cape	Vêtements, chaussures	Déclaration de Perte
494	2023-02-12T14:07:06+00:00	Angers Saint-Laud	0087484006	Carte d'abonnement	Pièces d'identités et papiers personnels	Déclaration de Perte
495	2022-09-17T17:44:08+00:00	Angers Saint-Laud	0087484006	Guitare	Instruments de musique	Déclaration de Perte
496	2022-11-11T06:01:45+00:00	Angers Saint-Laud	0087484006	Porte-monnaie, portefeuille	Porte-monnaie / portefeuille, argent, titres	Déclaration de Perte
497	2023-02-14T10:00:43+00:00	Angers Saint-Laud	0087484006	Sac de voyage, sac de sport, sac à bandoulière	Bagagerie: sacs, valises, cartables	Déclaration de Perte
498	2023-06-22T07:11:17+00:00	Angers Saint-Laud	0087484006	Sac à dos	Bagagerie: sacs, valises, cartables	Déclaration de Perte
499	2022-10-31T15:29:01+00:00	Angers Saint-Laud	0087484006	Livre de poche	Livres, articles de papéterie	Déclaration de Perte
500	2022-10-31T20:11:33+00:00	Angers Saint-Laud	0087484006	Sac d'enseigne (plastique, papier, …)	Bagagerie: sacs, valises, cartables	Déclaration de Perte
501	2022-11-01T20:36:51+00:00	Angers Saint-Laud	0087484006	Valise, sac sur roulettes	Bagagerie: sacs, valises, cartables	Déclaration de Perte
502	2023-03-05T16:31:02+00:00	Angers Saint-Laud	0087484006	Sac à dos	Bagagerie: sacs, valises, cartables	Déclaration de Perte
503	2023-03-05T17:32:50+00:00	Angers Saint-Laud	0087484006	Porte-monnaie, portefeuille	Porte-monnaie / portefeuille, argent, titres	Déclaration de Perte
504	2023-06-24T16:10:20+00:00	Angers Saint-Laud	0087484006	Autres divers	Divers	Déclaration de Perte
505	2023-03-06T10:01:05+00:00	Angers Saint-Laud	0087484006	Canne	Articles médicaux	Déclaration de Perte
506	2022-11-02T10:53:02+00:00	Angers Saint-Laud	0087484006	Clé de voiture	Clés, porte-clés, badge magnétique	Déclaration de Perte
507	2022-11-02T11:49:47+00:00	Angers Saint-Laud	0087484006	Valise, sac sur roulettes	Bagagerie: sacs, valises, cartables	Déclaration de Perte
508	2022-11-02T18:48:39+00:00	Angers Saint-Laud	0087484006	Sac d'enseigne (plastique, papier, …)	Bagagerie: sacs, valises, cartables	Déclaration de Perte
509	2022-11-04T04:24:17+00:00	Angers Saint-Laud	0087484006	Clés, porte-clés	Clés, porte-clés, badge magnétique	Déclaration de Perte
510	2022-11-03T19:28:40+00:00	Angers Saint-Laud	0087484006	Valise, sac sur roulettes	Bagagerie: sacs, valises, cartables	Déclaration de Perte
511	2022-11-04T13:13:43+00:00	Angers Saint-Laud	0087484006	Valise, sac sur roulettes	Bagagerie: sacs, valises, cartables	Déclaration de Perte
512	2023-01-06T14:31:04+00:00	Angers Saint-Laud	0087484006	Valise, sac sur roulettes	Bagagerie: sacs, valises, cartables	Déclaration de Perte
513	2022-11-06T11:13:37+00:00	Angers Saint-Laud	0087484006	Ordinateur, ordinateur portable, notebook protégé (étui, housse,…)	Appareils électroniques, informatiques, appareils photo	Déclaration de Perte
514	2023-07-11T04:21:48+00:00	Angers Saint-Laud	0087484006	Sac à dos	Bagagerie: sacs, valises, cartables	Déclaration de Perte
515	2022-10-28T20:53:54+00:00	Angers Saint-Laud	0087484006	Autres articles enfants, bébé	Articles d'enfants, de puériculture	Déclaration de Perte
516	2023-01-09T09:32:42+00:00	Angers Saint-Laud	0087484006	Sac à dos	Bagagerie: sacs, valises, cartables	Déclaration de Perte
517	2023-01-09T19:55:43+00:00	Angers Saint-Laud	0087484006	Valise, sac sur roulettes	Bagagerie: sacs, valises, cartables	Déclaration de Perte
518	2023-01-10T13:29:15+00:00	Angers Saint-Laud	0087484006	Ordinateur, ordinateur portable, notebook protégé (étui, housse,…)	Appareils électroniques, informatiques, appareils photo	Déclaration de Perte
519	2023-07-07T11:43:35+00:00	Angers Saint-Laud	0087484006	Manteau, veste, blazer, parka, blouson, cape	Vêtements, chaussures	Déclaration de Perte
520	2022-11-09T19:19:35+00:00	Angers Saint-Laud	0087484006	Autres appareils et accessoires électroniques	Appareils électroniques, informatiques, appareils photo	Déclaration de Perte
521	2023-01-12T15:11:22+00:00	Angers Saint-Laud	0087484006	Sac de voyage, sac de sport, sac à bandoulière	Bagagerie: sacs, valises, cartables	Déclaration de Perte
522	2023-02-21T18:47:20+00:00	Angers Saint-Laud	0087484006	Téléphone portable	Appareils électroniques, informatiques, appareils photo	Déclaration de Perte
523	2023-01-15T18:46:32+00:00	Angers Saint-Laud	0087484006	Valise, sac sur roulettes	Bagagerie: sacs, valises, cartables	Déclaration de Perte
524	2023-02-23T15:38:51+00:00	Angers Saint-Laud	0087484006	Ordinateur, ordinateur portable, notebook	Appareils électroniques, informatiques, appareils photo	Déclaration de Perte
525	2022-11-17T13:36:27+00:00	Angers Saint-Laud	0087484006	Sac à main	Bagagerie: sacs, valises, cartables	Déclaration de Perte
526	2023-01-20T09:54:38+00:00	Angers Saint-Laud	0087484006	Bonnet, chapeau	Vêtements, chaussures	Déclaration de Perte
527	2022-11-18T08:32:53+00:00	Angers Saint-Laud	0087484006	Ordinateur, ordinateur portable, notebook protégé (étui, housse,…)	Appareils électroniques, informatiques, appareils photo	Déclaration de Perte
528	2023-01-20T14:07:37+00:00	Angers Saint-Laud	0087484006	Valise, sac sur roulettes	Bagagerie: sacs, valises, cartables	Déclaration de Perte
529	2022-08-12T09:53:46+00:00	Angers Saint-Laud	0087484006	Carte d'abonnement	Pièces d'identités et papiers personnels	Déclaration de Perte
530	2023-01-20T16:56:20+00:00	Angers Saint-Laud	0087484006	Téléphone portable	Appareils électroniques, informatiques, appareils photo	Déclaration de Perte
531	2022-08-12T20:26:13+00:00	Angers Saint-Laud	0087484006	Sac à dos	Bagagerie: sacs, valises, cartables	Déclaration de Perte
532	2022-11-18T21:56:40+00:00	Angers Saint-Laud	0087484006	Valise, sac sur roulettes	Bagagerie: sacs, valises, cartables	Déclaration de Perte
533	2022-11-19T15:24:06+00:00	Angers Saint-Laud	0087484006	Téléphone portable protégé (étui, coque,…)	Appareils électroniques, informatiques, appareils photo	Déclaration de Perte
534	2022-08-13T17:02:16+00:00	Angers Saint-Laud	0087484006	Manteau, veste, blazer, parka, blouson, cape	Vêtements, chaussures	Déclaration de Perte
535	2022-11-22T12:11:41+00:00	Angers Saint-Laud	0087484006	Tablette tactile protégée (étui, housse)	Appareils électroniques, informatiques, appareils photo	Déclaration de Perte
536	2023-01-25T08:32:14+00:00	Angers Saint-Laud	0087484006	Sac à main	Bagagerie: sacs, valises, cartables	Déclaration de Perte
537	2022-11-24T13:12:28+00:00	Angers Saint-Laud	0087484006	Lunettes	Optique	Déclaration de Perte
538	2022-11-24T13:18:52+00:00	Angers Saint-Laud	0087484006	Sac de voyage, sac de sport, sac à bandoulière	Bagagerie: sacs, valises, cartables	Déclaration de Perte
539	2022-11-25T12:02:21+00:00	Angers Saint-Laud	0087484006	Sac de voyage, sac de sport, sac à bandoulière	Bagagerie: sacs, valises, cartables	Déclaration de Perte
540	2022-08-03T13:10:02+00:00	Angers Saint-Laud	0087484006	Autres articles enfants, bébé	Articles d'enfants, de puériculture	Déclaration de Perte
541	2019-01-24T09:42:48+00:00	Angers Saint-Laud	0087484006	Porte-monnaie, portefeuille	Porte-monnaie / portefeuille, argent, titres	Déclaration de Perte
542	2020-02-09T21:09:11+00:00	Angers Saint-Laud	0087484006	Sac à dos	Bagagerie: sacs, valises, cartables	Déclaration de Perte
543	2023-01-30T13:31:45+00:00	Angers Saint-Laud	0087484006	Téléphone portable protégé (étui, coque,…)	Appareils électroniques, informatiques, appareils photo	Déclaration de Perte
544	2020-02-10T09:21:56+00:00	Angers Saint-Laud	0087484006	Foulard, écharpe	Vêtements, chaussures	Déclaration de Perte
545	2020-02-10T15:07:19+00:00	Angers Saint-Laud	0087484006	Téléphone portable	Appareils électroniques, informatiques, appareils photo	Déclaration de Perte
546	2020-02-10T17:26:31+00:00	Angers Saint-Laud	0087484006	Autre pièce ou papier personnel	Pièces d'identités et papiers personnels	Déclaration de Perte
547	2020-02-11T11:00:53+00:00	Angers Saint-Laud	0087484006	Autres divers	Divers	Déclaration de Perte
548	2020-02-13T06:50:14+00:00	Angers Saint-Laud	0087484006	Autres divers	Divers	Déclaration de Perte
549	2023-07-15T07:01:42+00:00	Angers Saint-Laud	0087484006	Carte d'identité, passeport, permis de conduire	Pièces d'identités et papiers personnels	Déclaration de Perte
550	2019-02-06T14:05:29+00:00	Angers Saint-Laud	0087484006	Casque (vélo, moto)	Vélos, trottinettes, accessoires 2 roues	Déclaration de Perte
551	2022-12-27T12:46:48+00:00	Angers Saint-Laud	0087484006	Valise, sac sur roulettes	Bagagerie: sacs, valises, cartables	Déclaration de Perte
552	2020-02-15T09:26:18+00:00	Angers Saint-Laud	0087484006	Sac d'enseigne (plastique, papier, …)	Bagagerie: sacs, valises, cartables	Déclaration de Perte
553	2020-02-17T07:20:29+00:00	Angers Saint-Laud	0087484006	Autres divers	Divers	Déclaration de Perte
554	2020-02-17T16:17:40+00:00	Angers Saint-Laud	0087484006	Autres divers	Divers	Déclaration de Perte
555	2022-12-29T20:47:00+00:00	Angers Saint-Laud	0087484006	Sac à dos	Bagagerie: sacs, valises, cartables	Déclaration de Perte
556	2019-02-11T11:18:00+00:00	Angers Saint-Laud	0087484006	Carte de crédit	Porte-monnaie / portefeuille, argent, titres	Déclaration de Perte
557	2019-02-11T13:03:11+00:00	Angers Saint-Laud	0087484006	Sac à dos	Bagagerie: sacs, valises, cartables	Déclaration de Perte
558	2023-07-18T13:14:58+00:00	Angers Saint-Laud	0087484006	Manteau, veste, blazer, parka, blouson, cape	Vêtements, chaussures	Déclaration de Perte
559	2023-07-18T20:27:40+00:00	Angers Saint-Laud	0087484006	Téléphone portable	Appareils électroniques, informatiques, appareils photo	Déclaration de Perte
560	2023-07-19T15:44:41+00:00	Angers Saint-Laud	0087484006	Raquette de tennis, de badminton	Articles de sport, loisirs, camping	Déclaration de Perte
561	2023-07-19T16:54:42+00:00	Angers Saint-Laud	0087484006	Sac à dos	Bagagerie: sacs, valises, cartables	Déclaration de Perte
562	2017-12-04T14:35:30+00:00	Angers Saint-Laud	0087484006	Sac d'enseigne (plastique, papier, …)	Bagagerie: sacs, valises, cartables	Déclaration de Perte
563	2023-07-20T17:40:28+00:00	Angers Saint-Laud	0087484006	Sac d'enseigne (plastique, papier, …)	Bagagerie: sacs, valises, cartables	Déclaration de Perte
564	2020-02-22T09:01:17+00:00	Angers Saint-Laud	0087484006	Téléphone portable	Appareils électroniques, informatiques, appareils photo	Déclaration de Perte
565	2023-01-02T20:12:36+00:00	Angers Saint-Laud	0087484006	Sac de voyage, sac de sport, sac à bandoulière	Bagagerie: sacs, valises, cartables	Déclaration de Perte
566	2023-07-21T12:12:22+00:00	Angers Saint-Laud	0087484006	Bonnet, chapeau	Vêtements, chaussures	Déclaration de Perte
567	2020-02-22T20:06:20+00:00	Angers Saint-Laud	0087484006	Sac à dos	Bagagerie: sacs, valises, cartables	Déclaration de Perte
568	2019-10-22T12:45:21+00:00	Angers Saint-Laud	0087484006	Valise, sac sur roulettes	Bagagerie: sacs, valises, cartables	Déclaration de Perte
569	2019-10-23T10:24:30+00:00	Angers Saint-Laud	0087484006	Sac à dos	Bagagerie: sacs, valises, cartables	Déclaration de Perte
570	2023-01-04T19:20:01+00:00	Angers Saint-Laud	0087484006	Valise, sac sur roulettes	Bagagerie: sacs, valises, cartables	Déclaration de Perte
571	2020-02-25T11:14:09+00:00	Angers Saint-Laud	0087484006	Etui à lunettes vide	Optique	Déclaration de Perte
572	2020-02-25T11:18:34+00:00	Angers Saint-Laud	0087484006	Sacoche ventrale, banane	Bagagerie: sacs, valises, cartables	Déclaration de Perte
573	2022-12-27T12:02:51+00:00	Angers Saint-Laud	0087484006	Skateboard	Articles de sport, loisirs, camping	Déclaration de Perte
574	2022-12-01T10:20:23+00:00	Angers Saint-Laud	0087484006	Sac à dos	Bagagerie: sacs, valises, cartables	Déclaration de Perte
575	2019-06-03T10:02:48+00:00	Angers Saint-Laud	0087484006	Nécessaire, mallette de toilette, sac de maquillage	Bagagerie: sacs, valises, cartables	Déclaration de Perte
576	2019-06-20T12:34:24+00:00	Angers Saint-Laud	0087484006	Attaché-case, serviette	Bagagerie: sacs, valises, cartables	Déclaration de Perte
577	2019-06-04T07:36:30+00:00	Angers Saint-Laud	0087484006	Vélo	Vélos, trottinettes, accessoires 2 roues	Déclaration de Perte
578	2022-12-03T07:25:34+00:00	Angers Saint-Laud	0087484006	Porte-monnaie, portefeuille	Porte-monnaie / portefeuille, argent, titres	Déclaration de Perte
579	2018-09-27T08:11:18+00:00	Angers Saint-Laud	0087484006	Lunettes en étui	Optique	Déclaration de Perte
580	2022-12-06T17:41:22+00:00	Angers Saint-Laud	0087484006	Sac de voyage, sac de sport, sac à bandoulière	Bagagerie: sacs, valises, cartables	Déclaration de Perte
581	2022-12-07T20:49:04+00:00	Angers Saint-Laud	0087484006	Sac de voyage, sac de sport, sac à bandoulière	Bagagerie: sacs, valises, cartables	Déclaration de Perte
582	2022-12-08T16:19:24+00:00	Angers Saint-Laud	0087484006	Porte-monnaie, portefeuille	Porte-monnaie / portefeuille, argent, titres	Déclaration de Perte
583	2022-12-09T15:59:09+00:00	Angers Saint-Laud	0087484006	Clés, porte-clés	Clés, porte-clés, badge magnétique	Déclaration de Perte
584	2019-06-27T09:23:00+00:00	Angers Saint-Laud	0087484006	Téléphone portable	Appareils électroniques, informatiques, appareils photo	Déclaration de Perte
585	2022-12-10T18:45:45+00:00	Angers Saint-Laud	0087484006	Valise, sac sur roulettes	Bagagerie: sacs, valises, cartables	Déclaration de Perte
586	2022-12-11T15:26:33+00:00	Angers Saint-Laud	0087484006	Sacoche pour ordinateur, photo, vidéo	Bagagerie: sacs, valises, cartables	Déclaration de Perte
587	2022-10-27T12:51:48+00:00	Angers Saint-Laud	0087484006	Manteau, veste, blazer, parka, blouson, cape	Vêtements, chaussures	Déclaration de Perte
588	2022-12-12T13:36:12+00:00	Angers Saint-Laud	0087484006	Sac à main	Bagagerie: sacs, valises, cartables	Déclaration de Perte
589	2022-12-12T20:33:14+00:00	Angers Saint-Laud	0087484006	Valise, sac sur roulettes	Bagagerie: sacs, valises, cartables	Déclaration de Perte
590	2022-12-13T10:39:38+00:00	Angers Saint-Laud	0087484006	Clé de voiture	Clés, porte-clés, badge magnétique	Déclaration de Perte
591	2019-06-14T13:23:15+00:00	Angers Saint-Laud	0087484006	Téléphone portable	Appareils électroniques, informatiques, appareils photo	Déclaration de Perte
592	2022-11-28T14:23:37+00:00	Angers Saint-Laud	0087484006	Autres appareils et accessoires électroniques	Appareils électroniques, informatiques, appareils photo	Déclaration de Perte
593	2023-01-02T11:49:18+00:00	Angers Saint-Laud	0087484006	Valise, sac sur roulettes	Bagagerie: sacs, valises, cartables	Déclaration de Perte
594	2023-01-02T18:16:17+00:00	Angers Saint-Laud	0087484006	Clés, porte-clés	Clés, porte-clés, badge magnétique	Déclaration de Perte
595	2022-10-28T10:56:01+00:00	Angers Saint-Laud	0087484006	Ordinateur, ordinateur portable, notebook protégé (étui, housse,…)	Appareils électroniques, informatiques, appareils photo	Déclaration de Perte
596	2021-02-19T16:36:22+00:00	Angers Saint-Laud	0087484006	Clés, porte-clés	Clés, porte-clés, badge magnétique	Déclaration de Perte
597	2023-01-06T17:30:17+00:00	Angers Saint-Laud	0087484006	Valise, sac sur roulettes	Bagagerie: sacs, valises, cartables	Déclaration de Perte
598	2023-01-07T18:27:38+00:00	Angers Saint-Laud	0087484006	Valise, sac sur roulettes	Bagagerie: sacs, valises, cartables	Déclaration de Perte
599	2021-02-23T18:46:33+00:00	Angers Saint-Laud	0087484006	Pièce d'identité personnelle et autre	Pièces d'identités et papiers personnels	Déclaration de Perte
600	2023-01-11T18:06:31+00:00	Angers Saint-Laud	0087484006	Sac à dos	Bagagerie: sacs, valises, cartables	Déclaration de Perte
601	2019-08-21T08:13:26+00:00	Angers Saint-Laud	0087484006	Bonnet, chapeau	Vêtements, chaussures	Déclaration de Perte
602	2023-01-12T20:03:58+00:00	Angers Saint-Laud	0087484006	Sacoche pour ordinateur, photo, vidéo	Bagagerie: sacs, valises, cartables	Déclaration de Perte
603	2023-01-14T18:28:40+00:00	Angers Saint-Laud	0087484006	Porte-monnaie, portefeuille	Porte-monnaie / portefeuille, argent, titres	Déclaration de Perte
604	2023-01-16T08:19:07+00:00	Angers Saint-Laud	0087484006	Sac à dos	Bagagerie: sacs, valises, cartables	Déclaration de Perte
605	2022-10-28T20:59:12+00:00	Angers Saint-Laud	0087484006	Sac à dos	Bagagerie: sacs, valises, cartables	Déclaration de Perte
606	2021-03-11T09:00:58+00:00	Angers Saint-Laud	0087484006	Valise, sac sur roulettes	Bagagerie: sacs, valises, cartables	Déclaration de Perte
607	2020-07-08T09:51:25+00:00	Angers Saint-Laud	0087484006	Téléphone portable protégé (étui, coque,…)	Appareils électroniques, informatiques, appareils photo	Déclaration de Perte
608	2018-03-05T13:36:19+00:00	Angers Saint-Laud	0087484006	Bonnet, chapeau	Vêtements, chaussures	Déclaration de Perte
609	2020-01-24T16:32:01+00:00	Angers Saint-Laud	0087484006	Valise, sac sur roulettes	Bagagerie: sacs, valises, cartables	Déclaration de Perte
610	2020-01-28T10:18:07+00:00	Angers Saint-Laud	0087484006	Sac à dos	Bagagerie: sacs, valises, cartables	Déclaration de Perte
611	2020-01-29T07:51:15+00:00	Angers Saint-Laud	0087484006	Clés, porte-clés	Clés, porte-clés, badge magnétique	Déclaration de Perte
612	2022-11-07T15:14:34+00:00	Angers Saint-Laud	0087484006	Porte-monnaie, portefeuille	Porte-monnaie / portefeuille, argent, titres	Déclaration de Perte
613	2020-01-29T17:19:36+00:00	Angers Saint-Laud	0087484006	Bonnet, chapeau	Vêtements, chaussures	Déclaration de Perte
614	2019-04-08T10:42:08+00:00	Angers Saint-Laud	0087484006	Sac à dos	Bagagerie: sacs, valises, cartables	Déclaration de Perte
615	2022-11-09T08:24:05+00:00	Angers Saint-Laud	0087484006	AirPod, casque audio, écouteurs	Appareils électroniques, informatiques, appareils photo	Déclaration de Perte
616	2020-07-19T14:52:34+00:00	Angers Saint-Laud	0087484006	Clés, porte-clés	Clés, porte-clés, badge magnétique	Déclaration de Perte
617	2020-02-04T10:38:22+00:00	Angers Saint-Laud	0087484006	Ordinateur, ordinateur portable, notebook	Appareils électroniques, informatiques, appareils photo	Déclaration de Perte
618	2022-11-12T16:05:55+00:00	Angers Saint-Laud	0087484006	Valise, sac sur roulettes	Bagagerie: sacs, valises, cartables	Déclaration de Perte
619	2020-07-20T16:58:36+00:00	Angers Saint-Laud	0087484006	Outils, Accesoires	Articles de sport, loisirs, camping	Déclaration de Perte
620	2022-11-14T09:58:07+00:00	Angers Saint-Laud	0087484006	Sac à dos	Bagagerie: sacs, valises, cartables	Déclaration de Perte
621	2020-07-22T06:13:57+00:00	Angers Saint-Laud	0087484006	Sac à main	Bagagerie: sacs, valises, cartables	Déclaration de Perte
622	2020-02-08T15:49:19+00:00	Angers Saint-Laud	0087484006	Sac d'enseigne (plastique, papier, …)	Bagagerie: sacs, valises, cartables	Déclaration de Perte
623	2020-07-24T07:08:57+00:00	Angers Saint-Laud	0087484006	Porte-monnaie, portefeuille	Porte-monnaie / portefeuille, argent, titres	Déclaration de Perte
624	2020-07-24T07:09:00+00:00	Angers Saint-Laud	0087484006	Porte-monnaie, portefeuille	Porte-monnaie / portefeuille, argent, titres	Déclaration de Perte
625	2022-11-16T19:52:06+00:00	Angers Saint-Laud	0087484006	Valise, sac sur roulettes	Bagagerie: sacs, valises, cartables	Déclaration de Perte
626	2018-05-29T13:04:40+00:00	Angers Saint-Laud	0087484006	Autre pièce ou papier personnel	Pièces d'identités et papiers personnels	Déclaration de Perte
627	2020-07-27T08:32:17+00:00	Angers Saint-Laud	0087484006	Téléphone portable	Appareils électroniques, informatiques, appareils photo	Déclaration de Perte
628	2023-04-29T10:01:59+00:00	Angers Saint-Laud	0087484006	Manteau, veste, blazer, parka, blouson, cape	Vêtements, chaussures	Déclaration de Perte
629	2020-02-28T19:02:44+00:00	Angers Saint-Laud	0087484006	Sac à main	Bagagerie: sacs, valises, cartables	Déclaration de Perte
630	2018-05-02T08:40:43+00:00	Angers Saint-Laud	0087484006	Sac de voyage, sac de sport, sac à bandoulière	Bagagerie: sacs, valises, cartables	Déclaration de Perte
631	2022-11-18T19:48:01+00:00	Angers Saint-Laud	0087484006	Sac de voyage, sac de sport, sac à bandoulière	Bagagerie: sacs, valises, cartables	Déclaration de Perte
632	2023-05-02T14:40:03+00:00	Angers Saint-Laud	0087484006	Téléphone portable	Appareils électroniques, informatiques, appareils photo	Déclaration de Perte
633	2018-06-05T08:02:36+00:00	Angers Saint-Laud	0087484006	Sac à dos	Bagagerie: sacs, valises, cartables	Déclaration de Perte
634	2018-05-09T07:35:56+00:00	Angers Saint-Laud	0087484006	Attaché-case, serviette	Bagagerie: sacs, valises, cartables	Déclaration de Perte
635	2019-06-21T14:42:25+00:00	Angers Saint-Laud	0087484006	Téléphone portable	Appareils électroniques, informatiques, appareils photo	Déclaration de Perte
636	2023-05-09T19:05:46+00:00	Angers Saint-Laud	0087484006	Sac à dos	Bagagerie: sacs, valises, cartables	Déclaration de Perte
637	2022-12-19T18:38:25+00:00	Angers Saint-Laud	0087484006	Ordinateur, ordinateur portable, notebook	Appareils électroniques, informatiques, appareils photo	Déclaration de Perte
638	2023-05-09T20:13:14+00:00	Angers Saint-Laud	0087484006	Valise, sac sur roulettes	Bagagerie: sacs, valises, cartables	Déclaration de Perte
639	2023-05-10T04:50:23+00:00	Angers Saint-Laud	0087484006	Manteau, veste, blazer, parka, blouson, cape	Vêtements, chaussures	Déclaration de Perte
640	2023-01-18T16:07:03+00:00	Angers Saint-Laud	0087484006	Autre pièce ou papier personnel	Pièces d'identités et papiers personnels	Déclaration de Perte
641	2023-04-03T17:16:41+00:00	Angers Saint-Laud	0087484006	Valise, sac sur roulettes	Bagagerie: sacs, valises, cartables	Déclaration de Perte
642	2023-01-20T17:20:23+00:00	Angers Saint-Laud	0087484006	Porte-monnaie, portefeuille	Porte-monnaie / portefeuille, argent, titres	Déclaration de Perte
643	2018-06-04T07:58:48+00:00	Angers Saint-Laud	0087484006	Valise, sac sur roulettes	Bagagerie: sacs, valises, cartables	Déclaration de Perte
644	2019-06-25T09:01:38+00:00	Angers Saint-Laud	0087484006	Porte-monnaie, portefeuille	Porte-monnaie / portefeuille, argent, titres	Déclaration de Perte
645	2023-01-23T07:51:09+00:00	Angers Saint-Laud	0087484006	Porte-monnaie, portefeuille	Porte-monnaie / portefeuille, argent, titres	Déclaration de Perte
646	2019-09-02T12:30:17+00:00	Angers Saint-Laud	0087484006	Sac à dos	Bagagerie: sacs, valises, cartables	Déclaration de Perte
647	2018-06-06T13:03:59+00:00	Angers Saint-Laud	0087484006	Bague	Bijoux, montres	Déclaration de Perte
648	2018-06-06T13:53:20+00:00	Angers Saint-Laud	0087484006	Pièce d'identité personnelle et autre	Pièces d'identités et papiers personnels	Déclaration de Perte
649	2023-01-24T12:09:39+00:00	Angers Saint-Laud	0087484006	Téléphone portable protégé (étui, coque,…)	Appareils électroniques, informatiques, appareils photo	Déclaration de Perte
650	2023-01-26T14:58:13+00:00	Angers Saint-Laud	0087484006	Lunettes en étui	Optique	Déclaration de Perte
651	2023-04-21T16:51:34+00:00	Angers Saint-Laud	0087484006	Clés, porte-clés	Clés, porte-clés, badge magnétique	Déclaration de Perte
652	2019-09-10T10:19:23+00:00	Angers Saint-Laud	0087484006	Sac à main	Bagagerie: sacs, valises, cartables	Déclaration de Perte
653	2022-12-28T08:07:26+00:00	Angers Saint-Laud	0087484006	Téléphone portable	Appareils électroniques, informatiques, appareils photo	Déclaration de Perte
654	2022-12-28T09:06:57+00:00	Angers Saint-Laud	0087484006	Téléphone portable protégé (étui, coque,…)	Appareils électroniques, informatiques, appareils photo	Déclaration de Perte
655	2022-12-29T19:06:20+00:00	Angers Saint-Laud	0087484006	Sac à dos	Bagagerie: sacs, valises, cartables	Déclaration de Perte
656	2022-12-30T16:26:26+00:00	Angers Saint-Laud	0087484006	Valise, sac sur roulettes	Bagagerie: sacs, valises, cartables	Déclaration de Perte
657	2022-12-30T18:57:57+00:00	Angers Saint-Laud	0087484006	Autres divers	Divers	Déclaration de Perte
658	2023-04-26T12:18:57+00:00	Angers Saint-Laud	0087484006	Valise, sac sur roulettes	Bagagerie: sacs, valises, cartables	Déclaration de Perte
659	2022-12-31T15:56:44+00:00	Angers Saint-Laud	0087484006	Clés, porte-clés	Clés, porte-clés, badge magnétique	Déclaration de Perte
660	2023-01-28T15:18:34+00:00	Angers Saint-Laud	0087484006	Téléphone portable protégé (étui, coque,…)	Appareils électroniques, informatiques, appareils photo	Déclaration de Perte
661	2019-08-14T10:17:14+00:00	Angers Saint-Laud	0087484006	Sac de voyage, sac de sport, sac à bandoulière	Bagagerie: sacs, valises, cartables	Déclaration de Perte
662	2023-01-31T18:35:43+00:00	Angers Saint-Laud	0087484006	AirPod, casque audio, écouteurs	Appareils électroniques, informatiques, appareils photo	Déclaration de Perte
663	2019-07-09T10:24:02+00:00	Angers Saint-Laud	0087484006	Valise, sac sur roulettes	Bagagerie: sacs, valises, cartables	Déclaration de Perte
664	2023-02-01T16:09:07+00:00	Angers Saint-Laud	0087484006	Autre pièce ou papier personnel	Pièces d'identités et papiers personnels	Déclaration de Perte
665	2023-02-01T20:27:37+00:00	Angers Saint-Laud	0087484006	Sac à dos	Bagagerie: sacs, valises, cartables	Déclaration de Perte
666	2023-04-17T19:58:33+00:00	Angers Saint-Laud	0087484006	Clé de voiture	Clés, porte-clés, badge magnétique	Déclaration de Perte
667	2022-11-26T10:00:46+00:00	Angers Saint-Laud	0087484006	Téléphone portable	Appareils électroniques, informatiques, appareils photo	Déclaration de Perte
668	2019-08-21T08:13:30+00:00	Angers Saint-Laud	0087484006	Bonnet, chapeau	Vêtements, chaussures	Déclaration de Perte
669	2023-04-19T13:47:42+00:00	Angers Saint-Laud	0087484006	Valise, sac sur roulettes	Bagagerie: sacs, valises, cartables	Déclaration de Perte
670	2021-02-11T08:02:57+00:00	Angers Saint-Laud	0087484006	Valise, sac sur roulettes	Bagagerie: sacs, valises, cartables	Déclaration de Perte
671	2019-07-22T09:50:26+00:00	Angers Saint-Laud	0087484006	Valise, sac sur roulettes	Bagagerie: sacs, valises, cartables	Déclaration de Perte
672	2023-11-23T22:13:04+00:00	Angers Saint-Laud	0087484006	Valise, sac sur roulettes	Bagagerie: sacs, valises, cartables	Déclaration de Perte
673	2023-03-29T12:11:30+00:00	Angers Saint-Laud	0087484006	Porte-monnaie, portefeuille	Porte-monnaie / portefeuille, argent, titres	Déclaration de Perte
674	2019-07-24T13:25:57+00:00	Angers Saint-Laud	0087484006	Chaussures (autre que chaussures de ski et patins)	Vêtements, chaussures	Déclaration de Perte
675	2019-06-03T08:47:54+00:00	Angers Saint-Laud	0087484006	Ordinateur, ordinateur portable, notebook	Appareils électroniques, informatiques, appareils photo	Déclaration de Perte
676	2021-02-13T18:25:44+00:00	Angers Saint-Laud	0087484006	Sac à dos	Bagagerie: sacs, valises, cartables	Déclaration de Perte
677	2019-06-04T09:54:01+00:00	Angers Saint-Laud	0087484006	Sac à main	Bagagerie: sacs, valises, cartables	Déclaration de Perte
678	2021-02-17T07:15:52+00:00	Angers Saint-Laud	0087484006	Téléphone portable protégé (étui, coque,…)	Appareils électroniques, informatiques, appareils photo	Déclaration de Perte
679	2023-11-29T10:55:10+00:00	Angers Saint-Laud	0087484006	Carte de crédit	Porte-monnaie / portefeuille, argent, titres	Déclaration de Perte
680	2021-02-17T11:42:28+00:00	Angers Saint-Laud	0087484006	Sac de voyage, sac de sport, sac à bandoulière	Bagagerie: sacs, valises, cartables	Déclaration de Perte
681	2023-11-30T15:27:20+00:00	Angers Saint-Laud	0087484006	Sac de voyage, sac de sport, sac à bandoulière	Bagagerie: sacs, valises, cartables	Déclaration de Perte
682	2019-06-07T10:49:24+00:00	Angers Saint-Laud	0087484006	Autre pièce ou papier personnel	Pièces d'identités et papiers personnels	Déclaration de Perte
683	2023-12-03T15:16:59+00:00	Angers Saint-Laud	0087484006	Valise, sac sur roulettes	Bagagerie: sacs, valises, cartables	Déclaration de Perte
684	2023-12-03T16:32:31+00:00	Angers Saint-Laud	0087484006	Lunettes	Optique	Déclaration de Perte
685	2018-11-06T09:26:35+00:00	Angers Saint-Laud	0087484006	Pièce d'identité personnelle et autre	Pièces d'identités et papiers personnels	Déclaration de Perte
686	2019-06-11T10:45:11+00:00	Angers Saint-Laud	0087484006	Nécessaire, mallette de toilette, sac de maquillage	Bagagerie: sacs, valises, cartables	Déclaration de Perte
687	2019-06-11T13:13:16+00:00	Angers Saint-Laud	0087484006	Porte-monnaie, portefeuille	Porte-monnaie / portefeuille, argent, titres	Déclaration de Perte
688	2019-06-14T10:31:34+00:00	Angers Saint-Laud	0087484006	Sac à dos	Bagagerie: sacs, valises, cartables	Déclaration de Perte
689	2019-08-27T13:57:12+00:00	Angers Saint-Laud	0087484006	Clés, porte-clés	Clés, porte-clés, badge magnétique	Déclaration de Perte
690	2018-06-25T12:18:10+00:00	Angers Saint-Laud	0087484006	Sac à dos	Bagagerie: sacs, valises, cartables	Déclaration de Perte
691	2018-06-26T13:10:54+00:00	Angers Saint-Laud	0087484006	Manteau, veste, blazer, parka, blouson, cape	Vêtements, chaussures	Déclaration de Perte
692	2021-03-17T12:15:55+00:00	Angers Saint-Laud	0087484006	Téléphone portable protégé (étui, coque,…)	Appareils électroniques, informatiques, appareils photo	Déclaration de Perte
693	2021-03-17T16:52:44+00:00	Angers Saint-Laud	0087484006	Sac à main	Bagagerie: sacs, valises, cartables	Déclaration de Perte
694	2021-03-18T12:46:58+00:00	Angers Saint-Laud	0087484006	Sac à dos	Bagagerie: sacs, valises, cartables	Déclaration de Perte
695	2021-03-19T06:38:15+00:00	Angers Saint-Laud	0087484006	Ordinateur, ordinateur portable, notebook protégé (étui, housse,…)	Appareils électroniques, informatiques, appareils photo	Déclaration de Perte
696	2019-05-09T12:12:28+00:00	Angers Saint-Laud	0087484006	Sac à dos	Bagagerie: sacs, valises, cartables	Déclaration de Perte
697	2018-06-29T15:13:51+00:00	Angers Saint-Laud	0087484006	Attaché-case, serviette	Bagagerie: sacs, valises, cartables	Déclaration de Perte
698	2021-03-21T21:00:58+00:00	Angers Saint-Laud	0087484006	Téléphone portable protégé (étui, coque,…)	Appareils électroniques, informatiques, appareils photo	Déclaration de Perte
699	2021-03-22T13:22:24+00:00	Angers Saint-Laud	0087484006	Téléphone portable	Appareils électroniques, informatiques, appareils photo	Déclaration de Perte
700	2021-03-23T15:06:16+00:00	Angers Saint-Laud	0087484006	Sac à dos	Bagagerie: sacs, valises, cartables	Déclaration de Perte
701	2019-09-05T14:03:42+00:00	Angers Saint-Laud	0087484006	Porte-monnaie, portefeuille	Porte-monnaie / portefeuille, argent, titres	Déclaration de Perte
702	2021-03-27T09:44:18+00:00	Angers Saint-Laud	0087484006	Sac de voyage, sac de sport, sac à bandoulière	Bagagerie: sacs, valises, cartables	Déclaration de Perte
703	2018-07-06T05:51:09+00:00	Angers Saint-Laud	0087484006	Autres articles de papeterie	Livres, articles de papéterie	Déclaration de Perte
704	2018-07-06T09:12:18+00:00	Angers Saint-Laud	0087484006	Sacoche ventrale, banane	Bagagerie: sacs, valises, cartables	Déclaration de Perte
705	2023-06-02T15:39:01+00:00	Angers Saint-Laud	0087484006	Sac à dos	Bagagerie: sacs, valises, cartables	Déclaration de Perte
706	2018-07-09T10:24:10+00:00	Angers Saint-Laud	0087484006	Pièce d'identité personnelle et autre	Pièces d'identités et papiers personnels	Déclaration de Perte
707	2023-06-03T12:22:53+00:00	Angers Saint-Laud	0087484006	Sac à dos	Bagagerie: sacs, valises, cartables	Déclaration de Perte
708	2018-07-09T12:30:45+00:00	Angers Saint-Laud	0087484006	Porte-monnaie, portefeuille	Porte-monnaie / portefeuille, argent, titres	Déclaration de Perte
709	2023-04-14T06:17:38+00:00	Angers Saint-Laud	0087484006	Casque (vélo, moto)	Vélos, trottinettes, accessoires 2 roues	Déclaration de Perte
710	2023-06-06T17:57:38+00:00	Angers Saint-Laud	0087484006	Téléphone portable protégé (étui, coque,…)	Appareils électroniques, informatiques, appareils photo	Déclaration de Perte
711	2019-02-15T09:28:27+00:00	Angers Saint-Laud	0087484006	Attaché-case, serviette	Bagagerie: sacs, valises, cartables	Déclaration de Perte
712	2023-06-08T14:33:01+00:00	Angers Saint-Laud	0087484006	Sac de voyage, sac de sport, sac à bandoulière	Bagagerie: sacs, valises, cartables	Déclaration de Perte
713	2023-04-20T13:13:02+00:00	Angers Saint-Laud	0087484006	Valise, sac sur roulettes	Bagagerie: sacs, valises, cartables	Déclaration de Perte
714	2023-06-10T12:36:02+00:00	Angers Saint-Laud	0087484006	Téléphone portable protégé (étui, coque,…)	Appareils électroniques, informatiques, appareils photo	Déclaration de Perte
715	2019-02-21T10:36:58+00:00	Angers Saint-Laud	0087484006	Sac à main	Bagagerie: sacs, valises, cartables	Déclaration de Perte
716	2018-07-20T12:14:00+00:00	Angers Saint-Laud	0087484006	Sac à dos	Bagagerie: sacs, valises, cartables	Déclaration de Perte
717	2019-02-25T10:39:55+00:00	Angers Saint-Laud	0087484006	Sac à dos	Bagagerie: sacs, valises, cartables	Déclaration de Perte
718	2023-07-01T19:39:24+00:00	Angers Saint-Laud	0087484006	Sac d'enseigne (plastique, papier, …)	Bagagerie: sacs, valises, cartables	Déclaration de Perte
719	2017-12-12T09:52:22+00:00	Angers Saint-Laud	0087484006	Sac à dos	Bagagerie: sacs, valises, cartables	Déclaration de Perte
720	2023-07-06T19:58:32+00:00	Angers Saint-Laud	0087484006	Valise, sac sur roulettes	Bagagerie: sacs, valises, cartables	Déclaration de Perte
721	2023-12-27T14:58:53+00:00	Angers Saint-Laud	0087484006	Sac à main	Bagagerie: sacs, valises, cartables	Déclaration de Perte
722	2021-09-14T10:27:14+00:00	Angers Saint-Laud	0087484006	Couteau de poche, autre couteau	Divers	Déclaration de Perte
723	2017-12-19T13:46:28+00:00	Angers Saint-Laud	0087484006	Appareils auditifs	Articles médicaux	Déclaration de Perte
724	2021-09-16T18:43:58+00:00	Angers Saint-Laud	0087484006	Appareil audio portable (lecteur de CD, baladeur MP3, iPod, ... )	Appareils électroniques, informatiques, appareils photo	Déclaration de Perte
725	2017-12-20T12:30:30+00:00	Angers Saint-Laud	0087484006	Sac à dos	Bagagerie: sacs, valises, cartables	Déclaration de Perte
726	2023-12-12T18:23:05+00:00	Angers Saint-Laud	0087484006	Foulard, écharpe	Vêtements, chaussures	Déclaration de Perte
727	2023-12-13T08:30:06+00:00	Angers Saint-Laud	0087484006	Parapluie télescopique, parapluie de poche	Parapluies	Déclaration de Perte
728	2017-12-26T10:38:15+00:00	Angers Saint-Laud	0087484006	Porte-monnaie, portefeuille	Porte-monnaie / portefeuille, argent, titres	Déclaration de Perte
729	2023-12-15T08:18:33+00:00	Angers Saint-Laud	0087484006	Sac d'enseigne (plastique, papier, …)	Bagagerie: sacs, valises, cartables	Déclaration de Perte
730	2017-12-28T09:39:52+00:00	Angers Saint-Laud	0087484006	Sacoche pour ordinateur, photo, vidéo	Bagagerie: sacs, valises, cartables	Déclaration de Perte
731	2017-12-28T13:49:51+00:00	Angers Saint-Laud	0087484006	Carte de crédit	Porte-monnaie / portefeuille, argent, titres	Déclaration de Perte
732	2020-09-08T16:19:18+00:00	Angers Saint-Laud	0087484006	Sac à dos	Bagagerie: sacs, valises, cartables	Déclaration de Perte
733	2018-06-21T13:13:22+00:00	Angers Saint-Laud	0087484006	Sac à dos	Bagagerie: sacs, valises, cartables	Déclaration de Perte
734	2020-09-11T12:51:43+00:00	Angers Saint-Laud	0087484006	Sac à dos	Bagagerie: sacs, valises, cartables	Déclaration de Perte
735	2021-10-18T17:00:45+00:00	Angers Saint-Laud	0087484006	Téléphone portable	Appareils électroniques, informatiques, appareils photo	Déclaration de Perte
736	2018-06-26T09:32:54+00:00	Angers Saint-Laud	0087484006	Porte-monnaie, portefeuille	Porte-monnaie / portefeuille, argent, titres	Déclaration de Perte
737	2023-06-21T06:37:21+00:00	Angers Saint-Laud	0087484006	Téléphone portable	Appareils électroniques, informatiques, appareils photo	Déclaration de Perte
738	2023-10-26T09:38:43+00:00	Angers Saint-Laud	0087484006	Téléphone portable protégé (étui, coque,…)	Appareils électroniques, informatiques, appareils photo	Déclaration de Perte
739	2023-10-26T10:50:47+00:00	Angers Saint-Laud	0087484006	Téléphone portable protégé (étui, coque,…)	Appareils électroniques, informatiques, appareils photo	Déclaration de Perte
740	2020-09-18T05:56:28+00:00	Angers Saint-Laud	0087484006	Clés, porte-clés	Clés, porte-clés, badge magnétique	Déclaration de Perte
741	2023-10-27T11:20:27+00:00	Angers Saint-Laud	0087484006	Sac à dos	Bagagerie: sacs, valises, cartables	Déclaration de Perte
742	2023-06-13T18:00:35+00:00	Angers Saint-Laud	0087484006	Lunettes en étui	Optique	Déclaration de Perte
743	2018-07-09T08:24:06+00:00	Angers Saint-Laud	0087484006	Valise, sac sur roulettes	Bagagerie: sacs, valises, cartables	Déclaration de Perte
744	2023-06-25T09:52:28+00:00	Angers Saint-Laud	0087484006	Guitare	Instruments de musique	Déclaration de Perte
745	2023-12-05T12:15:47+00:00	Angers Saint-Laud	0087484006	Sac à main	Bagagerie: sacs, valises, cartables	Déclaration de Perte
746	2018-05-02T10:54:55+00:00	Angers Saint-Laud	0087484006	Sac d'enseigne (plastique, papier, …)	Bagagerie: sacs, valises, cartables	Déclaration de Perte
747	2023-12-05T18:11:46+00:00	Angers Saint-Laud	0087484006	Valise, sac sur roulettes	Bagagerie: sacs, valises, cartables	Déclaration de Perte
748	2023-12-06T07:58:57+00:00	Angers Saint-Laud	0087484006	Sac de voyage, sac de sport, sac à bandoulière	Bagagerie: sacs, valises, cartables	Déclaration de Perte
749	2023-06-16T16:52:24+00:00	Angers Saint-Laud	0087484006	Valise, sac sur roulettes	Bagagerie: sacs, valises, cartables	Déclaration de Perte
750	2023-12-06T13:40:49+00:00	Angers Saint-Laud	0087484006	Valise, sac sur roulettes	Bagagerie: sacs, valises, cartables	Déclaration de Perte
751	2023-06-16T17:35:46+00:00	Angers Saint-Laud	0087484006	Sac à dos	Bagagerie: sacs, valises, cartables	Déclaration de Perte
752	2023-06-27T17:07:01+00:00	Angers Saint-Laud	0087484006	Casque (vélo, moto)	Vélos, trottinettes, accessoires 2 roues	Déclaration de Perte
753	2023-05-16T12:37:37+00:00	Angers Saint-Laud	0087484006	Téléphone portable	Appareils électroniques, informatiques, appareils photo	Déclaration de Perte
754	2023-11-06T08:27:47+00:00	Angers Saint-Laud	0087484006	Lunettes en étui	Optique	Déclaration de Perte
755	2023-07-04T12:46:52+00:00	Angers Saint-Laud	0087484006	Valise, sac sur roulettes	Bagagerie: sacs, valises, cartables	Déclaration de Perte
756	2023-11-07T08:28:26+00:00	Angers Saint-Laud	0087484006	Disque dur externe, clé USB	Appareils électroniques, informatiques, appareils photo	Déclaration de Perte
757	2023-07-07T17:38:38+00:00	Angers Saint-Laud	0087484006	Valise, sac sur roulettes	Bagagerie: sacs, valises, cartables	Déclaration de Perte
758	2018-04-12T08:29:48+00:00	Angers Saint-Laud	0087484006	Valise, sac sur roulettes	Bagagerie: sacs, valises, cartables	Déclaration de Perte
759	2023-07-15T11:46:38+00:00	Angers Saint-Laud	0087484006	Valise, sac sur roulettes	Bagagerie: sacs, valises, cartables	Déclaration de Perte
760	2023-07-15T12:57:54+00:00	Angers Saint-Laud	0087484006	Carte d'identité, passeport, permis de conduire	Pièces d'identités et papiers personnels	Déclaration de Perte
761	2018-04-21T14:44:46+00:00	Angers Saint-Laud	0087484006	Manteau, veste, blazer, parka, blouson, cape	Vêtements, chaussures	Déclaration de Perte
762	2021-10-01T20:38:48+00:00	Angers Saint-Laud	0087484006	Valise, sac sur roulettes	Bagagerie: sacs, valises, cartables	Déclaration de Perte
763	2023-07-18T17:19:04+00:00	Angers Saint-Laud	0087484006	Valise, sac sur roulettes	Bagagerie: sacs, valises, cartables	Déclaration de Perte
764	2021-10-03T19:43:00+00:00	Angers Saint-Laud	0087484006	Valise, sac sur roulettes	Bagagerie: sacs, valises, cartables	Déclaration de Perte
765	2018-03-20T10:55:27+00:00	Angers Saint-Laud	0087484006	Porte-monnaie, portefeuille	Porte-monnaie / portefeuille, argent, titres	Déclaration de Perte
766	2023-06-02T10:22:35+00:00	Angers Saint-Laud	0087484006	Porte-monnaie, portefeuille	Porte-monnaie / portefeuille, argent, titres	Déclaration de Perte
767	2023-06-03T14:17:18+00:00	Angers Saint-Laud	0087484006	Manteau, veste, blazer, parka, blouson, cape	Vêtements, chaussures	Déclaration de Perte
768	2023-06-03T20:02:53+00:00	Angers Saint-Laud	0087484006	Tablette tactile protégée (étui, housse)	Appareils électroniques, informatiques, appareils photo	Déclaration de Perte
769	2023-09-17T13:37:48+00:00	Angers Saint-Laud	0087484006	Valise, sac sur roulettes	Bagagerie: sacs, valises, cartables	Déclaration de Perte
770	2023-06-06T17:29:29+00:00	Angers Saint-Laud	0087484006	Téléphone portable protégé (étui, coque,…)	Appareils électroniques, informatiques, appareils photo	Déclaration de Perte
771	2022-09-08T06:51:12+00:00	Angers Saint-Laud	0087484006	Sacoche ventrale, banane	Bagagerie: sacs, valises, cartables	Déclaration de Perte
772	2022-09-09T08:43:12+00:00	Angers Saint-Laud	0087484006	Sac de voyage, sac de sport, sac à bandoulière	Bagagerie: sacs, valises, cartables	Déclaration de Perte
773	2022-09-11T20:56:16+00:00	Angers Saint-Laud	0087484006	Médicaments	Articles médicaux	Déclaration de Perte
774	2023-06-17T14:45:23+00:00	Angers Saint-Laud	0087484006	Lunettes	Optique	Déclaration de Perte
775	2023-06-18T17:56:54+00:00	Angers Saint-Laud	0087484006	Sac à dos	Bagagerie: sacs, valises, cartables	Déclaration de Perte
776	2014-01-07T14:18:07+00:00	Angers Saint-Laud	0087484006	Porte-monnaie, portefeuille	Porte-monnaie / portefeuille, argent, titres	Déclaration de Perte
777	2023-06-19T13:18:45+00:00	Angers Saint-Laud	0087484006	Nécessaire, mallette de toilette, sac de maquillage	Bagagerie: sacs, valises, cartables	Déclaration de Perte
778	2014-01-14T09:32:56+00:00	Angers Saint-Laud	0087484006	Appareil photo, caméscope/caméras et accessoires	Appareils électroniques, informatiques, appareils photo	Déclaration de Perte
779	2022-09-16T09:01:45+00:00	Angers Saint-Laud	0087484006	Valise, sac sur roulettes	Bagagerie: sacs, valises, cartables	Déclaration de Perte
780	2022-09-16T10:09:20+00:00	Angers Saint-Laud	0087484006	Porte-monnaie, portefeuille	Porte-monnaie / portefeuille, argent, titres	Déclaration de Perte
781	2014-01-22T09:45:54+00:00	Angers Saint-Laud	0087484006	Trottinette	Vélos, trottinettes, accessoires 2 roues	Déclaration de Perte
782	2018-02-12T09:18:10+00:00	Angers Saint-Laud	0087484006	Carte de crédit	Porte-monnaie / portefeuille, argent, titres	Déclaration de Perte
783	2014-01-30T10:22:19+00:00	Angers Saint-Laud	0087484006	Pièce d'identité personnelle et autre	Pièces d'identités et papiers personnels	Déclaration de Perte
784	2014-01-31T08:23:56+00:00	Angers Saint-Laud	0087484006	Téléphone portable	Appareils électroniques, informatiques, appareils photo	Déclaration de Perte
785	2014-01-31T15:02:07+00:00	Angers Saint-Laud	0087484006	Bonnet, chapeau	Vêtements, chaussures	Déclaration de Perte
786	2023-06-23T07:36:23+00:00	Angers Saint-Laud	0087484006	Sac d'enseigne (plastique, papier, …)	Bagagerie: sacs, valises, cartables	Déclaration de Perte
787	2018-02-13T12:10:16+00:00	Angers Saint-Laud	0087484006	Lunettes en étui	Optique	Déclaration de Perte
788	2022-10-03T12:40:56+00:00	Angers Saint-Laud	0087484006	Téléphone portable	Appareils électroniques, informatiques, appareils photo	Déclaration de Perte
789	2022-10-03T12:49:34+00:00	Angers Saint-Laud	0087484006	Clés, porte-clés	Clés, porte-clés, badge magnétique	Déclaration de Perte
790	2022-10-04T12:19:57+00:00	Angers Saint-Laud	0087484006	Nécessaire, mallette de toilette, sac de maquillage	Bagagerie: sacs, valises, cartables	Déclaration de Perte
791	2018-11-27T11:22:59+00:00	Angers Saint-Laud	0087484006	Lunettes en étui	Optique	Déclaration de Perte
792	2023-06-14T09:35:45+00:00	Angers Saint-Laud	0087484006	Téléphone portable	Appareils électroniques, informatiques, appareils photo	Déclaration de Perte
793	2022-10-11T12:25:42+00:00	Angers Saint-Laud	0087484006	Foulard, écharpe	Vêtements, chaussures	Déclaration de Perte
794	2023-05-30T15:28:17+00:00	Angers Saint-Laud	0087484006	Clés, porte-clés	Clés, porte-clés, badge magnétique	Déclaration de Perte
795	2019-09-27T09:03:20+00:00	Angers Saint-Laud	0087484006	Sacoche ventrale, banane	Bagagerie: sacs, valises, cartables	Déclaration de Perte
796	2022-10-13T13:29:31+00:00	Angers Saint-Laud	0087484006	Téléphone portable	Appareils électroniques, informatiques, appareils photo	Déclaration de Perte
797	2022-10-14T19:39:06+00:00	Angers Saint-Laud	0087484006	Sac de voyage, sac de sport, sac à bandoulière	Bagagerie: sacs, valises, cartables	Déclaration de Perte
798	2018-05-30T07:00:51+00:00	Angers Saint-Laud	0087484006	Pièce d'identité personnelle et autre	Pièces d'identités et papiers personnels	Déclaration de Perte
799	2022-10-17T07:38:06+00:00	Angers Saint-Laud	0087484006	Manteau, veste, blazer, parka, blouson, cape	Vêtements, chaussures	Déclaration de Perte
800	2018-08-24T18:19:24+00:00	Angers Saint-Laud	0087484006	Vélo	Vélos, trottinettes, accessoires 2 roues	Déclaration de Perte
801	2018-06-01T08:51:24+00:00	Angers Saint-Laud	0087484006	Sac à dos	Bagagerie: sacs, valises, cartables	Déclaration de Perte
802	2018-08-28T13:05:12+00:00	Angers Saint-Laud	0087484006	Valise, sac sur roulettes	Bagagerie: sacs, valises, cartables	Déclaration de Perte
803	2018-08-30T07:59:43+00:00	Angers Saint-Laud	0087484006	Valise, sac sur roulettes	Bagagerie: sacs, valises, cartables	Déclaration de Perte
804	2022-08-30T14:03:39+00:00	Angers Saint-Laud	0087484006	Sac à dos	Bagagerie: sacs, valises, cartables	Déclaration de Perte
805	2022-08-31T12:06:23+00:00	Angers Saint-Laud	0087484006	Sac à main	Bagagerie: sacs, valises, cartables	Déclaration de Perte
806	2022-08-31T17:12:14+00:00	Angers Saint-Laud	0087484006	Sac à dos	Bagagerie: sacs, valises, cartables	Déclaration de Perte
807	2018-06-15T12:45:07+00:00	Angers Saint-Laud	0087484006	Manteau, veste, blazer, parka, blouson, cape	Vêtements, chaussures	Déclaration de Perte
808	2022-09-02T08:07:08+00:00	Angers Saint-Laud	0087484006	Téléphone portable	Appareils électroniques, informatiques, appareils photo	Déclaration de Perte
809	2022-08-09T13:19:16+00:00	Angers Saint-Laud	0087484006	Nécessaire, mallette de toilette, sac de maquillage	Bagagerie: sacs, valises, cartables	Déclaration de Perte
810	2018-01-22T08:12:41+00:00	Angers Saint-Laud	0087484006	Sac de voyage, sac de sport, sac à bandoulière	Bagagerie: sacs, valises, cartables	Déclaration de Perte
811	2014-04-16T12:33:57+00:00	Angers Saint-Laud	0087484006	Sac de voyage, sac de sport, sac à bandoulière	Bagagerie: sacs, valises, cartables	Déclaration de Perte
812	2022-08-12T20:34:53+00:00	Angers Saint-Laud	0087484006	Sac à dos	Bagagerie: sacs, valises, cartables	Déclaration de Perte
813	2022-08-13T15:32:03+00:00	Angers Saint-Laud	0087484006	Sac à dos	Bagagerie: sacs, valises, cartables	Déclaration de Perte
814	2018-10-09T07:57:18+00:00	Angers Saint-Laud	0087484006	Porte-monnaie, portefeuille	Porte-monnaie / portefeuille, argent, titres	Déclaration de Perte
815	2013-11-14T09:35:36+00:00	Angers Saint-Laud	0087484006	Porte-monnaie, portefeuille	Porte-monnaie / portefeuille, argent, titres	Déclaration de Perte
816	2013-11-15T09:47:06+00:00	Angers Saint-Laud	0087484006	Lunettes en étui	Optique	Déclaration de Perte
817	2018-10-09T13:12:53+00:00	Angers Saint-Laud	0087484006	Sac à dos	Bagagerie: sacs, valises, cartables	Déclaration de Perte
818	2013-12-20T12:16:02+00:00	Angers Saint-Laud	0087484006	Ordinateur, ordinateur portable, notebook	Appareils électroniques, informatiques, appareils photo	Déclaration de Perte
819	2013-12-20T14:59:04+00:00	Angers Saint-Laud	0087484006	Porte-monnaie, portefeuille	Porte-monnaie / portefeuille, argent, titres	Déclaration de Perte
820	2018-08-20T08:13:19+00:00	Angers Saint-Laud	0087484006	Porte-monnaie, portefeuille	Porte-monnaie / portefeuille, argent, titres	Déclaration de Perte
821	2022-09-23T20:57:40+00:00	Angers Saint-Laud	0087484006	Manteau, veste, blazer, parka, blouson, cape	Vêtements, chaussures	Déclaration de Perte
822	2018-08-22T09:07:32+00:00	Angers Saint-Laud	0087484006	Sac de voyage, sac de sport, sac à bandoulière	Bagagerie: sacs, valises, cartables	Déclaration de Perte
823	2018-08-21T11:02:29+00:00	Angers Saint-Laud	0087484006	Produits cosmétiques (parfum, etc.)	Divers	Déclaration de Perte
824	2014-04-03T09:22:17+00:00	Angers Saint-Laud	0087484006	Carte d'identité, passeport, permis de conduire	Pièces d'identités et papiers personnels	Déclaration de Perte
825	2014-04-07T13:47:12+00:00	Angers Saint-Laud	0087484006	Clés, porte-clés	Clés, porte-clés, badge magnétique	Déclaration de Perte
826	2022-06-04T10:31:05+00:00	Angers Saint-Laud	0087484006	Sac d'enseigne (plastique, papier, …)	Bagagerie: sacs, valises, cartables	Déclaration de Perte
827	2018-09-21T05:40:59+00:00	Angers Saint-Laud	0087484006	Vélo	Vélos, trottinettes, accessoires 2 roues	Déclaration de Perte
828	2018-09-21T13:08:23+00:00	Angers Saint-Laud	0087484006	Sacoche pour ordinateur, photo, vidéo	Bagagerie: sacs, valises, cartables	Déclaration de Perte
829	2022-09-18T15:14:33+00:00	Angers Saint-Laud	0087484006	Pièce d'identité personnelle et autre	Pièces d'identités et papiers personnels	Déclaration de Perte
830	2022-06-07T09:17:10+00:00	Angers Saint-Laud	0087484006	Valise, sac sur roulettes	Bagagerie: sacs, valises, cartables	Déclaration de Perte
831	2018-10-31T14:46:58+00:00	Angers Saint-Laud	0087484006	Valise, sac sur roulettes	Bagagerie: sacs, valises, cartables	Déclaration de Perte
832	2022-09-20T11:01:23+00:00	Angers Saint-Laud	0087484006	Foulard, écharpe	Vêtements, chaussures	Déclaration de Perte
833	2022-06-09T13:58:44+00:00	Angers Saint-Laud	0087484006	Autre pièce ou papier personnel	Pièces d'identités et papiers personnels	Déclaration de Perte
834	2022-06-09T16:33:28+00:00	Angers Saint-Laud	0087484006	Téléphone portable	Appareils électroniques, informatiques, appareils photo	Déclaration de Perte
835	2022-10-06T08:36:42+00:00	Angers Saint-Laud	0087484006	Téléphone portable protégé (étui, coque,…)	Appareils électroniques, informatiques, appareils photo	Déclaration de Perte
836	2022-06-10T18:29:26+00:00	Angers Saint-Laud	0087484006	Sacoche ventrale, banane	Bagagerie: sacs, valises, cartables	Déclaration de Perte
837	2022-09-22T18:21:59+00:00	Angers Saint-Laud	0087484006	Clés, porte-clés	Clés, porte-clés, badge magnétique	Déclaration de Perte
838	2022-10-09T09:36:48+00:00	Angers Saint-Laud	0087484006	Autres divers	Divers	Déclaration de Perte
839	2018-01-10T09:53:13+00:00	Angers Saint-Laud	0087484006	Sac à dos	Bagagerie: sacs, valises, cartables	Déclaration de Perte
840	2018-01-10T10:13:33+00:00	Angers Saint-Laud	0087484006	Pièce d'identité personnelle et autre	Pièces d'identités et papiers personnels	Déclaration de Perte
841	2022-10-11T06:15:56+00:00	Angers Saint-Laud	0087484006	Foulard, écharpe	Vêtements, chaussures	Déclaration de Perte
842	2022-09-29T12:16:30+00:00	Angers Saint-Laud	0087484006	Sac de voyage, sac de sport, sac à bandoulière	Bagagerie: sacs, valises, cartables	Déclaration de Perte
843	2022-10-03T10:24:28+00:00	Angers Saint-Laud	0087484006	Manteau, veste, blazer, parka, blouson, cape	Vêtements, chaussures	Déclaration de Perte
844	2022-07-16T20:20:38+00:00	Angers Saint-Laud	0087484006	Téléphone portable	Appareils électroniques, informatiques, appareils photo	Déclaration de Perte
845	2022-07-18T14:05:49+00:00	Angers Saint-Laud	0087484006	Téléphone portable	Appareils électroniques, informatiques, appareils photo	Déclaration de Perte
846	2022-10-01T15:28:00+00:00	Angers Saint-Laud	0087484006	Ordinateur, ordinateur portable, notebook	Appareils électroniques, informatiques, appareils photo	Déclaration de Perte
847	2022-07-19T06:40:27+00:00	Angers Saint-Laud	0087484006	Sac de voyage, sac de sport, sac à bandoulière	Bagagerie: sacs, valises, cartables	Déclaration de Perte
848	2022-05-06T18:28:06+00:00	Angers Saint-Laud	0087484006	Sac à dos	Bagagerie: sacs, valises, cartables	Déclaration de Perte
849	2022-05-06T18:35:08+00:00	Angers Saint-Laud	0087484006	Autres divers	Divers	Déclaration de Perte
850	2022-10-07T19:46:09+00:00	Angers Saint-Laud	0087484006	Sac à dos	Bagagerie: sacs, valises, cartables	Déclaration de Perte
851	2022-08-07T14:53:51+00:00	Angers Saint-Laud	0087484006	Sac d'enseigne (plastique, papier, …)	Bagagerie: sacs, valises, cartables	Déclaration de Perte
852	2022-10-07T20:57:54+00:00	Angers Saint-Laud	0087484006	Sac à main	Bagagerie: sacs, valises, cartables	Déclaration de Perte
853	2018-07-10T06:44:50+00:00	Angers Saint-Laud	0087484006	Téléphone portable	Appareils électroniques, informatiques, appareils photo	Déclaration de Perte
854	2022-10-09T10:30:34+00:00	Angers Saint-Laud	0087484006	Valise, sac sur roulettes	Bagagerie: sacs, valises, cartables	Déclaration de Perte
855	2022-05-09T20:19:23+00:00	Angers Saint-Laud	0087484006	Casque (vélo, moto)	Vélos, trottinettes, accessoires 2 roues	Déclaration de Perte
856	2022-05-09T20:24:09+00:00	Angers Saint-Laud	0087484006	Valise, sac sur roulettes	Bagagerie: sacs, valises, cartables	Déclaration de Perte
857	2022-10-10T17:16:32+00:00	Angers Saint-Laud	0087484006	Porte-monnaie, portefeuille	Porte-monnaie / portefeuille, argent, titres	Déclaration de Perte
858	2020-09-28T18:31:06+00:00	Angers Saint-Laud	0087484006	Téléphone portable	Appareils électroniques, informatiques, appareils photo	Déclaration de Perte
859	2022-05-10T11:54:25+00:00	Angers Saint-Laud	0087484006	Sac à main	Bagagerie: sacs, valises, cartables	Déclaration de Perte
860	2021-09-06T17:05:17+00:00	Angers Saint-Laud	0087484006	Manteau, veste, blazer, parka, blouson, cape	Vêtements, chaussures	Déclaration de Perte
861	2020-09-29T17:57:42+00:00	Angers Saint-Laud	0087484006	Valise, sac sur roulettes	Bagagerie: sacs, valises, cartables	Déclaration de Perte
862	2018-07-16T06:34:04+00:00	Angers Saint-Laud	0087484006	Sac à dos	Bagagerie: sacs, valises, cartables	Déclaration de Perte
863	2020-10-02T09:46:47+00:00	Angers Saint-Laud	0087484006	Sac à dos	Bagagerie: sacs, valises, cartables	Déclaration de Perte
864	2020-10-02T13:56:13+00:00	Angers Saint-Laud	0087484006	Téléphone portable	Appareils électroniques, informatiques, appareils photo	Déclaration de Perte
865	2022-10-13T17:00:41+00:00	Angers Saint-Laud	0087484006	Clés, porte-clés	Clés, porte-clés, badge magnétique	Déclaration de Perte
866	2020-10-04T10:47:33+00:00	Angers Saint-Laud	0087484006	Valise, sac sur roulettes	Bagagerie: sacs, valises, cartables	Déclaration de Perte
867	2020-10-04T14:52:20+00:00	Angers Saint-Laud	0087484006	Parapluie télescopique, parapluie de poche	Parapluies	Déclaration de Perte
868	2022-05-13T20:08:30+00:00	Angers Saint-Laud	0087484006	Nécessaire, mallette de toilette, sac de maquillage	Bagagerie: sacs, valises, cartables	Déclaration de Perte
869	2018-07-17T12:49:44+00:00	Angers Saint-Laud	0087484006	Valise, sac sur roulettes	Bagagerie: sacs, valises, cartables	Déclaration de Perte
870	2021-09-11T14:52:08+00:00	Angers Saint-Laud	0087484006	Porte-monnaie, portefeuille	Porte-monnaie / portefeuille, argent, titres	Déclaration de Perte
871	2020-10-07T11:17:30+00:00	Angers Saint-Laud	0087484006	Manteau, veste, blazer, parka, blouson, cape	Vêtements, chaussures	Déclaration de Perte
872	2022-05-16T09:36:10+00:00	Angers Saint-Laud	0087484006	Valise, sac sur roulettes	Bagagerie: sacs, valises, cartables	Déclaration de Perte
873	2022-05-16T13:14:56+00:00	Angers Saint-Laud	0087484006	Autres divers	Divers	Déclaration de Perte
874	2020-10-09T17:42:23+00:00	Angers Saint-Laud	0087484006	Valise, sac sur roulettes	Bagagerie: sacs, valises, cartables	Déclaration de Perte
875	2022-05-17T13:25:48+00:00	Angers Saint-Laud	0087484006	Valise, sac sur roulettes	Bagagerie: sacs, valises, cartables	Déclaration de Perte
876	2022-09-05T11:40:03+00:00	Angers Saint-Laud	0087484006	Valise, sac sur roulettes	Bagagerie: sacs, valises, cartables	Déclaration de Perte
877	2022-09-18T21:02:00+00:00	Angers Saint-Laud	0087484006	Sac à dos	Bagagerie: sacs, valises, cartables	Déclaration de Perte
878	2022-09-09T16:21:08+00:00	Angers Saint-Laud	0087484006	Sac d'enseigne (plastique, papier, …)	Bagagerie: sacs, valises, cartables	Déclaration de Perte
879	2022-09-23T20:54:19+00:00	Angers Saint-Laud	0087484006	Porte-monnaie, portefeuille	Porte-monnaie / portefeuille, argent, titres	Déclaration de Perte
880	2022-09-10T19:59:26+00:00	Angers Saint-Laud	0087484006	Autres appareils et accessoires électroniques	Appareils électroniques, informatiques, appareils photo	Déclaration de Perte
881	2022-09-12T09:39:06+00:00	Angers Saint-Laud	0087484006	Pull over, gilet	Vêtements, chaussures	Déclaration de Perte
882	2022-09-13T12:18:36+00:00	Angers Saint-Laud	0087484006	Appareils respiratoire avec ou sans protection	Articles médicaux	Déclaration de Perte
883	2020-08-05T17:33:36+00:00	Angers Saint-Laud	0087484006	Casque (vélo, moto)	Vélos, trottinettes, accessoires 2 roues	Déclaration de Perte
884	2022-09-16T20:45:34+00:00	Angers Saint-Laud	0087484006	Valise, sac sur roulettes	Bagagerie: sacs, valises, cartables	Déclaration de Perte
885	2019-09-09T12:22:44+00:00	Angers Saint-Laud	0087484006	Téléphone portable protégé (étui, coque,…)	Appareils électroniques, informatiques, appareils photo	Déclaration de Perte
886	2018-07-31T15:28:50+00:00	Angers Saint-Laud	0087484006	Manteau, veste, blazer, parka, blouson, cape	Vêtements, chaussures	Déclaration de Perte
887	2021-08-31T14:15:58+00:00	Angers Saint-Laud	0087484006	AirPod, casque audio, écouteurs	Appareils électroniques, informatiques, appareils photo	Déclaration de Perte
888	2023-09-04T05:44:04+00:00	Angers Saint-Laud	0087484006	Clés, porte-clés	Clés, porte-clés, badge magnétique	Déclaration de Perte
889	2023-09-04T08:33:16+00:00	Angers Saint-Laud	0087484006	Bonnet, chapeau	Vêtements, chaussures	Déclaration de Perte
890	2022-09-28T17:25:08+00:00	Angers Saint-Laud	0087484006	Valise, sac sur roulettes	Bagagerie: sacs, valises, cartables	Déclaration de Perte
891	2021-09-17T15:22:14+00:00	Angers Saint-Laud	0087484006	Téléphone portable	Appareils électroniques, informatiques, appareils photo	Déclaration de Perte
892	2023-09-06T08:47:05+00:00	Angers Saint-Laud	0087484006	AirPod, casque audio, écouteurs	Appareils électroniques, informatiques, appareils photo	Déclaration de Perte
893	2018-08-08T09:32:36+00:00	Angers Saint-Laud	0087484006	Sac à dos	Bagagerie: sacs, valises, cartables	Déclaration de Perte
894	2020-08-19T14:27:39+00:00	Angers Saint-Laud	0087484006	Vélo	Vélos, trottinettes, accessoires 2 roues	Déclaration de Perte
895	2022-09-22T18:24:59+00:00	Angers Saint-Laud	0087484006	Casque (vélo, moto)	Vélos, trottinettes, accessoires 2 roues	Déclaration de Perte
896	2023-08-16T12:52:00+00:00	Angers Saint-Laud	0087484006	Manteau, veste, blazer, parka, blouson, cape	Vêtements, chaussures	Déclaration de Perte
897	2020-08-22T05:46:56+00:00	Angers Saint-Laud	0087484006	Sac à main	Bagagerie: sacs, valises, cartables	Déclaration de Perte
898	2023-08-16T19:47:52+00:00	Angers Saint-Laud	0087484006	Sac à dos	Bagagerie: sacs, valises, cartables	Déclaration de Perte
899	2023-08-17T13:06:50+00:00	Angers Saint-Laud	0087484006	Vélo	Vélos, trottinettes, accessoires 2 roues	Déclaration de Perte
900	2022-09-22T16:18:00+00:00	Angers Saint-Laud	0087484006	Téléphone portable protégé (étui, coque,…)	Appareils électroniques, informatiques, appareils photo	Déclaration de Perte
901	2022-09-22T18:33:16+00:00	Angers Saint-Laud	0087484006	Manteau, veste, blazer, parka, blouson, cape	Vêtements, chaussures	Déclaration de Perte
902	2020-12-26T11:03:54+00:00	Angers Saint-Laud	0087484006	Sac à dos	Bagagerie: sacs, valises, cartables	Déclaration de Perte
903	2022-09-24T11:46:53+00:00	Angers Saint-Laud	0087484006	Sac à main	Bagagerie: sacs, valises, cartables	Déclaration de Perte
904	2022-09-25T09:31:47+00:00	Angers Saint-Laud	0087484006	Sacoche ventrale, banane	Bagagerie: sacs, valises, cartables	Déclaration de Perte
905	2022-09-25T18:18:20+00:00	Angers Saint-Laud	0087484006	Valise, sac sur roulettes	Bagagerie: sacs, valises, cartables	Déclaration de Perte
906	2022-09-25T18:25:24+00:00	Angers Saint-Laud	0087484006	Autres articles enfants, bébé	Articles d'enfants, de puériculture	Déclaration de Perte
907	2022-09-26T07:32:26+00:00	Angers Saint-Laud	0087484006	Gants	Vêtements, chaussures	Déclaration de Perte
908	2023-08-21T15:59:39+00:00	Angers Saint-Laud	0087484006	Autres articles enfants, bébé	Articles d'enfants, de puériculture	Déclaration de Perte
909	2020-07-30T17:35:36+00:00	Angers Saint-Laud	0087484006	Autres divers	Divers	Déclaration de Perte
910	2020-08-01T10:38:29+00:00	Angers Saint-Laud	0087484006	Lunettes	Optique	Déclaration de Perte
911	2020-08-02T08:31:42+00:00	Angers Saint-Laud	0087484006	Valise, sac sur roulettes	Bagagerie: sacs, valises, cartables	Déclaration de Perte
912	2020-08-04T12:18:59+00:00	Angers Saint-Laud	0087484006	Sac de voyage, sac de sport, sac à bandoulière	Bagagerie: sacs, valises, cartables	Déclaration de Perte
913	2019-08-19T07:50:13+00:00	Angers Saint-Laud	0087484006	Téléphone portable	Appareils électroniques, informatiques, appareils photo	Déclaration de Perte
914	2021-01-07T17:06:44+00:00	Angers Saint-Laud	0087484006	Accessoires 2 roues	Vélos, trottinettes, accessoires 2 roues	Déclaration de Perte
915	2020-09-21T08:03:47+00:00	Angers Saint-Laud	0087484006	Téléphone portable	Appareils électroniques, informatiques, appareils photo	Déclaration de Perte
916	2021-01-11T17:49:07+00:00	Angers Saint-Laud	0087484006	Porte-monnaie, portefeuille	Porte-monnaie / portefeuille, argent, titres	Déclaration de Perte
917	2020-09-23T13:07:20+00:00	Angers Saint-Laud	0087484006	Autres appareils et accessoires électroniques	Appareils électroniques, informatiques, appareils photo	Déclaration de Perte
918	2020-10-17T10:58:42+00:00	Angers Saint-Laud	0087484006	Carte de crédit	Porte-monnaie / portefeuille, argent, titres	Déclaration de Perte
919	2020-07-06T17:22:39+00:00	Angers Saint-Laud	0087484006	Sac d'enseigne (plastique, papier, …)	Bagagerie: sacs, valises, cartables	Déclaration de Perte
920	2020-03-02T07:57:21+00:00	Angers Saint-Laud	0087484006	Sac de voyage, sac de sport, sac à bandoulière	Bagagerie: sacs, valises, cartables	Déclaration de Perte
921	2020-03-03T20:46:49+00:00	Angers Saint-Laud	0087484006	Parapluie télescopique, parapluie de poche	Parapluies	Déclaration de Perte
922	2020-03-06T16:50:03+00:00	Angers Saint-Laud	0087484006	Attaché-case, serviette	Bagagerie: sacs, valises, cartables	Déclaration de Perte
923	2020-07-12T19:08:12+00:00	Angers Saint-Laud	0087484006	Téléphone portable	Appareils électroniques, informatiques, appareils photo	Déclaration de Perte
924	2020-03-09T17:01:49+00:00	Angers Saint-Laud	0087484006	Valise, sac sur roulettes	Bagagerie: sacs, valises, cartables	Déclaration de Perte
925	2022-07-21T10:12:42+00:00	Angers Saint-Laud	0087484006	Autres divers	Divers	Déclaration de Perte
926	2020-03-13T21:52:17+00:00	Angers Saint-Laud	0087484006	Ordinateur, ordinateur portable, notebook protégé (étui, housse,…)	Appareils électroniques, informatiques, appareils photo	Déclaration de Perte
927	2022-09-28T18:25:41+00:00	Angers Saint-Laud	0087484006	Valise, sac sur roulettes	Bagagerie: sacs, valises, cartables	Déclaration de Perte
928	2022-09-30T11:26:35+00:00	Angers Saint-Laud	0087484006	Sac de voyage, sac de sport, sac à bandoulière	Bagagerie: sacs, valises, cartables	Déclaration de Perte
929	2022-09-30T12:56:23+00:00	Angers Saint-Laud	0087484006	Téléphone portable	Appareils électroniques, informatiques, appareils photo	Déclaration de Perte
930	2020-07-22T06:13:59+00:00	Angers Saint-Laud	0087484006	Sac à main	Bagagerie: sacs, valises, cartables	Déclaration de Perte
931	2020-02-18T14:37:10+00:00	Angers Saint-Laud	0087484006	Sac à dos	Bagagerie: sacs, valises, cartables	Déclaration de Perte
932	2020-07-24T07:08:51+00:00	Angers Saint-Laud	0087484006	Porte-monnaie, portefeuille	Porte-monnaie / portefeuille, argent, titres	Déclaration de Perte
933	2024-01-05T20:55:34+00:00	Angers Saint-Laud	0087484006	Valise, sac sur roulettes	Bagagerie: sacs, valises, cartables	Déclaration de Perte
934	2020-02-19T13:45:25+00:00	Angers Saint-Laud	0087484006	Sacoche pour ordinateur, photo, vidéo	Bagagerie: sacs, valises, cartables	Déclaration de Perte
935	2022-01-28T18:36:07+00:00	Angers Saint-Laud	0087484006	Porte-monnaie, portefeuille	Porte-monnaie / portefeuille, argent, titres	Déclaration de Perte
936	2020-02-21T17:56:30+00:00	Angers Saint-Laud	0087484006	Sac à dos	Bagagerie: sacs, valises, cartables	Déclaration de Perte
937	2022-01-31T16:29:21+00:00	Angers Saint-Laud	0087484006	Porte-monnaie, portefeuille	Porte-monnaie / portefeuille, argent, titres	Déclaration de Perte
938	2022-02-02T21:01:02+00:00	Angers Saint-Laud	0087484006	Sac de voyage, sac de sport, sac à bandoulière	Bagagerie: sacs, valises, cartables	Déclaration de Perte
939	2022-02-04T14:16:49+00:00	Angers Saint-Laud	0087484006	Valise, sac sur roulettes	Bagagerie: sacs, valises, cartables	Déclaration de Perte
940	2022-02-04T16:29:57+00:00	Angers Saint-Laud	0087484006	Valise, sac sur roulettes	Bagagerie: sacs, valises, cartables	Déclaration de Perte
941	2020-11-19T07:02:27+00:00	Angers Saint-Laud	0087484006	Gants	Vêtements, chaussures	Déclaration de Perte
942	2019-10-04T15:28:24+00:00	Angers Saint-Laud	0087484006	Sac à dos	Bagagerie: sacs, valises, cartables	Déclaration de Perte
943	2020-11-26T07:29:46+00:00	Angers Saint-Laud	0087484006	Autres divers	Divers	Déclaration de Perte
944	2021-10-04T07:58:59+00:00	Angers Saint-Laud	0087484006	Sac à dos	Bagagerie: sacs, valises, cartables	Déclaration de Perte
945	2023-07-31T13:51:52+00:00	Angers Saint-Laud	0087484006	Valise, sac sur roulettes	Bagagerie: sacs, valises, cartables	Déclaration de Perte
946	2020-12-17T07:49:55+00:00	Angers Saint-Laud	0087484006	Téléphone portable	Appareils électroniques, informatiques, appareils photo	Déclaration de Perte
947	2023-07-31T19:52:47+00:00	Angers Saint-Laud	0087484006	Manteau, veste, blazer, parka, blouson, cape	Vêtements, chaussures	Déclaration de Perte
948	2023-08-02T17:46:03+00:00	Angers Saint-Laud	0087484006	Valise, sac sur roulettes	Bagagerie: sacs, valises, cartables	Déclaration de Perte
949	2020-12-21T15:07:50+00:00	Angers Saint-Laud	0087484006	Tablette tactile protégée (étui, housse)	Appareils électroniques, informatiques, appareils photo	Déclaration de Perte
950	2023-08-03T09:14:15+00:00	Angers Saint-Laud	0087484006	Sacoche pour ordinateur, photo, vidéo	Bagagerie: sacs, valises, cartables	Déclaration de Perte
951	2019-02-05T13:46:15+00:00	Angers Saint-Laud	0087484006	Sac de voyage, sac de sport, sac à bandoulière	Bagagerie: sacs, valises, cartables	Déclaration de Perte
952	2020-12-24T14:16:57+00:00	Angers Saint-Laud	0087484006	Téléphone portable	Appareils électroniques, informatiques, appareils photo	Déclaration de Perte
953	2021-02-09T09:35:15+00:00	Angers Saint-Laud	0087484006	Sac à main	Bagagerie: sacs, valises, cartables	Déclaration de Perte
954	2021-02-09T14:29:27+00:00	Angers Saint-Laud	0087484006	Porte-monnaie, portefeuille	Porte-monnaie / portefeuille, argent, titres	Déclaration de Perte
955	2021-10-10T15:43:21+00:00	Angers Saint-Laud	0087484006	Valise, sac sur roulettes	Bagagerie: sacs, valises, cartables	Déclaration de Perte
956	2020-12-14T09:56:55+00:00	Angers Saint-Laud	0087484006	Porte-monnaie, portefeuille	Porte-monnaie / portefeuille, argent, titres	Déclaration de Perte
957	2020-12-16T17:15:52+00:00	Angers Saint-Laud	0087484006	Valise, sac sur roulettes	Bagagerie: sacs, valises, cartables	Déclaration de Perte
958	2019-02-11T11:37:14+00:00	Angers Saint-Laud	0087484006	Téléphone portable	Appareils électroniques, informatiques, appareils photo	Déclaration de Perte
959	2019-02-11T11:46:40+00:00	Angers Saint-Laud	0087484006	Sac à dos	Bagagerie: sacs, valises, cartables	Déclaration de Perte
960	2021-01-25T06:50:32+00:00	Angers Saint-Laud	0087484006	Téléphone portable protégé (étui, coque,…)	Appareils électroniques, informatiques, appareils photo	Déclaration de Perte
961	2023-08-09T12:49:49+00:00	Angers Saint-Laud	0087484006	Téléphone portable protégé (étui, coque,…)	Appareils électroniques, informatiques, appareils photo	Déclaration de Perte
962	2021-01-25T22:18:27+00:00	Angers Saint-Laud	0087484006	Clé de voiture	Clés, porte-clés, badge magnétique	Déclaration de Perte
963	2020-12-22T12:20:00+00:00	Angers Saint-Laud	0087484006	Sac à dos	Bagagerie: sacs, valises, cartables	Déclaration de Perte
964	2019-10-21T12:46:14+00:00	Angers Saint-Laud	0087484006	Attaché-case, serviette	Bagagerie: sacs, valises, cartables	Déclaration de Perte
965	2020-12-24T14:47:49+00:00	Angers Saint-Laud	0087484006	Valise, sac sur roulettes	Bagagerie: sacs, valises, cartables	Déclaration de Perte
966	2020-12-24T21:24:31+00:00	Angers Saint-Laud	0087484006	Sac à main	Bagagerie: sacs, valises, cartables	Déclaration de Perte
967	2023-08-12T20:49:13+00:00	Angers Saint-Laud	0087484006	Sac de voyage, sac de sport, sac à bandoulière	Bagagerie: sacs, valises, cartables	Déclaration de Perte
968	2020-12-06T17:29:58+00:00	Angers Saint-Laud	0087484006	Bonnet, chapeau	Vêtements, chaussures	Déclaration de Perte
969	2021-10-27T08:54:09+00:00	Angers Saint-Laud	0087484006	Porte-monnaie, portefeuille	Porte-monnaie / portefeuille, argent, titres	Déclaration de Perte
970	2020-10-21T15:56:33+00:00	Angers Saint-Laud	0087484006	Manteau, veste, blazer, parka, blouson, cape	Vêtements, chaussures	Déclaration de Perte
971	2020-06-27T16:01:25+00:00	Angers Saint-Laud	0087484006	Lunettes	Optique	Déclaration de Perte
972	2024-01-22T18:46:47+00:00	Angers Saint-Laud	0087484006	Sac de voyage, sac de sport, sac à bandoulière	Bagagerie: sacs, valises, cartables	Déclaration de Perte
973	2024-01-23T14:54:43+00:00	Angers Saint-Laud	0087484006	Article de papéterie, stylo, classeur	Livres, articles de papéterie	Déclaration de Perte
974	2024-04-05T11:30:31+00:00	Angers Saint-Laud	0087484006	Bonnet, chapeau	Vêtements, chaussures	Déclaration de Perte
975	2024-04-06T13:26:15+00:00	Angers Saint-Laud	0087484006	Porte-monnaie, portefeuille	Porte-monnaie / portefeuille, argent, titres	Déclaration de Perte
976	2024-04-06T20:23:39+00:00	Angers Saint-Laud	0087484006	AirPod, casque audio, écouteurs	Appareils électroniques, informatiques, appareils photo	Déclaration de Perte
977	2020-10-28T18:27:39+00:00	Angers Saint-Laud	0087484006	Valise, sac sur roulettes	Bagagerie: sacs, valises, cartables	Déclaration de Perte
978	2024-04-08T09:20:24+00:00	Angers Saint-Laud	0087484006	Valise, sac sur roulettes	Bagagerie: sacs, valises, cartables	Déclaration de Perte
979	2020-01-31T10:47:32+00:00	Angers Saint-Laud	0087484006	Sacoche pour ordinateur, photo, vidéo	Bagagerie: sacs, valises, cartables	Déclaration de Perte
980	2024-01-27T11:45:21+00:00	Angers Saint-Laud	0087484006	Téléphone portable protégé (étui, coque,…)	Appareils électroniques, informatiques, appareils photo	Déclaration de Perte
981	2020-02-03T15:30:25+00:00	Angers Saint-Laud	0087484006	Sac à dos	Bagagerie: sacs, valises, cartables	Déclaration de Perte
982	2020-02-03T16:00:28+00:00	Angers Saint-Laud	0087484006	Autres articles de papeterie	Livres, articles de papéterie	Déclaration de Perte
983	2020-02-03T18:09:35+00:00	Angers Saint-Laud	0087484006	Sac de voyage, sac de sport, sac à bandoulière	Bagagerie: sacs, valises, cartables	Déclaration de Perte
984	2021-01-23T16:48:24+00:00	Angers Saint-Laud	0087484006	Valise, sac sur roulettes	Bagagerie: sacs, valises, cartables	Déclaration de Perte
985	2021-01-26T12:32:19+00:00	Angers Saint-Laud	0087484006	Accessoires 2 roues	Vélos, trottinettes, accessoires 2 roues	Déclaration de Perte
986	2024-04-20T09:31:37+00:00	Angers Saint-Laud	0087484006	Manteau, veste, blazer, parka, blouson, cape	Vêtements, chaussures	Déclaration de Perte
987	2021-01-27T16:09:33+00:00	Angers Saint-Laud	0087484006	Porte-monnaie, portefeuille	Porte-monnaie / portefeuille, argent, titres	Déclaration de Perte
988	2020-11-18T15:49:43+00:00	Angers Saint-Laud	0087484006	Sac de voyage, sac de sport, sac à bandoulière	Bagagerie: sacs, valises, cartables	Déclaration de Perte
989	2024-02-23T19:18:24+00:00	Angers Saint-Laud	0087484006	Clés, porte-clés	Clés, porte-clés, badge magnétique	Déclaration de Perte
990	2020-03-04T18:21:37+00:00	Angers Saint-Laud	0087484006	Porte-monnaie, portefeuille	Porte-monnaie / portefeuille, argent, titres	Déclaration de Perte
991	2024-04-23T15:01:21+00:00	Angers Saint-Laud	0087484006	Téléphone portable	Appareils électroniques, informatiques, appareils photo	Déclaration de Perte
992	2020-03-16T18:54:10+00:00	Angers Saint-Laud	0087484006	Sac à dos	Bagagerie: sacs, valises, cartables	Déclaration de Perte
993	2020-03-17T12:48:31+00:00	Angers Saint-Laud	0087484006	Sac à dos	Bagagerie: sacs, valises, cartables	Déclaration de Perte
994	2020-03-11T09:08:00+00:00	Angers Saint-Laud	0087484006	Sac à dos	Bagagerie: sacs, valises, cartables	Déclaration de Perte
995	2020-03-13T19:38:18+00:00	Angers Saint-Laud	0087484006	Ordinateur, ordinateur portable, notebook protégé (étui, housse,…)	Appareils électroniques, informatiques, appareils photo	Déclaration de Perte
996	2020-02-08T20:36:32+00:00	Angers Saint-Laud	0087484006	Valise, sac sur roulettes	Bagagerie: sacs, valises, cartables	Déclaration de Perte
997	2024-02-03T14:16:46+00:00	Angers Saint-Laud	0087484006	Valise, sac sur roulettes	Bagagerie: sacs, valises, cartables	Déclaration de Perte
998	2020-02-09T21:15:43+00:00	Angers Saint-Laud	0087484006	Valise, sac sur roulettes	Bagagerie: sacs, valises, cartables	Déclaration de Perte
999	2020-02-10T18:03:33+00:00	Angers Saint-Laud	0087484006	Autres vêtements	Vêtements, chaussures	Déclaration de Perte
1000	2024-02-05T11:31:41+00:00	Angers Saint-Laud	0087484006	Manteau, veste, blazer, parka, blouson, cape	Vêtements, chaussures	Déclaration de Perte
1001	2020-05-14T13:31:42+00:00	Angers Saint-Laud	0087484006	Valise, sac sur roulettes	Bagagerie: sacs, valises, cartables	Déclaration de Perte
1002	2020-02-12T10:58:07+00:00	Angers Saint-Laud	0087484006	Carte d'identité, passeport, permis de conduire	Pièces d'identités et papiers personnels	Déclaration de Perte
1003	2013-11-13T09:50:41+00:00	Angers Saint-Laud	0087484006	Lunettes en étui	Optique	Déclaration de Perte
1004	2024-02-06T09:43:09+00:00	Angers Saint-Laud	0087484006	Sac à dos	Bagagerie: sacs, valises, cartables	Déclaration de Perte
1005	2024-03-19T21:12:01+00:00	Angers Saint-Laud	0087484006	Sac à dos	Bagagerie: sacs, valises, cartables	Déclaration de Perte
1006	2020-02-14T16:49:14+00:00	Angers Saint-Laud	0087484006	Attaché-case, serviette	Bagagerie: sacs, valises, cartables	Déclaration de Perte
1007	2020-07-17T14:10:28+00:00	Angers Saint-Laud	0087484006	Autres bijoux	Bijoux, montres	Déclaration de Perte
1008	2020-12-28T10:33:29+00:00	Angers Saint-Laud	0087484006	Valise, sac sur roulettes	Bagagerie: sacs, valises, cartables	Déclaration de Perte
1009	2020-12-28T10:47:03+00:00	Angers Saint-Laud	0087484006	Ordinateur, ordinateur portable, notebook	Appareils électroniques, informatiques, appareils photo	Déclaration de Perte
1010	2020-12-28T18:08:56+00:00	Angers Saint-Laud	0087484006	Casque (vélo, moto)	Vélos, trottinettes, accessoires 2 roues	Déclaration de Perte
1011	2018-09-27T13:58:34+00:00	Angers Saint-Laud	0087484006	Sac à dos	Bagagerie: sacs, valises, cartables	Déclaration de Perte
1012	2024-03-23T16:08:25+00:00	Angers Saint-Laud	0087484006	Porte-monnaie, portefeuille	Porte-monnaie / portefeuille, argent, titres	Déclaration de Perte
1013	2020-12-29T12:03:27+00:00	Angers Saint-Laud	0087484006	Valise, sac sur roulettes	Bagagerie: sacs, valises, cartables	Déclaration de Perte
1014	2024-02-10T16:38:33+00:00	Angers Saint-Laud	0087484006	Valise, sac sur roulettes	Bagagerie: sacs, valises, cartables	Déclaration de Perte
1015	2020-12-29T18:59:43+00:00	Angers Saint-Laud	0087484006	Autres appareils et accessoires électroniques	Appareils électroniques, informatiques, appareils photo	Déclaration de Perte
1016	2020-07-25T09:39:35+00:00	Angers Saint-Laud	0087484006	Ordinateur, ordinateur portable, notebook	Appareils électroniques, informatiques, appareils photo	Déclaration de Perte
1017	2024-03-27T14:43:11+00:00	Angers Saint-Laud	0087484006	Sac à main	Bagagerie: sacs, valises, cartables	Déclaration de Perte
1018	2024-03-02T12:11:33+00:00	Angers Saint-Laud	0087484006	Article de papéterie, stylo, classeur	Livres, articles de papéterie	Déclaration de Perte
1019	2024-03-02T10:24:00+00:00	Angers Saint-Laud	0087484006	Téléphone portable protégé (étui, coque,…)	Appareils électroniques, informatiques, appareils photo	Déclaration de Perte
1020	2024-03-29T15:36:07+00:00	Angers Saint-Laud	0087484006	Autres divers	Divers	Déclaration de Perte
1021	2013-11-14T14:46:59+00:00	Angers Saint-Laud	0087484006	Autre pièce ou papier personnel	Pièces d'identités et papiers personnels	Déclaration de Perte
1022	2023-01-03T14:38:04+00:00	Angers Saint-Laud	0087484006	Téléphone portable	Appareils électroniques, informatiques, appareils photo	Déclaration de Perte
1023	2023-01-03T18:22:50+00:00	Angers Saint-Laud	0087484006	Clés, porte-clés	Clés, porte-clés, badge magnétique	Déclaration de Perte
1024	2023-01-03T18:36:34+00:00	Angers Saint-Laud	0087484006	Clés, porte-clés	Clés, porte-clés, badge magnétique	Déclaration de Perte
1025	2023-01-05T08:58:02+00:00	Angers Saint-Laud	0087484006	Porte-monnaie, portefeuille	Porte-monnaie / portefeuille, argent, titres	Déclaration de Perte
1026	2019-02-04T13:41:46+00:00	Angers Saint-Laud	0087484006	Sac à main	Bagagerie: sacs, valises, cartables	Déclaration de Perte
1027	2019-02-04T15:33:46+00:00	Angers Saint-Laud	0087484006	Sac à dos	Bagagerie: sacs, valises, cartables	Déclaration de Perte
1028	2024-02-16T07:30:02+00:00	Angers Saint-Laud	0087484006	Valise, sac sur roulettes	Bagagerie: sacs, valises, cartables	Déclaration de Perte
1029	2019-02-05T12:56:42+00:00	Angers Saint-Laud	0087484006	Téléphone portable	Appareils électroniques, informatiques, appareils photo	Déclaration de Perte
1030	2021-01-15T17:16:43+00:00	Angers Saint-Laud	0087484006	Sac à dos	Bagagerie: sacs, valises, cartables	Déclaration de Perte
1031	2021-01-15T18:21:54+00:00	Angers Saint-Laud	0087484006	Sac à dos	Bagagerie: sacs, valises, cartables	Déclaration de Perte
1032	2021-01-16T14:45:26+00:00	Angers Saint-Laud	0087484006	Casque (vélo, moto)	Vélos, trottinettes, accessoires 2 roues	Déclaration de Perte
1033	2023-01-09T15:56:14+00:00	Angers Saint-Laud	0087484006	Sacoche ventrale, banane	Bagagerie: sacs, valises, cartables	Déclaration de Perte
1034	2021-01-18T12:42:09+00:00	Angers Saint-Laud	0087484006	Sac à dos	Bagagerie: sacs, valises, cartables	Déclaration de Perte
1035	2024-01-02T11:54:58+00:00	Angers Saint-Laud	0087484006	Autres appareils et accessoires électroniques	Appareils électroniques, informatiques, appareils photo	Déclaration de Perte
1036	2023-01-12T19:53:43+00:00	Angers Saint-Laud	0087484006	Porte-monnaie, portefeuille	Porte-monnaie / portefeuille, argent, titres	Déclaration de Perte
1037	2023-01-13T12:44:24+00:00	Angers Saint-Laud	0087484006	Clés, porte-clés	Clés, porte-clés, badge magnétique	Déclaration de Perte
1038	2024-03-15T07:33:13+00:00	Angers Saint-Laud	0087484006	Gants	Vêtements, chaussures	Déclaration de Perte
1039	2020-09-30T16:51:23+00:00	Angers Saint-Laud	0087484006	Manteau, veste, blazer, parka, blouson, cape	Vêtements, chaussures	Déclaration de Perte
1040	2024-03-15T19:42:15+00:00	Angers Saint-Laud	0087484006	Sac d'enseigne (plastique, papier, …)	Bagagerie: sacs, valises, cartables	Déclaration de Perte
1041	2019-10-21T12:46:15+00:00	Angers Saint-Laud	0087484006	Attaché-case, serviette	Bagagerie: sacs, valises, cartables	Déclaration de Perte
1042	2023-01-16T10:18:16+00:00	Angers Saint-Laud	0087484006	Manteau, veste, blazer, parka, blouson, cape	Vêtements, chaussures	Déclaration de Perte
1043	2020-06-19T12:04:08+00:00	Angers Saint-Laud	0087484006	Manteau, veste, blazer, parka, blouson, cape	Vêtements, chaussures	Déclaration de Perte
1044	2020-10-04T14:52:14+00:00	Angers Saint-Laud	0087484006	Parapluie télescopique, parapluie de poche	Parapluies	Déclaration de Perte
1045	2020-06-24T09:45:38+00:00	Angers Saint-Laud	0087484006	Sac d'enseigne (plastique, papier, …)	Bagagerie: sacs, valises, cartables	Déclaration de Perte
1046	2020-10-06T12:22:51+00:00	Angers Saint-Laud	0087484006	Porte-monnaie, portefeuille	Porte-monnaie / portefeuille, argent, titres	Déclaration de Perte
1047	2022-12-08T16:14:16+00:00	Angers Saint-Laud	0087484006	Sac de voyage, sac de sport, sac à bandoulière	Bagagerie: sacs, valises, cartables	Déclaration de Perte
1048	2022-12-08T20:40:09+00:00	Angers Saint-Laud	0087484006	Valise, sac sur roulettes	Bagagerie: sacs, valises, cartables	Déclaration de Perte
1049	2022-12-09T14:31:18+00:00	Angers Saint-Laud	0087484006	Sac d'enseigne (plastique, papier, …)	Bagagerie: sacs, valises, cartables	Déclaration de Perte
1050	2020-10-11T14:30:43+00:00	Angers Saint-Laud	0087484006	Valise, sac sur roulettes	Bagagerie: sacs, valises, cartables	Déclaration de Perte
1051	2023-11-04T09:28:12+00:00	Angers Saint-Laud	0087484006	Manteau, veste, blazer, parka, blouson, cape	Vêtements, chaussures	Déclaration de Perte
1052	2020-07-03T18:39:26+00:00	Angers Saint-Laud	0087484006	Lunettes	Optique	Déclaration de Perte
1053	2020-10-14T12:24:32+00:00	Angers Saint-Laud	0087484006	Téléphone portable	Appareils électroniques, informatiques, appareils photo	Déclaration de Perte
1054	2020-05-27T06:11:50+00:00	Angers Saint-Laud	0087484006	Téléphone portable protégé (étui, coque,…)	Appareils électroniques, informatiques, appareils photo	Déclaration de Perte
1055	2022-12-14T14:19:23+00:00	Angers Saint-Laud	0087484006	Téléphone portable	Appareils électroniques, informatiques, appareils photo	Déclaration de Perte
1056	2023-11-06T11:54:29+00:00	Angers Saint-Laud	0087484006	Valise, sac sur roulettes	Bagagerie: sacs, valises, cartables	Déclaration de Perte
1057	2022-12-15T08:23:39+00:00	Angers Saint-Laud	0087484006	Téléphone portable	Appareils électroniques, informatiques, appareils photo	Déclaration de Perte
1058	2020-10-16T09:36:39+00:00	Angers Saint-Laud	0087484006	Sac de voyage, sac de sport, sac à bandoulière	Bagagerie: sacs, valises, cartables	Déclaration de Perte
1059	2020-06-06T09:44:13+00:00	Angers Saint-Laud	0087484006	Manteau, veste, blazer, parka, blouson, cape	Vêtements, chaussures	Déclaration de Perte
1060	2020-11-19T16:58:11+00:00	Angers Saint-Laud	0087484006	Sac à dos	Bagagerie: sacs, valises, cartables	Déclaration de Perte
1061	2020-11-25T07:01:00+00:00	Angers Saint-Laud	0087484006	Sac à dos	Bagagerie: sacs, valises, cartables	Déclaration de Perte
1062	2020-06-14T15:26:40+00:00	Angers Saint-Laud	0087484006	Sac à dos	Bagagerie: sacs, valises, cartables	Déclaration de Perte
1063	2023-11-10T20:36:50+00:00	Angers Saint-Laud	0087484006	Sac à main	Bagagerie: sacs, valises, cartables	Déclaration de Perte
1064	2020-06-17T04:42:00+00:00	Angers Saint-Laud	0087484006	Clés, porte-clés	Clés, porte-clés, badge magnétique	Déclaration de Perte
1065	2023-11-12T22:24:09+00:00	Angers Saint-Laud	0087484006	Téléphone portable protégé (étui, coque,…)	Appareils électroniques, informatiques, appareils photo	Déclaration de Perte
1066	2023-11-13T05:55:32+00:00	Angers Saint-Laud	0087484006	Téléphone portable protégé (étui, coque,…)	Appareils électroniques, informatiques, appareils photo	Déclaration de Perte
1067	2020-12-03T17:03:53+00:00	Angers Saint-Laud	0087484006	Sac à dos	Bagagerie: sacs, valises, cartables	Déclaration de Perte
1068	2022-03-22T13:25:13+00:00	Angers Saint-Laud	0087484006	Diplôme, papiers personnels	Pièces d'identités et papiers personnels	Déclaration de Perte
1069	2022-03-25T04:45:34+00:00	Angers Saint-Laud	0087484006	Sac de voyage, sac de sport, sac à bandoulière	Bagagerie: sacs, valises, cartables	Déclaration de Perte
1070	2022-11-30T11:13:12+00:00	Angers Saint-Laud	0087484006	Housse de vêtement	Vêtements, chaussures	Déclaration de Perte
1071	2020-12-14T08:39:36+00:00	Angers Saint-Laud	0087484006	Sac à dos	Bagagerie: sacs, valises, cartables	Déclaration de Perte
1072	2020-12-14T13:31:17+00:00	Angers Saint-Laud	0087484006	Téléphone portable protégé (étui, coque,…)	Appareils électroniques, informatiques, appareils photo	Déclaration de Perte
1073	2022-12-01T15:39:22+00:00	Angers Saint-Laud	0087484006	Clés, porte-clés	Clés, porte-clés, badge magnétique	Déclaration de Perte
1074	2020-12-16T19:45:35+00:00	Angers Saint-Laud	0087484006	Sac de voyage, sac de sport, sac à bandoulière	Bagagerie: sacs, valises, cartables	Déclaration de Perte
1075	2022-03-28T08:57:47+00:00	Angers Saint-Laud	0087484006	Sac à dos	Bagagerie: sacs, valises, cartables	Déclaration de Perte
1076	2022-03-28T15:26:36+00:00	Angers Saint-Laud	0087484006	Téléphone portable protégé (étui, coque,…)	Appareils électroniques, informatiques, appareils photo	Déclaration de Perte
1077	2022-03-29T08:58:47+00:00	Angers Saint-Laud	0087484006	Sac à dos	Bagagerie: sacs, valises, cartables	Déclaration de Perte
1078	2022-03-29T14:50:19+00:00	Angers Saint-Laud	0087484006	Skis, bâtons de ski	Articles de sport, loisirs, camping	Déclaration de Perte
1079	2023-09-11T09:34:05+00:00	Angers Saint-Laud	0087484006	Badge magnétique	Clés, porte-clés, badge magnétique	Déclaration de Perte
1080	2022-12-04T21:00:13+00:00	Angers Saint-Laud	0087484006	Sac à dos	Bagagerie: sacs, valises, cartables	Déclaration de Perte
1081	2020-12-21T09:34:27+00:00	Angers Saint-Laud	0087484006	Sac à dos	Bagagerie: sacs, valises, cartables	Déclaration de Perte
1082	2020-12-23T11:09:27+00:00	Angers Saint-Laud	0087484006	Manteau, veste, blazer, parka, blouson, cape	Vêtements, chaussures	Déclaration de Perte
1083	2022-10-20T17:55:08+00:00	Angers Saint-Laud	0087484006	Sac d'enseigne (plastique, papier, …)	Bagagerie: sacs, valises, cartables	Déclaration de Perte
1084	2021-01-29T22:29:52+00:00	Angers Saint-Laud	0087484006	Sac d'enseigne (plastique, papier, …)	Bagagerie: sacs, valises, cartables	Déclaration de Perte
1085	2022-12-30T18:55:23+00:00	Angers Saint-Laud	0087484006	Lunettes en étui	Optique	Déclaration de Perte
1086	2022-10-25T06:31:53+00:00	Angers Saint-Laud	0087484006	Téléphone portable	Appareils électroniques, informatiques, appareils photo	Déclaration de Perte
1087	2022-03-14T17:19:53+00:00	Angers Saint-Laud	0087484006	Sac de voyage, sac de sport, sac à bandoulière	Bagagerie: sacs, valises, cartables	Déclaration de Perte
1088	2022-03-15T11:53:21+00:00	Angers Saint-Laud	0087484006	Bracelet	Bijoux, montres	Déclaration de Perte
1089	2022-10-26T12:11:15+00:00	Angers Saint-Laud	0087484006	Foulard, écharpe	Vêtements, chaussures	Déclaration de Perte
1090	2020-10-31T09:54:56+00:00	Angers Saint-Laud	0087484006	Carte de crédit	Porte-monnaie / portefeuille, argent, titres	Déclaration de Perte
1091	2022-10-26T12:21:34+00:00	Angers Saint-Laud	0087484006	Valise, sac sur roulettes	Bagagerie: sacs, valises, cartables	Déclaration de Perte
1092	2022-10-26T14:32:31+00:00	Angers Saint-Laud	0087484006	Casque (vélo, moto)	Vélos, trottinettes, accessoires 2 roues	Déclaration de Perte
1093	2022-10-26T19:59:12+00:00	Angers Saint-Laud	0087484006	Pull over, gilet	Vêtements, chaussures	Déclaration de Perte
1094	2022-03-18T07:48:11+00:00	Angers Saint-Laud	0087484006	Valise, sac sur roulettes	Bagagerie: sacs, valises, cartables	Déclaration de Perte
1095	2021-04-01T07:25:45+00:00	Angers Saint-Laud	0087484006	Sac à main	Bagagerie: sacs, valises, cartables	Déclaration de Perte
1096	2023-09-21T11:25:18+00:00	Angers Saint-Laud	0087484006	Sac de voyage, sac de sport, sac à bandoulière	Bagagerie: sacs, valises, cartables	Déclaration de Perte
1097	2021-04-04T08:23:29+00:00	Angers Saint-Laud	0087484006	Manteau, veste, blazer, parka, blouson, cape	Vêtements, chaussures	Déclaration de Perte
1098	2021-04-04T20:54:23+00:00	Angers Saint-Laud	0087484006	Valise, sac sur roulettes	Bagagerie: sacs, valises, cartables	Déclaration de Perte
1099	2022-12-02T21:29:33+00:00	Angers Saint-Laud	0087484006	Téléphone portable	Appareils électroniques, informatiques, appareils photo	Déclaration de Perte
1100	2022-12-04T16:49:59+00:00	Angers Saint-Laud	0087484006	Téléphone portable	Appareils électroniques, informatiques, appareils photo	Déclaration de Perte
1101	2021-04-11T13:17:25+00:00	Angers Saint-Laud	0087484006	Sac à dos	Bagagerie: sacs, valises, cartables	Déclaration de Perte
1102	2021-04-13T08:45:07+00:00	Angers Saint-Laud	0087484006	Carte de crédit	Porte-monnaie / portefeuille, argent, titres	Déclaration de Perte
1103	2024-02-22T14:01:58+00:00	Angers Saint-Laud	0087484006	Autres appareils et accessoires électroniques	Appareils électroniques, informatiques, appareils photo	Déclaration de Perte
1104	2024-02-22T20:13:47+00:00	Angers Saint-Laud	0087484006	Valise, sac sur roulettes	Bagagerie: sacs, valises, cartables	Déclaration de Perte
1105	2021-04-21T06:38:47+00:00	Angers Saint-Laud	0087484006	Lunettes	Optique	Déclaration de Perte
1106	2022-04-21T07:18:30+00:00	Angers Saint-Laud	0087484006	Clé de voiture	Clés, porte-clés, badge magnétique	Déclaration de Perte
1107	2022-12-11T20:43:23+00:00	Angers Saint-Laud	0087484006	Porte-monnaie, portefeuille	Porte-monnaie / portefeuille, argent, titres	Déclaration de Perte
1108	2024-02-26T19:54:13+00:00	Angers Saint-Laud	0087484006	Sac à dos	Bagagerie: sacs, valises, cartables	Déclaration de Perte
1109	2024-02-27T12:56:34+00:00	Angers Saint-Laud	0087484006	Sac de voyage, sac de sport, sac à bandoulière	Bagagerie: sacs, valises, cartables	Déclaration de Perte
1110	2022-12-13T16:22:42+00:00	Angers Saint-Laud	0087484006	Landau, poussette d'enfants	Articles d'enfants, de puériculture	Déclaration de Perte
1111	2024-02-27T20:30:51+00:00	Angers Saint-Laud	0087484006	Valise, sac sur roulettes	Bagagerie: sacs, valises, cartables	Déclaration de Perte
1112	2023-02-09T15:04:51+00:00	Angers Saint-Laud	0087484006	Sac à dos	Bagagerie: sacs, valises, cartables	Déclaration de Perte
1113	2022-04-24T18:20:38+00:00	Angers Saint-Laud	0087484006	Sac d'enseigne (plastique, papier, …)	Bagagerie: sacs, valises, cartables	Déclaration de Perte
1114	2022-04-25T17:36:01+00:00	Angers Saint-Laud	0087484006	Sac d'enseigne (plastique, papier, …)	Bagagerie: sacs, valises, cartables	Déclaration de Perte
1115	2022-11-14T11:26:38+00:00	Angers Saint-Laud	0087484006	Valise, sac sur roulettes	Bagagerie: sacs, valises, cartables	Déclaration de Perte
1116	2022-04-26T19:40:04+00:00	Angers Saint-Laud	0087484006	Sac de voyage, sac de sport, sac à bandoulière	Bagagerie: sacs, valises, cartables	Déclaration de Perte
1117	2022-04-27T05:37:46+00:00	Angers Saint-Laud	0087484006	Porte-monnaie, portefeuille	Porte-monnaie / portefeuille, argent, titres	Déclaration de Perte
1118	2022-11-15T20:21:35+00:00	Angers Saint-Laud	0087484006	Téléphone portable protégé (étui, coque,…)	Appareils électroniques, informatiques, appareils photo	Déclaration de Perte
1119	2023-02-14T09:01:30+00:00	Angers Saint-Laud	0087484006	Autres divers	Divers	Déclaration de Perte
1120	2021-02-19T12:48:47+00:00	Angers Saint-Laud	0087484006	Bonnet, chapeau	Vêtements, chaussures	Déclaration de Perte
1121	2022-04-28T11:02:32+00:00	Angers Saint-Laud	0087484006	Téléphone portable	Appareils électroniques, informatiques, appareils photo	Déclaration de Perte
1122	2022-11-16T18:15:32+00:00	Angers Saint-Laud	0087484006	Sac à dos	Bagagerie: sacs, valises, cartables	Déclaration de Perte
1123	2024-01-22T14:02:47+00:00	Angers Saint-Laud	0087484006	Valise, sac sur roulettes	Bagagerie: sacs, valises, cartables	Déclaration de Perte
1124	2024-01-22T22:16:19+00:00	Angers Saint-Laud	0087484006	Sac de voyage, sac de sport, sac à bandoulière	Bagagerie: sacs, valises, cartables	Déclaration de Perte
1125	2022-11-19T15:46:58+00:00	Angers Saint-Laud	0087484006	Sac de voyage, sac de sport, sac à bandoulière	Bagagerie: sacs, valises, cartables	Déclaration de Perte
1126	2021-02-26T13:42:36+00:00	Angers Saint-Laud	0087484006	Sac de voyage, sac de sport, sac à bandoulière	Bagagerie: sacs, valises, cartables	Déclaration de Perte
1127	2022-11-22T05:36:42+00:00	Angers Saint-Laud	0087484006	Casque (vélo, moto)	Vélos, trottinettes, accessoires 2 roues	Déclaration de Perte
1128	2022-05-31T08:55:34+00:00	Angers Saint-Laud	0087484006	Valise, sac sur roulettes	Bagagerie: sacs, valises, cartables	Déclaration de Perte
1129	2022-05-31T17:28:20+00:00	Angers Saint-Laud	0087484006	Casque (vélo, moto)	Vélos, trottinettes, accessoires 2 roues	Déclaration de Perte
1130	2021-03-02T18:43:48+00:00	Angers Saint-Laud	0087484006	Foulard, écharpe	Vêtements, chaussures	Déclaration de Perte
1131	2021-03-03T10:12:43+00:00	Angers Saint-Laud	0087484006	Téléphone portable protégé (étui, coque,…)	Appareils électroniques, informatiques, appareils photo	Déclaration de Perte
1132	2022-11-23T22:08:14+00:00	Angers Saint-Laud	0087484006	Sac de voyage, sac de sport, sac à bandoulière	Bagagerie: sacs, valises, cartables	Déclaration de Perte
1133	2024-01-29T03:52:20+00:00	Angers Saint-Laud	0087484006	Autres appareils et accessoires électroniques	Appareils électroniques, informatiques, appareils photo	Déclaration de Perte
1134	2022-10-29T20:37:20+00:00	Angers Saint-Laud	0087484006	Sac d'enseigne (plastique, papier, …)	Bagagerie: sacs, valises, cartables	Déclaration de Perte
1135	2021-03-09T09:50:45+00:00	Angers Saint-Laud	0087484006	Sac de voyage, sac de sport, sac à bandoulière	Bagagerie: sacs, valises, cartables	Déclaration de Perte
1136	2022-11-07T11:28:26+00:00	Angers Saint-Laud	0087484006	Lunettes	Optique	Déclaration de Perte
1137	2021-03-12T16:23:01+00:00	Angers Saint-Laud	0087484006	Porte-monnaie, portefeuille	Porte-monnaie / portefeuille, argent, titres	Déclaration de Perte
1138	2024-02-01T16:45:39+00:00	Angers Saint-Laud	0087484006	Clés, porte-clés	Clés, porte-clés, badge magnétique	Déclaration de Perte
1139	2024-02-01T19:18:35+00:00	Angers Saint-Laud	0087484006	Ordinateur, ordinateur portable, notebook	Appareils électroniques, informatiques, appareils photo	Déclaration de Perte
1140	2023-01-13T08:51:54+00:00	Angers Saint-Laud	0087484006	Téléphone portable protégé (étui, coque,…)	Appareils électroniques, informatiques, appareils photo	Déclaration de Perte
1141	2023-01-13T15:32:56+00:00	Angers Saint-Laud	0087484006	Sac à dos	Bagagerie: sacs, valises, cartables	Déclaration de Perte
1142	2022-11-08T17:27:27+00:00	Angers Saint-Laud	0087484006	Téléphone portable protégé (étui, coque,…)	Appareils électroniques, informatiques, appareils photo	Déclaration de Perte
1143	2024-02-03T09:57:06+00:00	Angers Saint-Laud	0087484006	Sac à main	Bagagerie: sacs, valises, cartables	Déclaration de Perte
1144	2022-11-10T11:30:16+00:00	Angers Saint-Laud	0087484006	Casque (vélo, moto)	Vélos, trottinettes, accessoires 2 roues	Déclaration de Perte
1145	2022-11-10T19:19:36+00:00	Angers Saint-Laud	0087484006	Manteau, veste, blazer, parka, blouson, cape	Vêtements, chaussures	Déclaration de Perte
1146	2022-11-11T12:16:14+00:00	Angers Saint-Laud	0087484006	Téléphone portable	Appareils électroniques, informatiques, appareils photo	Déclaration de Perte
1147	2024-02-06T16:23:12+00:00	Angers Saint-Laud	0087484006	Porte-monnaie, portefeuille	Porte-monnaie / portefeuille, argent, titres	Déclaration de Perte
1148	2024-02-06T18:30:23+00:00	Angers Saint-Laud	0087484006	Porte-monnaie, portefeuille	Porte-monnaie / portefeuille, argent, titres	Déclaration de Perte
1149	2022-04-30T19:03:01+00:00	Angers Saint-Laud	0087484006	Foulard, écharpe	Vêtements, chaussures	Déclaration de Perte
1150	2022-11-13T12:25:55+00:00	Angers Saint-Laud	0087484006	Porte-monnaie, portefeuille	Porte-monnaie / portefeuille, argent, titres	Déclaration de Perte
1151	2022-10-31T11:42:56+00:00	Angers Saint-Laud	0087484006	Valise, sac sur roulettes	Bagagerie: sacs, valises, cartables	Déclaration de Perte
1152	2022-05-02T11:29:22+00:00	Angers Saint-Laud	0087484006	Porte-monnaie, portefeuille	Porte-monnaie / portefeuille, argent, titres	Déclaration de Perte
1153	2022-10-31T15:34:07+00:00	Angers Saint-Laud	0087484006	Porte-monnaie, portefeuille	Porte-monnaie / portefeuille, argent, titres	Déclaration de Perte
1154	2022-05-03T18:50:32+00:00	Angers Saint-Laud	0087484006	Porte-monnaie, portefeuille	Porte-monnaie / portefeuille, argent, titres	Déclaration de Perte
1155	2024-02-10T14:48:29+00:00	Angers Saint-Laud	0087484006	Sac de voyage, sac de sport, sac à bandoulière	Bagagerie: sacs, valises, cartables	Déclaration de Perte
1156	2024-02-11T10:07:17+00:00	Angers Saint-Laud	0087484006	Gourdes	Divers	Déclaration de Perte
1157	2022-04-02T14:34:36+00:00	Angers Saint-Laud	0087484006	Téléphone portable protégé (étui, coque,…)	Appareils électroniques, informatiques, appareils photo	Déclaration de Perte
1158	2022-07-29T20:14:02+00:00	Angers Saint-Laud	0087484006	Autres divers	Divers	Déclaration de Perte
1159	2024-03-10T08:42:40+00:00	Angers Saint-Laud	0087484006	Autres articles enfants, bébé	Articles d'enfants, de puériculture	Déclaration de Perte
1160	2022-07-31T09:44:17+00:00	Angers Saint-Laud	0087484006	Téléphone portable	Appareils électroniques, informatiques, appareils photo	Déclaration de Perte
1161	2022-08-01T12:18:58+00:00	Angers Saint-Laud	0087484006	Sac de voyage, sac de sport, sac à bandoulière	Bagagerie: sacs, valises, cartables	Déclaration de Perte
1162	2022-12-20T10:01:24+00:00	Angers Saint-Laud	0087484006	Valise, sac sur roulettes	Bagagerie: sacs, valises, cartables	Déclaration de Perte
1163	2022-08-01T16:27:38+00:00	Angers Saint-Laud	0087484006	Téléphone portable protégé (étui, coque,…)	Appareils électroniques, informatiques, appareils photo	Déclaration de Perte
1164	2024-03-12T11:49:38+00:00	Angers Saint-Laud	0087484006	Porte-monnaie, portefeuille	Porte-monnaie / portefeuille, argent, titres	Déclaration de Perte
1165	2022-12-21T21:12:34+00:00	Angers Saint-Laud	0087484006	Valise, sac sur roulettes	Bagagerie: sacs, valises, cartables	Déclaration de Perte
1166	2023-01-31T13:27:00+00:00	Angers Saint-Laud	0087484006	Téléphone portable protégé (étui, coque,…)	Appareils électroniques, informatiques, appareils photo	Déclaration de Perte
1167	2023-02-01T10:16:56+00:00	Angers Saint-Laud	0087484006	Sac à dos	Bagagerie: sacs, valises, cartables	Déclaration de Perte
1168	2022-12-22T13:09:50+00:00	Angers Saint-Laud	0087484006	Sac à dos	Bagagerie: sacs, valises, cartables	Déclaration de Perte
1169	2024-03-04T19:15:43+00:00	Angers Saint-Laud	0087484006	Trottinette	Vélos, trottinettes, accessoires 2 roues	Déclaration de Perte
1170	2022-12-23T19:54:25+00:00	Angers Saint-Laud	0087484006	Ordinateur, ordinateur portable, notebook protégé (étui, housse,…)	Appareils électroniques, informatiques, appareils photo	Déclaration de Perte
1171	2023-02-02T17:56:01+00:00	Angers Saint-Laud	0087484006	Téléphone portable	Appareils électroniques, informatiques, appareils photo	Déclaration de Perte
1172	2024-04-08T19:36:18+00:00	Angers Saint-Laud	0087484006	Clé de voiture	Clés, porte-clés, badge magnétique	Déclaration de Perte
1173	2024-04-08T19:37:33+00:00	Angers Saint-Laud	0087484006	Clé de voiture	Clés, porte-clés, badge magnétique	Déclaration de Perte
1174	2024-02-13T09:02:01+00:00	Angers Saint-Laud	0087484006	Sac à main	Bagagerie: sacs, valises, cartables	Déclaration de Perte
1175	2022-11-28T13:53:43+00:00	Angers Saint-Laud	0087484006	Manteau, veste, blazer, parka, blouson, cape	Vêtements, chaussures	Déclaration de Perte
1176	2023-02-11T13:33:24+00:00	Angers Saint-Laud	0087484006	Valise, sac sur roulettes	Bagagerie: sacs, valises, cartables	Déclaration de Perte
1177	2024-02-15T07:16:14+00:00	Angers Saint-Laud	0087484006	Clés, porte-clés	Clés, porte-clés, badge magnétique	Déclaration de Perte
1178	2024-02-16T10:31:23+00:00	Angers Saint-Laud	0087484006	Téléphone portable	Appareils électroniques, informatiques, appareils photo	Déclaration de Perte
1179	2024-02-16T11:40:11+00:00	Angers Saint-Laud	0087484006	AirPod, casque audio, écouteurs	Appareils électroniques, informatiques, appareils photo	Déclaration de Perte
1180	2023-01-01T10:40:38+00:00	Angers Saint-Laud	0087484006	Manteau, veste, blazer, parka, blouson, cape	Vêtements, chaussures	Déclaration de Perte
1181	2023-11-06T11:31:12+00:00	Angers Saint-Laud	0087484006	Manteau, veste, blazer, parka, blouson, cape	Vêtements, chaussures	Déclaration de Perte
1182	2023-01-03T19:29:18+00:00	Angers Saint-Laud	0087484006	Téléphone portable	Appareils électroniques, informatiques, appareils photo	Déclaration de Perte
1183	2024-04-16T14:32:35+00:00	Angers Saint-Laud	0087484006	Sacoche ventrale, banane	Bagagerie: sacs, valises, cartables	Déclaration de Perte
1184	2023-01-04T19:12:08+00:00	Angers Saint-Laud	0087484006	Manteau, veste, blazer, parka, blouson, cape	Vêtements, chaussures	Déclaration de Perte
1185	2024-04-25T11:09:57+00:00	Angers Saint-Laud	0087484006	Sac à dos	Bagagerie: sacs, valises, cartables	Déclaration de Perte
1186	2024-04-25T12:51:36+00:00	Angers Saint-Laud	0087484006	Bague	Bijoux, montres	Déclaration de Perte
1187	2023-02-19T21:03:28+00:00	Angers Saint-Laud	0087484006	Sacoche pour ordinateur, photo, vidéo	Bagagerie: sacs, valises, cartables	Déclaration de Perte
1188	2022-12-17T11:03:11+00:00	Angers Saint-Laud	0087484006	Valise, sac sur roulettes	Bagagerie: sacs, valises, cartables	Déclaration de Perte
1189	2023-11-10T20:04:39+00:00	Angers Saint-Laud	0087484006	Sac à dos	Bagagerie: sacs, valises, cartables	Déclaration de Perte
1190	2023-01-17T14:45:20+00:00	Angers Saint-Laud	0087484006	Sacoche ventrale, banane	Bagagerie: sacs, valises, cartables	Déclaration de Perte
1191	2023-01-17T15:02:38+00:00	Angers Saint-Laud	0087484006	Téléphone portable	Appareils électroniques, informatiques, appareils photo	Déclaration de Perte
1192	2023-01-17T15:26:26+00:00	Angers Saint-Laud	0087484006	Sac à main	Bagagerie: sacs, valises, cartables	Déclaration de Perte
1193	2023-01-17T16:14:23+00:00	Angers Saint-Laud	0087484006	Carte d'identité, passeport, permis de conduire	Pièces d'identités et papiers personnels	Déclaration de Perte
1194	2023-11-11T14:12:58+00:00	Angers Saint-Laud	0087484006	Valise, sac sur roulettes	Bagagerie: sacs, valises, cartables	Déclaration de Perte
1195	2023-11-11T22:34:47+00:00	Angers Saint-Laud	0087484006	Téléphone portable protégé (étui, coque,…)	Appareils électroniques, informatiques, appareils photo	Déclaration de Perte
1196	2024-04-23T12:31:01+00:00	Angers Saint-Laud	0087484006	Manteau, veste, blazer, parka, blouson, cape	Vêtements, chaussures	Déclaration de Perte
1197	2024-04-29T16:17:45+00:00	Angers Saint-Laud	0087484006	Sac d'enseigne (plastique, papier, …)	Bagagerie: sacs, valises, cartables	Déclaration de Perte
1198	2022-12-20T17:31:42+00:00	Angers Saint-Laud	0087484006	Valise, sac sur roulettes	Bagagerie: sacs, valises, cartables	Déclaration de Perte
1199	2023-01-20T11:51:00+00:00	Angers Saint-Laud	0087484006	Valise, sac sur roulettes	Bagagerie: sacs, valises, cartables	Déclaration de Perte
1200	2023-01-20T17:42:38+00:00	Angers Saint-Laud	0087484006	Sac d'enseigne (plastique, papier, …)	Bagagerie: sacs, valises, cartables	Déclaration de Perte
1201	2023-01-21T09:58:40+00:00	Angers Saint-Laud	0087484006	Téléphone portable	Appareils électroniques, informatiques, appareils photo	Déclaration de Perte
1202	2024-05-01T18:14:16+00:00	Angers Saint-Laud	0087484006	Autres instruments de musique	Instruments de musique	Déclaration de Perte
1203	2024-05-01T18:50:30+00:00	Angers Saint-Laud	0087484006	Tablette tactile	Appareils électroniques, informatiques, appareils photo	Déclaration de Perte
1204	2022-12-23T16:14:09+00:00	Angers Saint-Laud	0087484006	Trottinette	Vélos, trottinettes, accessoires 2 roues	Déclaration de Perte
1205	2023-01-24T12:15:32+00:00	Angers Saint-Laud	0087484006	Sac d'enseigne (plastique, papier, …)	Bagagerie: sacs, valises, cartables	Déclaration de Perte
1206	2022-12-24T15:52:57+00:00	Angers Saint-Laud	0087484006	Sac à dos	Bagagerie: sacs, valises, cartables	Déclaration de Perte
1207	2023-01-25T08:18:08+00:00	Angers Saint-Laud	0087484006	Valise, sac sur roulettes	Bagagerie: sacs, valises, cartables	Déclaration de Perte
1208	2022-03-14T17:19:55+00:00	Angers Saint-Laud	0087484006	Sac de voyage, sac de sport, sac à bandoulière	Bagagerie: sacs, valises, cartables	Déclaration de Perte
1209	2022-12-26T19:31:32+00:00	Angers Saint-Laud	0087484006	Valise, sac sur roulettes	Bagagerie: sacs, valises, cartables	Déclaration de Perte
1210	2022-03-16T10:57:04+00:00	Angers Saint-Laud	0087484006	Porte-monnaie, portefeuille	Porte-monnaie / portefeuille, argent, titres	Déclaration de Perte
1211	2013-11-08T12:26:06+00:00	Angers Saint-Laud	0087484006	Clés, porte-clés	Clés, porte-clés, badge magnétique	Déclaration de Perte
1212	2022-02-18T08:34:50+00:00	Angers Saint-Laud	0087484006	Autres divers	Divers	Déclaration de Perte
1213	2013-11-13T14:32:49+00:00	Angers Saint-Laud	0087484006	Lunettes en étui	Optique	Déclaration de Perte
1214	2022-02-19T09:33:54+00:00	Angers Saint-Laud	0087484006	Téléphone portable protégé (étui, coque,…)	Appareils électroniques, informatiques, appareils photo	Déclaration de Perte
1215	2023-02-27T18:53:21+00:00	Angers Saint-Laud	0087484006	Téléphone portable protégé (étui, coque,…)	Appareils électroniques, informatiques, appareils photo	Déclaration de Perte
1216	2021-05-09T19:38:07+00:00	Angers Saint-Laud	0087484006	Valise, sac sur roulettes	Bagagerie: sacs, valises, cartables	Déclaration de Perte
1217	2023-09-15T08:01:33+00:00	Angers Saint-Laud	0087484006	Clés, porte-clés	Clés, porte-clés, badge magnétique	Déclaration de Perte
1218	2024-03-24T13:51:01+00:00	Angers Saint-Laud	0087484006	Sac à dos	Bagagerie: sacs, valises, cartables	Déclaration de Perte
1219	2024-03-24T19:47:40+00:00	Angers Saint-Laud	0087484006	AirPod, casque audio, écouteurs	Appareils électroniques, informatiques, appareils photo	Déclaration de Perte
1220	2022-02-25T13:41:36+00:00	Angers Saint-Laud	0087484006	Sac à dos	Bagagerie: sacs, valises, cartables	Déclaration de Perte
1221	2022-02-27T21:10:23+00:00	Angers Saint-Laud	0087484006	Porte-monnaie, portefeuille	Porte-monnaie / portefeuille, argent, titres	Déclaration de Perte
1222	2021-05-20T10:31:19+00:00	Angers Saint-Laud	0087484006	Sac de voyage, sac de sport, sac à bandoulière	Bagagerie: sacs, valises, cartables	Déclaration de Perte
1223	2022-02-28T11:25:51+00:00	Angers Saint-Laud	0087484006	Sac à dos	Bagagerie: sacs, valises, cartables	Déclaration de Perte
1224	2022-02-28T13:35:14+00:00	Angers Saint-Laud	0087484006	Téléphone portable	Appareils électroniques, informatiques, appareils photo	Déclaration de Perte
1225	2022-03-01T10:30:15+00:00	Angers Saint-Laud	0087484006	Téléphone portable protégé (étui, coque,…)	Appareils électroniques, informatiques, appareils photo	Déclaration de Perte
1226	2021-05-25T06:59:01+00:00	Angers Saint-Laud	0087484006	Sac à dos	Bagagerie: sacs, valises, cartables	Déclaration de Perte
1227	2023-02-23T13:09:58+00:00	Angers Saint-Laud	0087484006	Sac à dos	Bagagerie: sacs, valises, cartables	Déclaration de Perte
1228	2023-02-23T18:44:56+00:00	Angers Saint-Laud	0087484006	Valise, sac sur roulettes	Bagagerie: sacs, valises, cartables	Déclaration de Perte
1229	2023-02-24T13:43:48+00:00	Angers Saint-Laud	0087484006	Valise, sac sur roulettes	Bagagerie: sacs, valises, cartables	Déclaration de Perte
1230	2024-03-09T11:57:25+00:00	Angers Saint-Laud	0087484006	Sac à main	Bagagerie: sacs, valises, cartables	Déclaration de Perte
1231	2021-05-28T12:35:37+00:00	Angers Saint-Laud	0087484006	Porte-monnaie, portefeuille	Porte-monnaie / portefeuille, argent, titres	Déclaration de Perte
1232	2023-11-20T10:03:33+00:00	Angers Saint-Laud	0087484006	Sac à dos	Bagagerie: sacs, valises, cartables	Déclaration de Perte
1233	2024-03-10T10:36:54+00:00	Angers Saint-Laud	0087484006	Valise, sac sur roulettes	Bagagerie: sacs, valises, cartables	Déclaration de Perte
1234	2023-11-23T08:15:13+00:00	Angers Saint-Laud	0087484006	Sac de voyage, sac de sport, sac à bandoulière	Bagagerie: sacs, valises, cartables	Déclaration de Perte
1235	2022-06-07T07:08:30+00:00	Angers Saint-Laud	0087484006	Sac à main	Bagagerie: sacs, valises, cartables	Déclaration de Perte
1236	2023-01-30T17:47:42+00:00	Angers Saint-Laud	0087484006	Sac à dos	Bagagerie: sacs, valises, cartables	Déclaration de Perte
1237	2023-11-25T20:00:07+00:00	Angers Saint-Laud	0087484006	Téléphone portable protégé (étui, coque,…)	Appareils électroniques, informatiques, appareils photo	Déclaration de Perte
1238	2023-02-01T19:45:01+00:00	Angers Saint-Laud	0087484006	Sac de voyage, sac de sport, sac à bandoulière	Bagagerie: sacs, valises, cartables	Déclaration de Perte
1239	2022-06-09T06:08:24+00:00	Angers Saint-Laud	0087484006	Porte-monnaie, portefeuille	Porte-monnaie / portefeuille, argent, titres	Déclaration de Perte
1240	2023-02-03T10:49:35+00:00	Angers Saint-Laud	0087484006	Valise, sac sur roulettes	Bagagerie: sacs, valises, cartables	Déclaration de Perte
1241	2023-11-27T19:50:41+00:00	Angers Saint-Laud	0087484006	Sac de voyage, sac de sport, sac à bandoulière	Bagagerie: sacs, valises, cartables	Déclaration de Perte
1242	2022-08-03T20:54:38+00:00	Angers Saint-Laud	0087484006	Téléphone portable protégé (étui, coque,…)	Appareils électroniques, informatiques, appareils photo	Déclaration de Perte
1243	2023-11-30T10:38:24+00:00	Angers Saint-Laud	0087484006	Sacoche pour ordinateur, photo, vidéo	Bagagerie: sacs, valises, cartables	Déclaration de Perte
1244	2022-01-30T14:15:52+00:00	Angers Saint-Laud	0087484006	Sac à dos	Bagagerie: sacs, valises, cartables	Déclaration de Perte
1245	2023-12-02T20:28:31+00:00	Angers Saint-Laud	0087484006	Porte-monnaie, portefeuille	Porte-monnaie / portefeuille, argent, titres	Déclaration de Perte
1246	2022-01-31T17:31:14+00:00	Angers Saint-Laud	0087484006	Tabac et accessoire	Divers	Déclaration de Perte
1247	2024-03-05T13:35:21+00:00	Angers Saint-Laud	0087484006	Ordinateur, ordinateur portable, notebook protégé (étui, housse,…)	Appareils électroniques, informatiques, appareils photo	Déclaration de Perte
1248	2022-04-04T10:22:27+00:00	Angers Saint-Laud	0087484006	Sac d'enseigne (plastique, papier, …)	Bagagerie: sacs, valises, cartables	Déclaration de Perte
1249	2022-05-06T15:49:27+00:00	Angers Saint-Laud	0087484006	Porte-monnaie, portefeuille	Porte-monnaie / portefeuille, argent, titres	Déclaration de Perte
1250	2022-05-06T18:11:03+00:00	Angers Saint-Laud	0087484006	Sac à dos	Bagagerie: sacs, valises, cartables	Déclaration de Perte
1251	2023-12-22T16:17:07+00:00	Angers Saint-Laud	0087484006	Valise, sac sur roulettes	Bagagerie: sacs, valises, cartables	Déclaration de Perte
1252	2023-12-22T18:32:06+00:00	Angers Saint-Laud	0087484006	Sac de voyage, sac de sport, sac à bandoulière	Bagagerie: sacs, valises, cartables	Déclaration de Perte
1253	2023-12-24T18:40:51+00:00	Angers Saint-Laud	0087484006	Sac de voyage, sac de sport, sac à bandoulière	Bagagerie: sacs, valises, cartables	Déclaration de Perte
1254	2020-07-28T10:04:32+00:00	Angers Saint-Laud	0087484006	Porte-monnaie, portefeuille	Porte-monnaie / portefeuille, argent, titres	Déclaration de Perte
1255	2022-05-10T14:46:44+00:00	Angers Saint-Laud	0087484006	Valise, sac sur roulettes	Bagagerie: sacs, valises, cartables	Déclaration de Perte
1256	2023-12-27T09:00:26+00:00	Angers Saint-Laud	0087484006	Sac à main	Bagagerie: sacs, valises, cartables	Déclaration de Perte
1257	2023-12-28T06:40:24+00:00	Angers Saint-Laud	0087484006	Sac de voyage, sac de sport, sac à bandoulière	Bagagerie: sacs, valises, cartables	Déclaration de Perte
1258	2020-07-31T17:01:15+00:00	Angers Saint-Laud	0087484006	Ordinateur, ordinateur portable, notebook protégé (étui, housse,…)	Appareils électroniques, informatiques, appareils photo	Déclaration de Perte
1259	2020-08-01T09:16:20+00:00	Angers Saint-Laud	0087484006	Sac à dos	Bagagerie: sacs, valises, cartables	Déclaration de Perte
1260	2022-04-11T18:17:34+00:00	Angers Saint-Laud	0087484006	Valise, sac sur roulettes	Bagagerie: sacs, valises, cartables	Déclaration de Perte
1261	2022-05-13T12:55:17+00:00	Angers Saint-Laud	0087484006	Porte-monnaie, portefeuille	Porte-monnaie / portefeuille, argent, titres	Déclaration de Perte
1262	2021-11-30T10:08:51+00:00	Angers Saint-Laud	0087484006	Sac d'enseigne (plastique, papier, …)	Bagagerie: sacs, valises, cartables	Déclaration de Perte
1263	2023-12-09T13:10:49+00:00	Angers Saint-Laud	0087484006	Porte-monnaie, portefeuille	Porte-monnaie / portefeuille, argent, titres	Déclaration de Perte
1264	2022-05-16T15:54:12+00:00	Angers Saint-Laud	0087484006	Téléphone portable protégé (étui, coque,…)	Appareils électroniques, informatiques, appareils photo	Déclaration de Perte
1265	2022-04-16T18:53:27+00:00	Angers Saint-Laud	0087484006	Porte-monnaie, portefeuille	Porte-monnaie / portefeuille, argent, titres	Déclaration de Perte
1266	2022-05-19T07:18:39+00:00	Angers Saint-Laud	0087484006	Sac de voyage, sac de sport, sac à bandoulière	Bagagerie: sacs, valises, cartables	Déclaration de Perte
1267	2022-07-23T06:08:45+00:00	Angers Saint-Laud	0087484006	Sacoche ventrale, banane	Bagagerie: sacs, valises, cartables	Déclaration de Perte
1268	2020-08-13T16:12:02+00:00	Angers Saint-Laud	0087484006	Sac à dos	Bagagerie: sacs, valises, cartables	Déclaration de Perte
1269	2022-05-06T12:22:42+00:00	Angers Saint-Laud	0087484006	Téléphone portable protégé (étui, coque,…)	Appareils électroniques, informatiques, appareils photo	Déclaration de Perte
1270	2022-05-06T19:30:19+00:00	Angers Saint-Laud	0087484006	Téléphone portable	Appareils électroniques, informatiques, appareils photo	Déclaration de Perte
1271	2022-05-08T17:45:08+00:00	Angers Saint-Laud	0087484006	Sac d'enseigne (plastique, papier, …)	Bagagerie: sacs, valises, cartables	Déclaration de Perte
1272	2023-03-24T12:04:19+00:00	Angers Saint-Laud	0087484006	Téléphone portable	Appareils électroniques, informatiques, appareils photo	Déclaration de Perte
1273	2024-01-12T11:54:21+00:00	Angers Saint-Laud	0087484006	Sac de voyage, sac de sport, sac à bandoulière	Bagagerie: sacs, valises, cartables	Déclaration de Perte
1274	2024-01-12T14:46:54+00:00	Angers Saint-Laud	0087484006	Autres divers	Divers	Déclaration de Perte
1275	2022-05-13T15:34:39+00:00	Angers Saint-Laud	0087484006	Sac à dos	Bagagerie: sacs, valises, cartables	Déclaration de Perte
1276	2024-01-12T17:57:11+00:00	Angers Saint-Laud	0087484006	Sac à dos	Bagagerie: sacs, valises, cartables	Déclaration de Perte
1277	2024-01-12T18:37:17+00:00	Angers Saint-Laud	0087484006	Sac de voyage, sac de sport, sac à bandoulière	Bagagerie: sacs, valises, cartables	Déclaration de Perte
1278	2023-03-27T15:31:11+00:00	Angers Saint-Laud	0087484006	Sac à dos	Bagagerie: sacs, valises, cartables	Déclaration de Perte
1279	2022-05-13T19:53:44+00:00	Angers Saint-Laud	0087484006	Téléphone portable protégé (étui, coque,…)	Appareils électroniques, informatiques, appareils photo	Déclaration de Perte
1280	2023-12-08T12:51:26+00:00	Angers Saint-Laud	0087484006	Manteau, veste, blazer, parka, blouson, cape	Vêtements, chaussures	Déclaration de Perte
1281	2022-05-15T12:27:32+00:00	Angers Saint-Laud	0087484006	Sac à main	Bagagerie: sacs, valises, cartables	Déclaration de Perte
1282	2022-05-16T10:43:55+00:00	Angers Saint-Laud	0087484006	Pièce d'identité personnelle et autre	Pièces d'identités et papiers personnels	Déclaration de Perte
1283	2020-07-19T18:07:02+00:00	Angers Saint-Laud	0087484006	Porte-monnaie, portefeuille	Porte-monnaie / portefeuille, argent, titres	Déclaration de Perte
1284	2024-01-20T11:29:02+00:00	Angers Saint-Laud	0087484006	Gants	Vêtements, chaussures	Déclaration de Perte
1285	2020-07-21T12:46:30+00:00	Angers Saint-Laud	0087484006	Autres vêtements	Vêtements, chaussures	Déclaration de Perte
1286	2022-05-30T17:52:18+00:00	Angers Saint-Laud	0087484006	Valise, sac sur roulettes	Bagagerie: sacs, valises, cartables	Déclaration de Perte
1287	2021-05-12T05:36:47+00:00	Angers Saint-Laud	0087484006	Sac à dos	Bagagerie: sacs, valises, cartables	Déclaration de Perte
1288	2024-01-22T20:44:13+00:00	Angers Saint-Laud	0087484006	Clés, porte-clés	Clés, porte-clés, badge magnétique	Déclaration de Perte
1289	2022-04-22T09:01:42+00:00	Angers Saint-Laud	0087484006	Porte-monnaie, portefeuille	Porte-monnaie / portefeuille, argent, titres	Déclaration de Perte
1290	2021-05-15T08:53:44+00:00	Angers Saint-Laud	0087484006	Valise, sac sur roulettes	Bagagerie: sacs, valises, cartables	Déclaration de Perte
1291	2024-01-25T22:05:01+00:00	Angers Saint-Laud	0087484006	Valise, sac sur roulettes	Bagagerie: sacs, valises, cartables	Déclaration de Perte
1292	2022-06-03T17:21:00+00:00	Angers Saint-Laud	0087484006	Sac à dos	Bagagerie: sacs, valises, cartables	Déclaration de Perte
1293	2021-02-18T14:34:55+00:00	Angers Saint-Laud	0087484006	Autres divers	Divers	Déclaration de Perte
1294	2021-05-21T07:26:59+00:00	Angers Saint-Laud	0087484006	Foulard, écharpe	Vêtements, chaussures	Déclaration de Perte
1295	2021-05-21T07:27:02+00:00	Angers Saint-Laud	0087484006	Foulard, écharpe	Vêtements, chaussures	Déclaration de Perte
1296	2021-05-23T13:25:31+00:00	Angers Saint-Laud	0087484006	Livre numérique	Appareils électroniques, informatiques, appareils photo	Déclaration de Perte
1297	2021-05-25T06:23:17+00:00	Angers Saint-Laud	0087484006	Autre pièce ou papier personnel	Pièces d'identités et papiers personnels	Déclaration de Perte
1298	2022-04-28T04:24:54+00:00	Angers Saint-Laud	0087484006	Autre pièce ou papier personnel	Pièces d'identités et papiers personnels	Déclaration de Perte
1299	2021-05-25T15:25:59+00:00	Angers Saint-Laud	0087484006	Porte-monnaie, portefeuille	Porte-monnaie / portefeuille, argent, titres	Déclaration de Perte
1300	2021-02-25T10:23:05+00:00	Angers Saint-Laud	0087484006	Sac de voyage, sac de sport, sac à bandoulière	Bagagerie: sacs, valises, cartables	Déclaration de Perte
1301	2021-02-26T08:03:16+00:00	Angers Saint-Laud	0087484006	Téléphone portable protégé (étui, coque,…)	Appareils électroniques, informatiques, appareils photo	Déclaration de Perte
1302	2024-01-31T07:12:12+00:00	Angers Saint-Laud	0087484006	Téléphone portable protégé (étui, coque,…)	Appareils électroniques, informatiques, appareils photo	Déclaration de Perte
1303	2022-05-20T20:27:25+00:00	Angers Saint-Laud	0087484006	Sacoche ventrale, banane	Bagagerie: sacs, valises, cartables	Déclaration de Perte
1304	2021-05-28T15:13:40+00:00	Angers Saint-Laud	0087484006	Sac à dos	Bagagerie: sacs, valises, cartables	Déclaration de Perte
1305	2022-05-25T17:51:30+00:00	Angers Saint-Laud	0087484006	Autres divers	Divers	Déclaration de Perte
1306	2022-05-25T17:59:03+00:00	Angers Saint-Laud	0087484006	Valise, sac sur roulettes	Bagagerie: sacs, valises, cartables	Déclaration de Perte
1307	2021-03-01T05:05:24+00:00	Angers Saint-Laud	0087484006	Clés, porte-clés	Clés, porte-clés, badge magnétique	Déclaration de Perte
1308	2023-12-20T14:08:10+00:00	Angers Saint-Laud	0087484006	Autre pièce ou papier personnel	Pièces d'identités et papiers personnels	Déclaration de Perte
1309	2022-07-20T20:46:39+00:00	Angers Saint-Laud	0087484006	Valise, sac sur roulettes	Bagagerie: sacs, valises, cartables	Déclaration de Perte
1310	2021-03-07T16:39:26+00:00	Angers Saint-Laud	0087484006	Lunettes	Optique	Déclaration de Perte
1311	2024-04-25T12:53:40+00:00	Angers Saint-Laud	0087484006	Bague	Bijoux, montres	Déclaration de Perte
1312	2024-04-25T13:04:22+00:00	Angers Saint-Laud	0087484006	Bonnet, chapeau	Vêtements, chaussures	Déclaration de Perte
1313	2024-04-25T19:59:47+00:00	Angers Saint-Laud	0087484006	Clé de voiture	Clés, porte-clés, badge magnétique	Déclaration de Perte
1314	2021-03-11T10:58:54+00:00	Angers Saint-Laud	0087484006	Lunettes	Optique	Déclaration de Perte
1315	2024-04-26T15:11:26+00:00	Angers Saint-Laud	0087484006	Manteau, veste, blazer, parka, blouson, cape	Vêtements, chaussures	Déclaration de Perte
1316	2024-04-26T17:40:33+00:00	Angers Saint-Laud	0087484006	Porte-monnaie, portefeuille	Porte-monnaie / portefeuille, argent, titres	Déclaration de Perte
1317	2022-05-01T13:49:58+00:00	Angers Saint-Laud	0087484006	Sac à main	Bagagerie: sacs, valises, cartables	Déclaration de Perte
1318	2022-04-05T17:21:17+00:00	Angers Saint-Laud	0087484006	AirPod, casque audio, écouteurs	Appareils électroniques, informatiques, appareils photo	Déclaration de Perte
1319	2023-07-26T06:43:09+00:00	Angers Saint-Laud	0087484006	Sac à dos	Bagagerie: sacs, valises, cartables	Déclaration de Perte
1320	2023-04-30T06:58:50+00:00	Angers Saint-Laud	0087484006	Porte-monnaie, portefeuille	Porte-monnaie / portefeuille, argent, titres	Déclaration de Perte
1321	2024-04-29T21:02:13+00:00	Angers Saint-Laud	0087484006	Sac à main	Bagagerie: sacs, valises, cartables	Déclaration de Perte
1322	2024-04-29T21:06:15+00:00	Angers Saint-Laud	0087484006	Valise, sac sur roulettes	Bagagerie: sacs, valises, cartables	Déclaration de Perte
1323	2022-05-04T10:21:35+00:00	Angers Saint-Laud	0087484006	Téléphone portable protégé (étui, coque,…)	Appareils électroniques, informatiques, appareils photo	Déclaration de Perte
1324	2024-04-30T07:25:44+00:00	Angers Saint-Laud	0087484006	Sac à dos	Bagagerie: sacs, valises, cartables	Déclaration de Perte
1325	2022-04-09T12:29:17+00:00	Angers Saint-Laud	0087484006	Téléphone portable	Appareils électroniques, informatiques, appareils photo	Déclaration de Perte
1326	2022-03-11T16:25:09+00:00	Angers Saint-Laud	0087484006	Trottinette	Vélos, trottinettes, accessoires 2 roues	Déclaration de Perte
1327	2024-02-02T10:26:30+00:00	Angers Saint-Laud	0087484006	Téléphone portable	Appareils électroniques, informatiques, appareils photo	Déclaration de Perte
1328	2022-04-12T13:55:49+00:00	Angers Saint-Laud	0087484006	Téléphone portable	Appareils électroniques, informatiques, appareils photo	Déclaration de Perte
1329	2024-02-02T14:51:06+00:00	Angers Saint-Laud	0087484006	Porte-monnaie, portefeuille	Porte-monnaie / portefeuille, argent, titres	Déclaration de Perte
1330	2022-03-13T16:35:33+00:00	Angers Saint-Laud	0087484006	Parapluie télescopique, parapluie de poche	Parapluies	Déclaration de Perte
1331	2022-04-03T12:47:57+00:00	Angers Saint-Laud	0087484006	Ordinateur, ordinateur portable, notebook	Appareils électroniques, informatiques, appareils photo	Déclaration de Perte
1332	2022-04-13T16:18:31+00:00	Angers Saint-Laud	0087484006	Sac d'enseigne (plastique, papier, …)	Bagagerie: sacs, valises, cartables	Déclaration de Perte
1333	2023-05-05T16:11:16+00:00	Angers Saint-Laud	0087484006	Carte d'identité, passeport, permis de conduire	Pièces d'identités et papiers personnels	Déclaration de Perte
1334	2022-04-15T20:11:11+00:00	Angers Saint-Laud	0087484006	Lunettes	Optique	Déclaration de Perte
1335	2022-04-15T20:15:15+00:00	Angers Saint-Laud	0087484006	Téléphone portable protégé (étui, coque,…)	Appareils électroniques, informatiques, appareils photo	Déclaration de Perte
1336	2022-03-16T18:03:12+00:00	Angers Saint-Laud	0087484006	Manteau, veste, blazer, parka, blouson, cape	Vêtements, chaussures	Déclaration de Perte
1337	2022-03-17T09:51:42+00:00	Angers Saint-Laud	0087484006	Outils, Accesoires	Articles de sport, loisirs, camping	Déclaration de Perte
1338	2022-04-17T12:47:09+00:00	Angers Saint-Laud	0087484006	Carte d'abonnement	Pièces d'identités et papiers personnels	Déclaration de Perte
1339	2024-02-07T07:33:59+00:00	Angers Saint-Laud	0087484006	Sac à dos	Bagagerie: sacs, valises, cartables	Déclaration de Perte
1340	2023-05-09T07:38:52+00:00	Angers Saint-Laud	0087484006	Valise, sac sur roulettes	Bagagerie: sacs, valises, cartables	Déclaration de Perte
1341	2023-10-21T17:45:51+00:00	Angers Saint-Laud	0087484006	Attaché-case, serviette	Bagagerie: sacs, valises, cartables	Déclaration de Perte
1342	2023-10-22T18:33:04+00:00	Angers Saint-Laud	0087484006	Sac de voyage, sac de sport, sac à bandoulière	Bagagerie: sacs, valises, cartables	Déclaration de Perte
1343	2022-01-27T20:23:43+00:00	Angers Saint-Laud	0087484006	Sac de voyage, sac de sport, sac à bandoulière	Bagagerie: sacs, valises, cartables	Déclaration de Perte
1344	2022-01-29T15:29:43+00:00	Angers Saint-Laud	0087484006	Lunettes	Optique	Déclaration de Perte
1345	2022-01-29T19:36:46+00:00	Angers Saint-Laud	0087484006	Sacs de couchage, duvet	Articles de sport, loisirs, camping	Déclaration de Perte
1346	2023-05-12T16:08:48+00:00	Angers Saint-Laud	0087484006	Parapluie-canne, parapluie à bandoulière	Parapluies	Déclaration de Perte
1347	2023-12-10T10:02:57+00:00	Angers Saint-Laud	0087484006	Sac d'enseigne (plastique, papier, …)	Bagagerie: sacs, valises, cartables	Déclaration de Perte
1348	2022-02-02T08:26:40+00:00	Angers Saint-Laud	0087484006	Valise, sac sur roulettes	Bagagerie: sacs, valises, cartables	Déclaration de Perte
1349	2022-02-02T09:34:29+00:00	Angers Saint-Laud	0087484006	Porte-monnaie, portefeuille	Porte-monnaie / portefeuille, argent, titres	Déclaration de Perte
1350	2023-10-27T09:17:42+00:00	Angers Saint-Laud	0087484006	Sac à dos	Bagagerie: sacs, valises, cartables	Déclaration de Perte
1351	2023-05-16T17:24:58+00:00	Angers Saint-Laud	0087484006	Valise, sac sur roulettes	Bagagerie: sacs, valises, cartables	Déclaration de Perte
1352	2023-12-15T07:34:27+00:00	Angers Saint-Laud	0087484006	Autres divers	Divers	Déclaration de Perte
1353	2023-05-22T07:19:15+00:00	Angers Saint-Laud	0087484006	Valise, sac sur roulettes	Bagagerie: sacs, valises, cartables	Déclaration de Perte
1354	2023-09-29T08:49:59+00:00	Angers Saint-Laud	0087484006	Sacoche ventrale, banane	Bagagerie: sacs, valises, cartables	Déclaration de Perte
1355	2022-01-05T10:49:26+00:00	Angers Saint-Laud	0087484006	Sac à dos	Bagagerie: sacs, valises, cartables	Déclaration de Perte
1356	2023-09-30T16:16:40+00:00	Angers Saint-Laud	0087484006	Lunettes	Optique	Déclaration de Perte
1357	2021-03-19T07:40:46+00:00	Angers Saint-Laud	0087484006	Valise, sac sur roulettes	Bagagerie: sacs, valises, cartables	Déclaration de Perte
1358	2021-03-21T14:14:44+00:00	Angers Saint-Laud	0087484006	Porte-monnaie, portefeuille	Porte-monnaie / portefeuille, argent, titres	Déclaration de Perte
1359	2021-03-22T17:13:29+00:00	Angers Saint-Laud	0087484006	Sac de voyage, sac de sport, sac à bandoulière	Bagagerie: sacs, valises, cartables	Déclaration de Perte
1360	2021-03-24T06:39:01+00:00	Angers Saint-Laud	0087484006	Bonnet, chapeau	Vêtements, chaussures	Déclaration de Perte
1361	2023-10-03T17:41:02+00:00	Angers Saint-Laud	0087484006	Manteau, veste, blazer, parka, blouson, cape	Vêtements, chaussures	Déclaration de Perte
1362	2023-04-04T10:10:33+00:00	Angers Saint-Laud	0087484006	Sac à dos	Bagagerie: sacs, valises, cartables	Déclaration de Perte
1363	2023-04-04T14:10:14+00:00	Angers Saint-Laud	0087484006	Valise, sac sur roulettes	Bagagerie: sacs, valises, cartables	Déclaration de Perte
1364	2021-03-31T13:25:34+00:00	Angers Saint-Laud	0087484006	Téléphone portable protégé (étui, coque,…)	Appareils électroniques, informatiques, appareils photo	Déclaration de Perte
1365	2023-10-07T14:50:54+00:00	Angers Saint-Laud	0087484006	Sac à dos	Bagagerie: sacs, valises, cartables	Déclaration de Perte
1366	2021-10-28T19:55:26+00:00	Angers Saint-Laud	0087484006	AirPod, casque audio, écouteurs	Appareils électroniques, informatiques, appareils photo	Déclaration de Perte
1367	2024-02-25T15:58:23+00:00	Angers Saint-Laud	0087484006	Téléphone portable protégé (étui, coque,…)	Appareils électroniques, informatiques, appareils photo	Déclaration de Perte
1368	2024-02-26T12:26:02+00:00	Angers Saint-Laud	0087484006	Manteau, veste, blazer, parka, blouson, cape	Vêtements, chaussures	Déclaration de Perte
1369	2021-11-05T19:44:23+00:00	Angers Saint-Laud	0087484006	Valise, sac sur roulettes	Bagagerie: sacs, valises, cartables	Déclaration de Perte
1370	2021-11-08T20:01:40+00:00	Angers Saint-Laud	0087484006	Valise, sac sur roulettes	Bagagerie: sacs, valises, cartables	Déclaration de Perte
1371	2023-05-26T10:22:52+00:00	Angers Saint-Laud	0087484006	Clé de voiture	Clés, porte-clés, badge magnétique	Déclaration de Perte
1372	2023-10-19T13:35:40+00:00	Angers Saint-Laud	0087484006	Attaché-case, serviette	Bagagerie: sacs, valises, cartables	Déclaration de Perte
1373	2022-03-20T11:37:53+00:00	Angers Saint-Laud	0087484006	Téléphone portable	Appareils électroniques, informatiques, appareils photo	Déclaration de Perte
1374	2021-02-16T18:33:06+00:00	Angers Saint-Laud	0087484006	Sac de voyage, sac de sport, sac à bandoulière	Bagagerie: sacs, valises, cartables	Déclaration de Perte
1375	2023-09-24T11:31:43+00:00	Angers Saint-Laud	0087484006	Porte-monnaie, portefeuille	Porte-monnaie / portefeuille, argent, titres	Déclaration de Perte
1376	2021-11-13T12:50:18+00:00	Angers Saint-Laud	0087484006	Foulard, écharpe	Vêtements, chaussures	Déclaration de Perte
1377	2022-03-23T06:56:34+00:00	Angers Saint-Laud	0087484006	Sac de voyage, sac de sport, sac à bandoulière	Bagagerie: sacs, valises, cartables	Déclaration de Perte
1378	2022-03-24T07:24:48+00:00	Angers Saint-Laud	0087484006	Sac à dos	Bagagerie: sacs, valises, cartables	Déclaration de Perte
1379	2024-01-24T18:25:24+00:00	Angers Saint-Laud	0087484006	Casque (vélo, moto)	Vélos, trottinettes, accessoires 2 roues	Déclaration de Perte
1380	2022-03-25T11:20:23+00:00	Angers Saint-Laud	0087484006	Clés, porte-clés	Clés, porte-clés, badge magnétique	Déclaration de Perte
1381	2022-03-25T13:44:47+00:00	Angers Saint-Laud	0087484006	Téléphone portable	Appareils électroniques, informatiques, appareils photo	Déclaration de Perte
1382	2022-03-25T18:33:36+00:00	Angers Saint-Laud	0087484006	Manteau, veste, blazer, parka, blouson, cape	Vêtements, chaussures	Déclaration de Perte
1383	2024-01-26T22:04:48+00:00	Angers Saint-Laud	0087484006	Sac à dos	Bagagerie: sacs, valises, cartables	Déclaration de Perte
1384	2022-03-28T13:22:48+00:00	Angers Saint-Laud	0087484006	Porte-monnaie, portefeuille	Porte-monnaie / portefeuille, argent, titres	Déclaration de Perte
1385	2022-03-30T07:33:39+00:00	Angers Saint-Laud	0087484006	Porte-monnaie, portefeuille	Porte-monnaie / portefeuille, argent, titres	Déclaration de Perte
1386	2022-03-30T12:15:13+00:00	Angers Saint-Laud	0087484006	Téléphone portable	Appareils électroniques, informatiques, appareils photo	Déclaration de Perte
1387	2019-01-24T09:25:44+00:00	Angers Saint-Laud	0087484006	Sac à dos	Bagagerie: sacs, valises, cartables	Déclaration de Perte
1388	2022-04-21T09:48:50+00:00	Angers Saint-Laud	0087484006	Sac à main	Bagagerie: sacs, valises, cartables	Déclaration de Perte
1389	2019-01-25T13:37:13+00:00	Angers Saint-Laud	0087484006	Sac à dos	Bagagerie: sacs, valises, cartables	Déclaration de Perte
1390	2022-04-24T16:54:33+00:00	Angers Saint-Laud	0087484006	Téléphone portable	Appareils électroniques, informatiques, appareils photo	Déclaration de Perte
1391	2022-04-24T20:19:07+00:00	Angers Saint-Laud	0087484006	Doudou, peluche	Articles d'enfants, de puériculture	Déclaration de Perte
1392	2024-02-03T14:21:47+00:00	Angers Saint-Laud	0087484006	Valise, sac sur roulettes	Bagagerie: sacs, valises, cartables	Déclaration de Perte
1393	2021-10-17T20:30:56+00:00	Angers Saint-Laud	0087484006	Téléphone portable protégé (étui, coque,…)	Appareils électroniques, informatiques, appareils photo	Déclaration de Perte
1394	2021-10-18T07:14:35+00:00	Angers Saint-Laud	0087484006	Sac de voyage, sac de sport, sac à bandoulière	Bagagerie: sacs, valises, cartables	Déclaration de Perte
1395	2022-04-26T12:56:54+00:00	Angers Saint-Laud	0087484006	Manteau, veste, blazer, parka, blouson, cape	Vêtements, chaussures	Déclaration de Perte
1396	2024-02-06T14:31:05+00:00	Angers Saint-Laud	0087484006	Sac d'enseigne (plastique, papier, …)	Bagagerie: sacs, valises, cartables	Déclaration de Perte
1397	2022-04-28T11:19:48+00:00	Angers Saint-Laud	0087484006	Sac d'enseigne (plastique, papier, …)	Bagagerie: sacs, valises, cartables	Déclaration de Perte
1398	2018-10-24T15:38:25+00:00	Angers Saint-Laud	0087484006	Sac à dos	Bagagerie: sacs, valises, cartables	Déclaration de Perte
1399	2018-10-25T12:40:35+00:00	Angers Saint-Laud	0087484006	Valise, sac sur roulettes	Bagagerie: sacs, valises, cartables	Déclaration de Perte
1400	2024-03-09T07:09:36+00:00	Angers Saint-Laud	0087484006	Sac à main	Bagagerie: sacs, valises, cartables	Déclaration de Perte
1401	2023-08-02T12:31:22+00:00	Angers Saint-Laud	0087484006	Téléphone portable	Appareils électroniques, informatiques, appareils photo	Déclaration de Perte
1402	2024-03-10T09:56:49+00:00	Angers Saint-Laud	0087484006	Sac d'enseigne (plastique, papier, …)	Bagagerie: sacs, valises, cartables	Déclaration de Perte
1403	2022-03-31T18:15:54+00:00	Angers Saint-Laud	0087484006	Manteau, veste, blazer, parka, blouson, cape	Vêtements, chaussures	Déclaration de Perte
1404	2023-08-07T12:51:25+00:00	Angers Saint-Laud	0087484006	Sac à dos	Bagagerie: sacs, valises, cartables	Déclaration de Perte
1405	2021-12-04T12:54:53+00:00	Angers Saint-Laud	0087484006	Téléphone portable protégé (étui, coque,…)	Appareils électroniques, informatiques, appareils photo	Déclaration de Perte
1406	2024-02-23T13:54:33+00:00	Angers Saint-Laud	0087484006	Chéquier	Porte-monnaie / portefeuille, argent, titres	Déclaration de Perte
1407	2024-02-24T15:28:41+00:00	Angers Saint-Laud	0087484006	Téléphone portable protégé (étui, coque,…)	Appareils électroniques, informatiques, appareils photo	Déclaration de Perte
1408	2023-03-25T11:45:59+00:00	Angers Saint-Laud	0087484006	Sac de voyage, sac de sport, sac à bandoulière	Bagagerie: sacs, valises, cartables	Déclaration de Perte
1409	2023-03-28T16:02:16+00:00	Angers Saint-Laud	0087484006	Carte d'identité, passeport, permis de conduire	Pièces d'identités et papiers personnels	Déclaration de Perte
1410	2020-10-18T14:13:53+00:00	Angers Saint-Laud	0087484006	Téléphone portable protégé (étui, coque,…)	Appareils électroniques, informatiques, appareils photo	Déclaration de Perte
1411	2020-10-18T14:48:38+00:00	Angers Saint-Laud	0087484006	Téléphone portable protégé (étui, coque,…)	Appareils électroniques, informatiques, appareils photo	Déclaration de Perte
1412	2024-03-02T21:11:39+00:00	Angers Saint-Laud	0087484006	Sac de voyage, sac de sport, sac à bandoulière	Bagagerie: sacs, valises, cartables	Déclaration de Perte
1413	2020-10-21T15:02:06+00:00	Angers Saint-Laud	0087484006	Téléphone portable protégé (étui, coque,…)	Appareils électroniques, informatiques, appareils photo	Déclaration de Perte
1414	2021-12-17T21:53:22+00:00	Angers Saint-Laud	0087484006	Porte-monnaie, portefeuille	Porte-monnaie / portefeuille, argent, titres	Déclaration de Perte
1415	2023-11-24T13:33:07+00:00	Angers Saint-Laud	0087484006	Sac d'enseigne (plastique, papier, …)	Bagagerie: sacs, valises, cartables	Déclaration de Perte
1416	2020-10-22T19:30:42+00:00	Angers Saint-Laud	0087484006	Sac à main	Bagagerie: sacs, valises, cartables	Déclaration de Perte
1417	2022-05-30T19:39:03+00:00	Angers Saint-Laud	0087484006	Valise, sac sur roulettes	Bagagerie: sacs, valises, cartables	Déclaration de Perte
1418	2024-03-22T14:20:10+00:00	Angers Saint-Laud	0087484006	Sac à main	Bagagerie: sacs, valises, cartables	Déclaration de Perte
1419	2023-08-02T05:57:55+00:00	Angers Saint-Laud	0087484006	Téléphone portable	Appareils électroniques, informatiques, appareils photo	Déclaration de Perte
1420	2020-10-27T10:01:58+00:00	Angers Saint-Laud	0087484006	Sac à dos	Bagagerie: sacs, valises, cartables	Déclaration de Perte
1421	2022-06-01T12:32:17+00:00	Angers Saint-Laud	0087484006	Autres divers	Divers	Déclaration de Perte
1422	2024-03-24T17:34:58+00:00	Angers Saint-Laud	0087484006	Sac de voyage, sac de sport, sac à bandoulière	Bagagerie: sacs, valises, cartables	Déclaration de Perte
1423	2023-11-28T20:57:08+00:00	Angers Saint-Laud	0087484006	Valise, sac sur roulettes	Bagagerie: sacs, valises, cartables	Déclaration de Perte
1424	2023-11-29T07:46:25+00:00	Angers Saint-Laud	0087484006	Sac à dos	Bagagerie: sacs, valises, cartables	Déclaration de Perte
1425	2022-06-02T08:40:05+00:00	Angers Saint-Laud	0087484006	Valise, sac sur roulettes	Bagagerie: sacs, valises, cartables	Déclaration de Perte
1426	2023-11-29T19:54:39+00:00	Angers Saint-Laud	0087484006	Sac de voyage, sac de sport, sac à bandoulière	Bagagerie: sacs, valises, cartables	Déclaration de Perte
1427	2022-06-03T11:03:28+00:00	Angers Saint-Laud	0087484006	Sac à dos	Bagagerie: sacs, valises, cartables	Déclaration de Perte
1428	2024-03-26T19:32:33+00:00	Angers Saint-Laud	0087484006	Valise, sac sur roulettes	Bagagerie: sacs, valises, cartables	Déclaration de Perte
1429	2023-12-02T13:51:12+00:00	Angers Saint-Laud	0087484006	Porte-monnaie, portefeuille	Porte-monnaie / portefeuille, argent, titres	Déclaration de Perte
1430	2020-09-29T14:53:03+00:00	Angers Saint-Laud	0087484006	Carte Vitale	Pièces d'identités et papiers personnels	Déclaration de Perte
1431	2023-12-02T14:46:18+00:00	Angers Saint-Laud	0087484006	Sac à dos	Bagagerie: sacs, valises, cartables	Déclaration de Perte
1432	2024-03-08T07:00:45+00:00	Angers Saint-Laud	0087484006	Sac à main	Bagagerie: sacs, valises, cartables	Déclaration de Perte
1433	2024-03-09T14:43:51+00:00	Angers Saint-Laud	0087484006	Sac de voyage, sac de sport, sac à bandoulière	Bagagerie: sacs, valises, cartables	Déclaration de Perte
1434	2023-08-09T20:35:01+00:00	Angers Saint-Laud	0087484006	Sac d'enseigne (plastique, papier, …)	Bagagerie: sacs, valises, cartables	Déclaration de Perte
1435	2020-08-26T16:22:20+00:00	Angers Saint-Laud	0087484006	Téléphone portable protégé (étui, coque,…)	Appareils électroniques, informatiques, appareils photo	Déclaration de Perte
1436	2024-03-11T13:46:18+00:00	Angers Saint-Laud	0087484006	Sac d'enseigne (plastique, papier, …)	Bagagerie: sacs, valises, cartables	Déclaration de Perte
1437	2024-03-12T06:28:36+00:00	Angers Saint-Laud	0087484006	Poupée	Articles d'enfants, de puériculture	Déclaration de Perte
1438	2022-07-19T06:40:25+00:00	Angers Saint-Laud	0087484006	Sac de voyage, sac de sport, sac à bandoulière	Bagagerie: sacs, valises, cartables	Déclaration de Perte
1439	2022-07-19T07:51:54+00:00	Angers Saint-Laud	0087484006	Sac à main	Bagagerie: sacs, valises, cartables	Déclaration de Perte
1440	2022-07-19T08:47:34+00:00	Angers Saint-Laud	0087484006	Téléphone portable protégé (étui, coque,…)	Appareils électroniques, informatiques, appareils photo	Déclaration de Perte
1441	2024-03-15T10:14:51+00:00	Angers Saint-Laud	0087484006	Chaîne, collier	Bijoux, montres	Déclaration de Perte
1442	2020-09-01T10:51:40+00:00	Angers Saint-Laud	0087484006	Téléphone portable	Appareils électroniques, informatiques, appareils photo	Déclaration de Perte
1443	2020-09-01T16:31:03+00:00	Angers Saint-Laud	0087484006	Bonnet, chapeau	Vêtements, chaussures	Déclaration de Perte
1444	2020-09-02T13:05:51+00:00	Angers Saint-Laud	0087484006	Carte d'identité, passeport, permis de conduire	Pièces d'identités et papiers personnels	Déclaration de Perte
1445	2024-02-13T19:18:56+00:00	Angers Saint-Laud	0087484006	Sac à main	Bagagerie: sacs, valises, cartables	Déclaration de Perte
1446	2024-02-13T19:27:22+00:00	Angers Saint-Laud	0087484006	Clé de voiture	Clés, porte-clés, badge magnétique	Déclaration de Perte
1447	2024-02-14T17:49:14+00:00	Angers Saint-Laud	0087484006	Sac à dos	Bagagerie: sacs, valises, cartables	Déclaration de Perte
1448	2021-12-15T11:31:44+00:00	Angers Saint-Laud	0087484006	Lunettes en étui	Optique	Déclaration de Perte
1449	2023-10-02T19:20:35+00:00	Angers Saint-Laud	0087484006	Porte-monnaie, portefeuille	Porte-monnaie / portefeuille, argent, titres	Déclaration de Perte
1450	2022-05-26T13:36:27+00:00	Angers Saint-Laud	0087484006	Sac à dos	Bagagerie: sacs, valises, cartables	Déclaration de Perte
1451	2024-02-16T10:15:26+00:00	Angers Saint-Laud	0087484006	Bonnet, chapeau	Vêtements, chaussures	Déclaration de Perte
1452	2024-02-16T16:15:31+00:00	Angers Saint-Laud	0087484006	Lunettes en étui	Optique	Déclaration de Perte
1453	2020-08-19T14:17:16+00:00	Angers Saint-Laud	0087484006	Vélo	Vélos, trottinettes, accessoires 2 roues	Déclaration de Perte
1454	2024-03-04T10:26:22+00:00	Angers Saint-Laud	0087484006	Sac à dos	Bagagerie: sacs, valises, cartables	Déclaration de Perte
1455	2023-10-20T21:36:37+00:00	Angers Saint-Laud	0087484006	Sacoche pour ordinateur, photo, vidéo	Bagagerie: sacs, valises, cartables	Déclaration de Perte
1456	2023-10-21T10:37:50+00:00	Angers Saint-Laud	0087484006	Téléphone portable protégé (étui, coque,…)	Appareils électroniques, informatiques, appareils photo	Déclaration de Perte
1457	2020-08-25T16:50:27+00:00	Angers Saint-Laud	0087484006	Téléphone portable	Appareils électroniques, informatiques, appareils photo	Déclaration de Perte
1458	2022-06-09T14:35:50+00:00	Angers Saint-Laud	0087484006	Housse de vêtement	Vêtements, chaussures	Déclaration de Perte
1459	2020-10-30T11:00:56+00:00	Angers Saint-Laud	0087484006	Téléphone portable	Appareils électroniques, informatiques, appareils photo	Déclaration de Perte
1460	2020-10-30T11:10:59+00:00	Angers Saint-Laud	0087484006	Téléphone portable protégé (étui, coque,…)	Appareils électroniques, informatiques, appareils photo	Déclaration de Perte
1461	2023-10-24T08:17:07+00:00	Angers Saint-Laud	0087484006	Sac d'enseigne (plastique, papier, …)	Bagagerie: sacs, valises, cartables	Déclaration de Perte
1462	2024-01-10T07:18:50+00:00	Angers Saint-Laud	0087484006	Sac à dos	Bagagerie: sacs, valises, cartables	Déclaration de Perte
1463	2023-11-05T10:39:42+00:00	Angers Saint-Laud	0087484006	Sac de voyage, sac de sport, sac à bandoulière	Bagagerie: sacs, valises, cartables	Déclaration de Perte
1464	2020-11-04T12:11:08+00:00	Angers Saint-Laud	0087484006	Clé de voiture	Clés, porte-clés, badge magnétique	Déclaration de Perte
1465	2024-01-11T10:31:33+00:00	Angers Saint-Laud	0087484006	Sac de voyage, sac de sport, sac à bandoulière	Bagagerie: sacs, valises, cartables	Déclaration de Perte
1466	2023-10-27T09:04:44+00:00	Angers Saint-Laud	0087484006	Sac d'enseigne (plastique, papier, …)	Bagagerie: sacs, valises, cartables	Déclaration de Perte
1467	2023-11-06T21:09:10+00:00	Angers Saint-Laud	0087484006	Clés, porte-clés	Clés, porte-clés, badge magnétique	Déclaration de Perte
1468	2023-11-07T07:20:24+00:00	Angers Saint-Laud	0087484006	Porte-monnaie, portefeuille	Porte-monnaie / portefeuille, argent, titres	Déclaration de Perte
1469	2020-11-11T13:14:54+00:00	Angers Saint-Laud	0087484006	Autre pièce ou papier personnel	Pièces d'identités et papiers personnels	Déclaration de Perte
1470	2020-11-11T13:14:57+00:00	Angers Saint-Laud	0087484006	Autre pièce ou papier personnel	Pièces d'identités et papiers personnels	Déclaration de Perte
1471	2023-08-11T12:57:57+00:00	Angers Saint-Laud	0087484006	Sacoche pour ordinateur, photo, vidéo	Bagagerie: sacs, valises, cartables	Déclaration de Perte
1472	2020-09-30T16:26:52+00:00	Angers Saint-Laud	0087484006	Porte-monnaie, portefeuille	Porte-monnaie / portefeuille, argent, titres	Déclaration de Perte
1473	2020-09-30T16:35:32+00:00	Angers Saint-Laud	0087484006	Manteau, veste, blazer, parka, blouson, cape	Vêtements, chaussures	Déclaration de Perte
1474	2020-10-01T10:35:27+00:00	Angers Saint-Laud	0087484006	Sac à dos	Bagagerie: sacs, valises, cartables	Déclaration de Perte
1475	2023-11-09T14:31:18+00:00	Angers Saint-Laud	0087484006	Sacoche pour ordinateur, photo, vidéo	Bagagerie: sacs, valises, cartables	Déclaration de Perte
1476	2023-10-06T17:30:20+00:00	Angers Saint-Laud	0087484006	Sac à dos	Bagagerie: sacs, valises, cartables	Déclaration de Perte
1477	2023-11-10T11:41:20+00:00	Angers Saint-Laud	0087484006	Sac à dos	Bagagerie: sacs, valises, cartables	Déclaration de Perte
1478	2023-11-10T13:35:09+00:00	Angers Saint-Laud	0087484006	Téléphone portable	Appareils électroniques, informatiques, appareils photo	Déclaration de Perte
1479	2023-10-08T10:48:14+00:00	Angers Saint-Laud	0087484006	Sac à dos	Bagagerie: sacs, valises, cartables	Déclaration de Perte
1480	2023-11-10T20:18:28+00:00	Angers Saint-Laud	0087484006	Téléphone portable	Appareils électroniques, informatiques, appareils photo	Déclaration de Perte
1481	2024-01-17T08:31:08+00:00	Angers Saint-Laud	0087484006	Parapluie télescopique, parapluie de poche	Parapluies	Déclaration de Perte
1482	2020-10-03T18:52:44+00:00	Angers Saint-Laud	0087484006	Porte-monnaie, portefeuille	Porte-monnaie / portefeuille, argent, titres	Déclaration de Perte
1483	2020-10-05T07:25:09+00:00	Angers Saint-Laud	0087484006	Valise, sac sur roulettes	Bagagerie: sacs, valises, cartables	Déclaration de Perte
1484	2023-11-12T20:22:37+00:00	Angers Saint-Laud	0087484006	Valise, sac sur roulettes	Bagagerie: sacs, valises, cartables	Déclaration de Perte
1485	2024-01-05T14:52:26+00:00	Angers Saint-Laud	0087484006	Sac d'enseigne (plastique, papier, …)	Bagagerie: sacs, valises, cartables	Déclaration de Perte
1486	2023-11-13T21:08:08+00:00	Angers Saint-Laud	0087484006	Sac de voyage, sac de sport, sac à bandoulière	Bagagerie: sacs, valises, cartables	Déclaration de Perte
1487	2023-10-11T12:54:27+00:00	Angers Saint-Laud	0087484006	Autre pièce ou papier personnel	Pièces d'identités et papiers personnels	Déclaration de Perte
1488	2023-10-11T17:44:21+00:00	Angers Saint-Laud	0087484006	Sac à dos	Bagagerie: sacs, valises, cartables	Déclaration de Perte
1489	2020-10-16T16:12:27+00:00	Angers Saint-Laud	0087484006	Sac de voyage, sac de sport, sac à bandoulière	Bagagerie: sacs, valises, cartables	Déclaration de Perte
1490	2023-10-11T19:13:52+00:00	Angers Saint-Laud	0087484006	Valise, sac sur roulettes	Bagagerie: sacs, valises, cartables	Déclaration de Perte
1491	2023-10-12T14:36:30+00:00	Angers Saint-Laud	0087484006	Porte-monnaie, portefeuille	Porte-monnaie / portefeuille, argent, titres	Déclaration de Perte
1492	2023-04-13T18:53:00+00:00	Angers Saint-Laud	0087484006	Sac de voyage, sac de sport, sac à bandoulière	Bagagerie: sacs, valises, cartables	Déclaration de Perte
1493	2023-12-24T16:37:18+00:00	Angers Saint-Laud	0087484006	Sac d'enseigne (plastique, papier, …)	Bagagerie: sacs, valises, cartables	Déclaration de Perte
1494	2024-01-10T15:50:34+00:00	Angers Saint-Laud	0087484006	Téléphone portable	Appareils électroniques, informatiques, appareils photo	Déclaration de Perte
1495	2023-12-27T11:23:26+00:00	Angers Saint-Laud	0087484006	Valise, sac sur roulettes	Bagagerie: sacs, valises, cartables	Déclaration de Perte
1496	2024-01-12T21:05:38+00:00	Angers Saint-Laud	0087484006	Sacoche pour ordinateur, photo, vidéo	Bagagerie: sacs, valises, cartables	Déclaration de Perte
1497	2023-12-11T17:27:41+00:00	Angers Saint-Laud	0087484006	Sacoche ventrale, banane	Bagagerie: sacs, valises, cartables	Déclaration de Perte
1498	2023-11-27T19:09:57+00:00	Angers Saint-Laud	0087484006	Sac d'enseigne (plastique, papier, …)	Bagagerie: sacs, valises, cartables	Déclaration de Perte
1499	2023-04-24T16:44:35+00:00	Angers Saint-Laud	0087484006	Sacoche ventrale, banane	Bagagerie: sacs, valises, cartables	Déclaration de Perte
1500	2023-10-31T10:44:55+00:00	Angers Saint-Laud	0087484006	Bonnet, chapeau	Vêtements, chaussures	Déclaration de Perte
1501	2023-12-15T09:07:49+00:00	Angers Saint-Laud	0087484006	Sac à dos	Bagagerie: sacs, valises, cartables	Déclaration de Perte
1502	2023-11-19T11:07:16+00:00	Angers Saint-Laud	0087484006	Porte-monnaie, portefeuille	Porte-monnaie / portefeuille, argent, titres	Déclaration de Perte
1503	2023-10-29T20:13:47+00:00	Angers Saint-Laud	0087484006	Sac d'enseigne (plastique, papier, …)	Bagagerie: sacs, valises, cartables	Déclaration de Perte
1504	2023-12-02T13:21:47+00:00	Angers Saint-Laud	0087484006	Sac à dos	Bagagerie: sacs, valises, cartables	Déclaration de Perte
1505	2023-12-05T18:28:11+00:00	Angers Saint-Laud	0087484006	Valise, sac sur roulettes	Bagagerie: sacs, valises, cartables	Déclaration de Perte
1506	2021-12-05T22:09:17+00:00	Angers Saint-Laud	0087484006	Valise, sac sur roulettes	Bagagerie: sacs, valises, cartables	Déclaration de Perte
1507	2021-12-07T13:50:18+00:00	Angers Saint-Laud	0087484006	AirPod, casque audio, écouteurs	Appareils électroniques, informatiques, appareils photo	Déclaration de Perte
1508	2024-02-16T19:47:00+00:00	Angers Saint-Laud	0087484006	Sac à dos	Bagagerie: sacs, valises, cartables	Déclaration de Perte
1509	2023-08-05T11:45:42+00:00	Angers Saint-Laud	0087484006	Valise, sac sur roulettes	Bagagerie: sacs, valises, cartables	Déclaration de Perte
1510	2021-11-22T10:38:47+00:00	Angers Saint-Laud	0087484006	Téléphone portable	Appareils électroniques, informatiques, appareils photo	Déclaration de Perte
1511	2023-11-17T10:28:28+00:00	Angers Saint-Laud	0087484006	Clé de voiture	Clés, porte-clés, badge magnétique	Déclaration de Perte
1512	2021-11-22T15:32:59+00:00	Angers Saint-Laud	0087484006	Téléphone portable protégé (étui, coque,…)	Appareils électroniques, informatiques, appareils photo	Déclaration de Perte
1513	2021-11-22T21:45:16+00:00	Angers Saint-Laud	0087484006	Téléphone portable	Appareils électroniques, informatiques, appareils photo	Déclaration de Perte
1514	2023-11-18T11:54:23+00:00	Angers Saint-Laud	0087484006	Sac de voyage, sac de sport, sac à bandoulière	Bagagerie: sacs, valises, cartables	Déclaration de Perte
1515	2024-01-02T18:47:37+00:00	Angers Saint-Laud	0087484006	Sac d'enseigne (plastique, papier, …)	Bagagerie: sacs, valises, cartables	Déclaration de Perte
1516	2023-08-11T17:53:36+00:00	Angers Saint-Laud	0087484006	Sac à dos	Bagagerie: sacs, valises, cartables	Déclaration de Perte
1517	2022-06-17T07:32:45+00:00	Angers Saint-Laud	0087484006	Porte-monnaie, portefeuille	Porte-monnaie / portefeuille, argent, titres	Déclaration de Perte
1518	2022-06-19T18:36:22+00:00	Angers Saint-Laud	0087484006	Sac à dos	Bagagerie: sacs, valises, cartables	Déclaration de Perte
1519	2021-10-14T10:55:23+00:00	Angers Saint-Laud	0087484006	Sac à dos	Bagagerie: sacs, valises, cartables	Déclaration de Perte
1520	2024-02-06T17:49:13+00:00	Angers Saint-Laud	0087484006	Sac de voyage, sac de sport, sac à bandoulière	Bagagerie: sacs, valises, cartables	Déclaration de Perte
1521	2023-10-29T20:33:11+00:00	Angers Saint-Laud	0087484006	Manteau, veste, blazer, parka, blouson, cape	Vêtements, chaussures	Déclaration de Perte
1522	2023-10-30T05:21:13+00:00	Angers Saint-Laud	0087484006	Téléphone portable	Appareils électroniques, informatiques, appareils photo	Déclaration de Perte
1523	2023-10-30T13:49:59+00:00	Angers Saint-Laud	0087484006	Disque dur externe, clé USB	Appareils électroniques, informatiques, appareils photo	Déclaration de Perte
1524	2021-10-23T12:09:55+00:00	Angers Saint-Laud	0087484006	Tablette tactile protégée (étui, housse)	Appareils électroniques, informatiques, appareils photo	Déclaration de Perte
1525	2021-06-15T13:04:14+00:00	Angers Saint-Laud	0087484006	Porte-monnaie, portefeuille	Porte-monnaie / portefeuille, argent, titres	Déclaration de Perte
1526	2023-07-31T14:01:30+00:00	Angers Saint-Laud	0087484006	Valise, sac sur roulettes	Bagagerie: sacs, valises, cartables	Déclaration de Perte
1527	2024-03-04T10:09:17+00:00	Angers Saint-Laud	0087484006	Pull over, gilet	Vêtements, chaussures	Déclaration de Perte
1528	2023-10-11T06:01:30+00:00	Angers Saint-Laud	0087484006	AirPod, casque audio, écouteurs	Appareils électroniques, informatiques, appareils photo	Déclaration de Perte
1529	2023-08-03T07:17:06+00:00	Angers Saint-Laud	0087484006	Téléphone portable	Appareils électroniques, informatiques, appareils photo	Déclaration de Perte
1530	2023-10-12T06:00:13+00:00	Angers Saint-Laud	0087484006	Porte-monnaie, portefeuille	Porte-monnaie / portefeuille, argent, titres	Déclaration de Perte
1531	2024-03-05T22:09:33+00:00	Angers Saint-Laud	0087484006	Valise, sac sur roulettes	Bagagerie: sacs, valises, cartables	Déclaration de Perte
1532	2021-11-05T06:12:40+00:00	Angers Saint-Laud	0087484006	Porte-monnaie, portefeuille	Porte-monnaie / portefeuille, argent, titres	Déclaration de Perte
1533	2023-12-31T15:04:21+00:00	Angers Saint-Laud	0087484006	Valise, sac sur roulettes	Bagagerie: sacs, valises, cartables	Déclaration de Perte
1534	2022-01-11T19:06:17+00:00	Angers Saint-Laud	0087484006	Diplôme, papiers personnels	Pièces d'identités et papiers personnels	Déclaration de Perte
1535	2024-01-01T09:31:17+00:00	Angers Saint-Laud	0087484006	Boucles d'oreilles	Bijoux, montres	Déclaration de Perte
1536	2024-01-01T11:50:28+00:00	Angers Saint-Laud	0087484006	Sac à main	Bagagerie: sacs, valises, cartables	Déclaration de Perte
1537	2022-01-13T20:14:05+00:00	Angers Saint-Laud	0087484006	Lunettes	Optique	Déclaration de Perte
1538	2023-10-17T05:08:03+00:00	Angers Saint-Laud	0087484006	Téléphone portable	Appareils électroniques, informatiques, appareils photo	Déclaration de Perte
1539	2023-08-09T06:40:21+00:00	Angers Saint-Laud	0087484006	Bâton de marche	Articles de sport, loisirs, camping	Déclaration de Perte
1540	2024-02-24T19:07:07+00:00	Angers Saint-Laud	0087484006	Autres divers	Divers	Déclaration de Perte
1541	2022-01-16T12:05:16+00:00	Angers Saint-Laud	0087484006	Sac à dos	Bagagerie: sacs, valises, cartables	Déclaration de Perte
1542	2024-02-26T07:21:54+00:00	Angers Saint-Laud	0087484006	Gants	Vêtements, chaussures	Déclaration de Perte
1543	2023-08-12T14:42:24+00:00	Angers Saint-Laud	0087484006	Autres divers	Divers	Déclaration de Perte
1544	2022-01-24T11:41:12+00:00	Angers Saint-Laud	0087484006	Sac de voyage, sac de sport, sac à bandoulière	Bagagerie: sacs, valises, cartables	Déclaration de Perte
1545	2022-01-11T19:11:17+00:00	Angers Saint-Laud	0087484006	Bonnet, chapeau	Vêtements, chaussures	Déclaration de Perte
1546	2021-11-02T11:52:49+00:00	Angers Saint-Laud	0087484006	Sac à dos	Bagagerie: sacs, valises, cartables	Déclaration de Perte
1547	2023-11-11T18:37:04+00:00	Angers Saint-Laud	0087484006	Sacoche pour ordinateur, photo, vidéo	Bagagerie: sacs, valises, cartables	Déclaration de Perte
1548	2022-01-13T20:16:25+00:00	Angers Saint-Laud	0087484006	Sac d'enseigne (plastique, papier, …)	Bagagerie: sacs, valises, cartables	Déclaration de Perte
1549	2023-11-15T11:41:52+00:00	Angers Saint-Laud	0087484006	Sac à main	Bagagerie: sacs, valises, cartables	Déclaration de Perte
1550	2023-11-15T13:33:09+00:00	Angers Saint-Laud	0087484006	Sacoche pour ordinateur, photo, vidéo	Bagagerie: sacs, valises, cartables	Déclaration de Perte
1551	2022-01-23T14:54:35+00:00	Angers Saint-Laud	0087484006	Porte-monnaie, portefeuille	Porte-monnaie / portefeuille, argent, titres	Déclaration de Perte
1552	2022-03-02T14:38:09+00:00	Angers Saint-Laud	0087484006	Autres vêtements	Vêtements, chaussures	Déclaration de Perte
1553	2023-10-11T12:59:35+00:00	Angers Saint-Laud	0087484006	Autre pièce ou papier personnel	Pièces d'identités et papiers personnels	Déclaration de Perte
1554	2022-03-04T20:56:06+00:00	Angers Saint-Laud	0087484006	Valise, sac sur roulettes	Bagagerie: sacs, valises, cartables	Déclaration de Perte
1555	2021-06-24T18:20:31+00:00	Angers Saint-Laud	0087484006	Sacoche ventrale, banane	Bagagerie: sacs, valises, cartables	Déclaration de Perte
1556	2022-03-06T09:03:56+00:00	Angers Saint-Laud	0087484006	Clés, porte-clés	Clés, porte-clés, badge magnétique	Déclaration de Perte
1557	2023-10-14T13:28:34+00:00	Angers Saint-Laud	0087484006	Porte-monnaie, portefeuille	Porte-monnaie / portefeuille, argent, titres	Déclaration de Perte
1558	2023-08-28T16:44:19+00:00	Angers Saint-Laud	0087484006	Sacoche pour ordinateur, photo, vidéo	Bagagerie: sacs, valises, cartables	Déclaration de Perte
1559	2023-10-16T19:27:27+00:00	Angers Saint-Laud	0087484006	Sac à dos	Bagagerie: sacs, valises, cartables	Déclaration de Perte
1560	2023-10-19T05:32:35+00:00	Angers Saint-Laud	0087484006	Autres divers	Divers	Déclaration de Perte
1561	2023-09-03T12:39:12+00:00	Angers Saint-Laud	0087484006	Accessoires 2 roues	Vélos, trottinettes, accessoires 2 roues	Déclaration de Perte
1562	2020-02-29T21:31:46+00:00	Angers Saint-Laud	0087484006	Sac à dos	Bagagerie: sacs, valises, cartables	Déclaration de Perte
1563	2023-09-06T06:55:53+00:00	Angers Saint-Laud	0087484006	Sac d'enseigne (plastique, papier, …)	Bagagerie: sacs, valises, cartables	Déclaration de Perte
1564	2023-10-23T13:12:14+00:00	Angers Saint-Laud	0087484006	Manteau, veste, blazer, parka, blouson, cape	Vêtements, chaussures	Déclaration de Perte
1565	2023-08-15T13:34:11+00:00	Angers Saint-Laud	0087484006	Sac de voyage, sac de sport, sac à bandoulière	Bagagerie: sacs, valises, cartables	Déclaration de Perte
1566	2023-10-26T06:29:41+00:00	Angers Saint-Laud	0087484006	Sac à dos	Bagagerie: sacs, valises, cartables	Déclaration de Perte
1567	2021-11-18T18:35:09+00:00	Angers Saint-Laud	0087484006	Sac à dos	Bagagerie: sacs, valises, cartables	Déclaration de Perte
1568	2020-03-06T16:17:51+00:00	Angers Saint-Laud	0087484006	Téléphone portable protégé (étui, coque,…)	Appareils électroniques, informatiques, appareils photo	Déclaration de Perte
1569	2021-11-19T22:07:30+00:00	Angers Saint-Laud	0087484006	Sac à dos	Bagagerie: sacs, valises, cartables	Déclaration de Perte
1570	2021-11-22T08:59:03+00:00	Angers Saint-Laud	0087484006	Sac à dos	Bagagerie: sacs, valises, cartables	Déclaration de Perte
1571	2021-08-05T10:53:37+00:00	Angers Saint-Laud	0087484006	Téléphone portable	Appareils électroniques, informatiques, appareils photo	Déclaration de Perte
1572	2023-08-22T13:23:09+00:00	Angers Saint-Laud	0087484006	Casque (vélo, moto)	Vélos, trottinettes, accessoires 2 roues	Déclaration de Perte
1573	2020-03-15T20:58:15+00:00	Angers Saint-Laud	0087484006	Porte-monnaie, portefeuille	Porte-monnaie / portefeuille, argent, titres	Déclaration de Perte
1574	2020-03-17T12:13:14+00:00	Angers Saint-Laud	0087484006	Sac à main	Bagagerie: sacs, valises, cartables	Déclaration de Perte
1575	2020-03-17T15:05:52+00:00	Angers Saint-Laud	0087484006	Sac à dos	Bagagerie: sacs, valises, cartables	Déclaration de Perte
1576	2020-05-13T06:23:04+00:00	Angers Saint-Laud	0087484006	Clés, porte-clés	Clés, porte-clés, badge magnétique	Déclaration de Perte
1577	2020-05-13T12:49:59+00:00	Angers Saint-Laud	0087484006	Appareil photo, caméscope/caméras et accessoires	Appareils électroniques, informatiques, appareils photo	Déclaration de Perte
1578	2022-06-17T13:26:06+00:00	Angers Saint-Laud	0087484006	Porte-monnaie, portefeuille	Porte-monnaie / portefeuille, argent, titres	Déclaration de Perte
1579	2022-06-17T13:26:14+00:00	Angers Saint-Laud	0087484006	Porte-monnaie, portefeuille	Porte-monnaie / portefeuille, argent, titres	Déclaration de Perte
1580	2023-08-27T06:22:17+00:00	Angers Saint-Laud	0087484006	Outils, Accesoires	Articles de sport, loisirs, camping	Déclaration de Perte
1581	2022-06-18T08:49:31+00:00	Angers Saint-Laud	0087484006	Téléphone portable	Appareils électroniques, informatiques, appareils photo	Déclaration de Perte
1582	2023-09-23T10:49:26+00:00	Angers Saint-Laud	0087484006	Sac à dos	Bagagerie: sacs, valises, cartables	Déclaration de Perte
1583	2021-07-14T12:52:56+00:00	Angers Saint-Laud	0087484006	Lunettes	Optique	Déclaration de Perte
1584	2022-01-06T10:32:01+00:00	Angers Saint-Laud	0087484006	Sacoche pour ordinateur, photo, vidéo	Bagagerie: sacs, valises, cartables	Déclaration de Perte
1585	2023-09-24T21:20:50+00:00	Angers Saint-Laud	0087484006	Porte-monnaie, portefeuille	Porte-monnaie / portefeuille, argent, titres	Déclaration de Perte
1586	2022-06-20T14:23:55+00:00	Angers Saint-Laud	0087484006	Sac à dos	Bagagerie: sacs, valises, cartables	Déclaration de Perte
1587	2022-06-20T18:14:06+00:00	Angers Saint-Laud	0087484006	Ordinateur, ordinateur portable, notebook	Appareils électroniques, informatiques, appareils photo	Déclaration de Perte
1588	2022-06-21T06:26:15+00:00	Angers Saint-Laud	0087484006	Pull over, gilet	Vêtements, chaussures	Déclaration de Perte
1589	2022-01-09T19:17:01+00:00	Angers Saint-Laud	0087484006	Sac à dos	Bagagerie: sacs, valises, cartables	Déclaration de Perte
1590	2022-07-13T14:31:18+00:00	Angers Saint-Laud	0087484006	Sac à dos	Bagagerie: sacs, valises, cartables	Déclaration de Perte
1591	2021-07-18T14:42:43+00:00	Angers Saint-Laud	0087484006	Téléphone portable protégé (étui, coque,…)	Appareils électroniques, informatiques, appareils photo	Déclaration de Perte
1592	2022-06-22T06:01:32+00:00	Angers Saint-Laud	0087484006	Carte de crédit	Porte-monnaie / portefeuille, argent, titres	Déclaration de Perte
1593	2023-09-08T06:49:47+00:00	Angers Saint-Laud	0087484006	Téléphone portable	Appareils électroniques, informatiques, appareils photo	Déclaration de Perte
1594	2022-06-24T14:13:13+00:00	Angers Saint-Laud	0087484006	Téléphone portable protégé (étui, coque,…)	Appareils électroniques, informatiques, appareils photo	Déclaration de Perte
1595	2021-03-14T17:35:33+00:00	Angers Saint-Laud	0087484006	Valise, sac sur roulettes	Bagagerie: sacs, valises, cartables	Déclaration de Perte
1596	2021-03-16T17:19:36+00:00	Angers Saint-Laud	0087484006	Porte-monnaie, portefeuille	Porte-monnaie / portefeuille, argent, titres	Déclaration de Perte
1597	2021-03-16T18:34:28+00:00	Angers Saint-Laud	0087484006	Sac d'enseigne (plastique, papier, …)	Bagagerie: sacs, valises, cartables	Déclaration de Perte
1598	2021-03-19T09:41:36+00:00	Angers Saint-Laud	0087484006	Autre pièce ou papier personnel	Pièces d'identités et papiers personnels	Déclaration de Perte
1599	2021-03-24T10:00:11+00:00	Angers Saint-Laud	0087484006	Sacoche ventrale, banane	Bagagerie: sacs, valises, cartables	Déclaration de Perte
1600	2021-10-14T13:35:53+00:00	Angers Saint-Laud	0087484006	Porte-monnaie, portefeuille	Porte-monnaie / portefeuille, argent, titres	Déclaration de Perte
1601	2021-03-29T10:19:14+00:00	Angers Saint-Laud	0087484006	Bonnet, chapeau	Vêtements, chaussures	Déclaration de Perte
1602	2021-03-29T11:11:24+00:00	Angers Saint-Laud	0087484006	Téléphone portable	Appareils électroniques, informatiques, appareils photo	Déclaration de Perte
1603	2021-03-30T12:06:35+00:00	Angers Saint-Laud	0087484006	Téléphone portable protégé (étui, coque,…)	Appareils électroniques, informatiques, appareils photo	Déclaration de Perte
1604	2021-10-17T16:42:49+00:00	Angers Saint-Laud	0087484006	Sac de voyage, sac de sport, sac à bandoulière	Bagagerie: sacs, valises, cartables	Déclaration de Perte
1605	2022-02-18T08:34:52+00:00	Angers Saint-Laud	0087484006	Autres divers	Divers	Déclaration de Perte
1606	2024-05-01T10:59:50+00:00	Angers Saint-Laud	0087484006	Porte-monnaie, portefeuille	Porte-monnaie / portefeuille, argent, titres	Déclaration de Perte
1607	2024-05-01T12:35:19+00:00	Angers Saint-Laud	0087484006	Tablette tactile protégée (étui, housse)	Appareils électroniques, informatiques, appareils photo	Déclaration de Perte
1608	2022-03-14T07:07:15+00:00	Angers Saint-Laud	0087484006	Sacoche pour ordinateur, photo, vidéo	Bagagerie: sacs, valises, cartables	Déclaration de Perte
1609	2022-02-22T20:00:14+00:00	Angers Saint-Laud	0087484006	Manteau, veste, blazer, parka, blouson, cape	Vêtements, chaussures	Déclaration de Perte
1610	2022-02-23T17:55:05+00:00	Angers Saint-Laud	0087484006	AirPod, casque audio, écouteurs	Appareils électroniques, informatiques, appareils photo	Déclaration de Perte
1611	2022-03-15T17:48:06+00:00	Angers Saint-Laud	0087484006	AirPod, casque audio, écouteurs	Appareils électroniques, informatiques, appareils photo	Déclaration de Perte
1612	2022-03-15T18:15:10+00:00	Angers Saint-Laud	0087484006	Autres vêtements	Vêtements, chaussures	Déclaration de Perte
1613	2021-04-03T16:31:01+00:00	Angers Saint-Laud	0087484006	Valise, sac sur roulettes	Bagagerie: sacs, valises, cartables	Déclaration de Perte
1614	2022-03-18T11:34:42+00:00	Angers Saint-Laud	0087484006	Téléphone portable protégé (étui, coque,…)	Appareils électroniques, informatiques, appareils photo	Déclaration de Perte
1615	2022-03-18T11:43:38+00:00	Angers Saint-Laud	0087484006	Téléphone portable	Appareils électroniques, informatiques, appareils photo	Déclaration de Perte
1616	2021-06-10T07:42:42+00:00	Angers Saint-Laud	0087484006	Carte de crédit	Porte-monnaie / portefeuille, argent, titres	Déclaration de Perte
1617	2021-04-12T08:26:35+00:00	Angers Saint-Laud	0087484006	Foulard, écharpe	Vêtements, chaussures	Déclaration de Perte
1618	2021-06-11T08:54:50+00:00	Angers Saint-Laud	0087484006	Porte-monnaie, portefeuille	Porte-monnaie / portefeuille, argent, titres	Déclaration de Perte
1619	2022-03-04T18:39:19+00:00	Angers Saint-Laud	0087484006	Appareil audio portable (lecteur de CD, baladeur MP3, iPod, ... )	Appareils électroniques, informatiques, appareils photo	Déclaration de Perte
1620	2022-03-30T14:52:43+00:00	Angers Saint-Laud	0087484006	Sac à main	Bagagerie: sacs, valises, cartables	Déclaration de Perte
1621	2022-06-16T06:50:49+00:00	Angers Saint-Laud	0087484006	Autres divers	Divers	Déclaration de Perte
1622	2021-11-16T17:43:00+00:00	Angers Saint-Laud	0087484006	Valise, sac sur roulettes	Bagagerie: sacs, valises, cartables	Déclaration de Perte
1623	2021-06-20T15:05:48+00:00	Angers Saint-Laud	0087484006	Sac à main	Bagagerie: sacs, valises, cartables	Déclaration de Perte
1624	2021-12-22T22:27:51+00:00	Angers Saint-Laud	0087484006	Valise, sac sur roulettes	Bagagerie: sacs, valises, cartables	Déclaration de Perte
1625	2021-06-21T12:17:43+00:00	Angers Saint-Laud	0087484006	Clés, porte-clés	Clés, porte-clés, badge magnétique	Déclaration de Perte
1626	2022-03-21T10:57:49+00:00	Angers Saint-Laud	0087484006	Manteau, veste, blazer, parka, blouson, cape	Vêtements, chaussures	Déclaration de Perte
1627	2022-06-17T18:19:33+00:00	Angers Saint-Laud	0087484006	Sacoche pour ordinateur, photo, vidéo	Bagagerie: sacs, valises, cartables	Déclaration de Perte
1628	2021-06-22T09:48:06+00:00	Angers Saint-Laud	0087484006	Valise, sac sur roulettes	Bagagerie: sacs, valises, cartables	Déclaration de Perte
1629	2021-12-27T04:21:16+00:00	Angers Saint-Laud	0087484006	Téléphone portable protégé (étui, coque,…)	Appareils électroniques, informatiques, appareils photo	Déclaration de Perte
1630	2021-11-21T22:09:33+00:00	Angers Saint-Laud	0087484006	Sac d'enseigne (plastique, papier, …)	Bagagerie: sacs, valises, cartables	Déclaration de Perte
1631	2024-04-25T15:39:14+00:00	Angers Saint-Laud	0087484006	Sac à dos	Bagagerie: sacs, valises, cartables	Déclaration de Perte
1632	2022-06-16T09:28:00+00:00	Angers Saint-Laud	0087484006	Ordinateur, ordinateur portable, notebook protégé (étui, housse,…)	Appareils électroniques, informatiques, appareils photo	Déclaration de Perte
1633	2022-06-16T15:43:29+00:00	Angers Saint-Laud	0087484006	AirPod, casque audio, écouteurs	Appareils électroniques, informatiques, appareils photo	Déclaration de Perte
1634	2021-05-12T13:47:07+00:00	Angers Saint-Laud	0087484006	Autres appareils et accessoires électroniques	Appareils électroniques, informatiques, appareils photo	Déclaration de Perte
1635	2022-06-17T16:03:37+00:00	Angers Saint-Laud	0087484006	Valise, sac sur roulettes	Bagagerie: sacs, valises, cartables	Déclaration de Perte
1636	2021-05-14T16:34:19+00:00	Angers Saint-Laud	0087484006	Sac à dos	Bagagerie: sacs, valises, cartables	Déclaration de Perte
1637	2021-04-01T20:50:32+00:00	Angers Saint-Laud	0087484006	Ordinateur, ordinateur portable, notebook protégé (étui, housse,…)	Appareils électroniques, informatiques, appareils photo	Déclaration de Perte
1638	2021-04-02T06:04:06+00:00	Angers Saint-Laud	0087484006	Sac à dos	Bagagerie: sacs, valises, cartables	Déclaration de Perte
1639	2022-07-07T13:33:27+00:00	Angers Saint-Laud	0087484006	Sac à main	Bagagerie: sacs, valises, cartables	Déclaration de Perte
1640	2022-06-30T08:38:56+00:00	Angers Saint-Laud	0087484006	Sac à dos	Bagagerie: sacs, valises, cartables	Déclaration de Perte
1641	2021-04-05T11:15:55+00:00	Angers Saint-Laud	0087484006	Sac de voyage, sac de sport, sac à bandoulière	Bagagerie: sacs, valises, cartables	Déclaration de Perte
1642	2022-06-20T12:45:15+00:00	Angers Saint-Laud	0087484006	Porte-monnaie, portefeuille	Porte-monnaie / portefeuille, argent, titres	Déclaration de Perte
1643	2022-06-21T10:38:31+00:00	Angers Saint-Laud	0087484006	Sac d'enseigne (plastique, papier, …)	Bagagerie: sacs, valises, cartables	Déclaration de Perte
1644	2021-04-08T09:33:10+00:00	Angers Saint-Laud	0087484006	Lunettes	Optique	Déclaration de Perte
1645	2022-07-05T10:49:51+00:00	Angers Saint-Laud	0087484006	Valise, sac sur roulettes	Bagagerie: sacs, valises, cartables	Déclaration de Perte
1646	2021-04-10T16:36:35+00:00	Angers Saint-Laud	0087484006	Téléphone portable	Appareils électroniques, informatiques, appareils photo	Déclaration de Perte
1647	2022-02-08T18:55:19+00:00	Angers Saint-Laud	0087484006	Porte-monnaie, portefeuille	Porte-monnaie / portefeuille, argent, titres	Déclaration de Perte
1648	2022-02-09T09:43:18+00:00	Angers Saint-Laud	0087484006	Téléphone portable	Appareils électroniques, informatiques, appareils photo	Déclaration de Perte
1649	2022-02-10T11:47:20+00:00	Angers Saint-Laud	0087484006	Autres articles de papeterie	Livres, articles de papéterie	Déclaration de Perte
1650	2022-07-07T09:05:32+00:00	Angers Saint-Laud	0087484006	Manteau, veste, blazer, parka, blouson, cape	Vêtements, chaussures	Déclaration de Perte
1651	2022-06-24T06:45:44+00:00	Angers Saint-Laud	0087484006	Manteau, veste, blazer, parka, blouson, cape	Vêtements, chaussures	Déclaration de Perte
1652	2022-02-11T19:11:35+00:00	Angers Saint-Laud	0087484006	Téléphone portable	Appareils électroniques, informatiques, appareils photo	Déclaration de Perte
1653	2022-02-11T21:34:45+00:00	Angers Saint-Laud	0087484006	Valise, sac sur roulettes	Bagagerie: sacs, valises, cartables	Déclaration de Perte
1654	2022-02-13T12:39:17+00:00	Angers Saint-Laud	0087484006	Sac à dos	Bagagerie: sacs, valises, cartables	Déclaration de Perte
1655	2022-02-13T13:10:50+00:00	Angers Saint-Laud	0087484006	Clés, porte-clés	Clés, porte-clés, badge magnétique	Déclaration de Perte
1656	2021-04-22T09:07:41+00:00	Angers Saint-Laud	0087484006	Porte-monnaie, portefeuille	Porte-monnaie / portefeuille, argent, titres	Déclaration de Perte
1657	2022-02-06T19:16:22+00:00	Angers Saint-Laud	0087484006	Valise, sac sur roulettes	Bagagerie: sacs, valises, cartables	Déclaration de Perte
1658	2022-02-14T12:20:16+00:00	Angers Saint-Laud	0087484006	Autres divers	Divers	Déclaration de Perte
1659	2021-06-24T06:42:38+00:00	Angers Saint-Laud	0087484006	Manteau, veste, blazer, parka, blouson, cape	Vêtements, chaussures	Déclaration de Perte
1660	2021-05-31T09:52:46+00:00	Angers Saint-Laud	0087484006	Manteau, veste, blazer, parka, blouson, cape	Vêtements, chaussures	Déclaration de Perte
1661	2021-06-13T10:22:53+00:00	Angers Saint-Laud	0087484006	Manteau, veste, blazer, parka, blouson, cape	Vêtements, chaussures	Déclaration de Perte
1662	2022-02-12T12:42:41+00:00	Angers Saint-Laud	0087484006	Porte-monnaie, portefeuille	Porte-monnaie / portefeuille, argent, titres	Déclaration de Perte
1663	2022-02-13T12:39:16+00:00	Angers Saint-Laud	0087484006	Sac à dos	Bagagerie: sacs, valises, cartables	Déclaration de Perte
1664	2022-02-21T13:33:32+00:00	Angers Saint-Laud	0087484006	Sac à dos	Bagagerie: sacs, valises, cartables	Déclaration de Perte
1665	2022-06-29T09:52:33+00:00	Angers Saint-Laud	0087484006	Bonnet, chapeau	Vêtements, chaussures	Déclaration de Perte
1666	2021-06-18T11:11:13+00:00	Angers Saint-Laud	0087484006	Sac de voyage, sac de sport, sac à bandoulière	Bagagerie: sacs, valises, cartables	Déclaration de Perte
1667	2022-02-16T10:35:31+00:00	Angers Saint-Laud	0087484006	Sac à main	Bagagerie: sacs, valises, cartables	Déclaration de Perte
1668	2021-04-24T11:50:37+00:00	Angers Saint-Laud	0087484006	Sac d'enseigne (plastique, papier, …)	Bagagerie: sacs, valises, cartables	Déclaration de Perte
1669	2022-01-28T18:26:28+00:00	Angers Saint-Laud	0087484006	Sac à dos	Bagagerie: sacs, valises, cartables	Déclaration de Perte
1670	2022-02-25T20:52:02+00:00	Angers Saint-Laud	0087484006	Sac de voyage, sac de sport, sac à bandoulière	Bagagerie: sacs, valises, cartables	Déclaration de Perte
1671	2021-04-27T09:25:44+00:00	Angers Saint-Laud	0087484006	Porte-monnaie, portefeuille	Porte-monnaie / portefeuille, argent, titres	Déclaration de Perte
1672	2022-01-29T15:34:11+00:00	Angers Saint-Laud	0087484006	AirPod, casque audio, écouteurs	Appareils électroniques, informatiques, appareils photo	Déclaration de Perte
1673	2022-02-27T21:16:02+00:00	Angers Saint-Laud	0087484006	Manteau, veste, blazer, parka, blouson, cape	Vêtements, chaussures	Déclaration de Perte
1674	2021-05-03T13:28:18+00:00	Angers Saint-Laud	0087484006	Bonnet, chapeau	Vêtements, chaussures	Déclaration de Perte
1675	2021-06-08T09:39:52+00:00	Angers Saint-Laud	0087484006	Sac d'enseigne (plastique, papier, …)	Bagagerie: sacs, valises, cartables	Déclaration de Perte
1676	2022-03-04T18:32:22+00:00	Angers Saint-Laud	0087484006	Téléphone portable	Appareils électroniques, informatiques, appareils photo	Déclaration de Perte
1677	2022-03-08T18:43:33+00:00	Angers Saint-Laud	0087484006	Lunettes	Optique	Déclaration de Perte
1678	2022-03-06T19:44:25+00:00	Angers Saint-Laud	0087484006	Porte-monnaie, portefeuille	Porte-monnaie / portefeuille, argent, titres	Déclaration de Perte
1679	2022-07-02T11:42:07+00:00	Angers Saint-Laud	0087484006	Téléphone portable protégé (étui, coque,…)	Appareils électroniques, informatiques, appareils photo	Déclaration de Perte
1680	2022-05-06T20:04:18+00:00	Angers Saint-Laud	0087484006	Sac d'enseigne (plastique, papier, …)	Bagagerie: sacs, valises, cartables	Déclaration de Perte
1681	2021-05-04T17:23:37+00:00	Angers Saint-Laud	0087484006	Casque (vélo, moto)	Vélos, trottinettes, accessoires 2 roues	Déclaration de Perte
1682	2022-05-09T11:34:04+00:00	Angers Saint-Laud	0087484006	Sac à dos	Bagagerie: sacs, valises, cartables	Déclaration de Perte
1683	2022-05-09T17:07:32+00:00	Angers Saint-Laud	0087484006	AirPod, casque audio, écouteurs	Appareils électroniques, informatiques, appareils photo	Déclaration de Perte
1684	2023-11-21T08:08:41+00:00	Angers Saint-Laud	0087484006	Sac à dos	Bagagerie: sacs, valises, cartables	Déclaration de Perte
1685	2022-05-12T20:56:34+00:00	Angers Saint-Laud	0087484006	Sacoche ventrale, banane	Bagagerie: sacs, valises, cartables	Déclaration de Perte
1686	2021-05-12T09:36:33+00:00	Angers Saint-Laud	0087484006	Sacoche pour ordinateur, photo, vidéo	Bagagerie: sacs, valises, cartables	Déclaration de Perte
1687	2022-05-13T10:00:21+00:00	Angers Saint-Laud	0087484006	Porte-monnaie, portefeuille	Porte-monnaie / portefeuille, argent, titres	Déclaration de Perte
1688	2022-05-13T15:53:45+00:00	Angers Saint-Laud	0087484006	Autres divers	Divers	Déclaration de Perte
1689	2021-04-25T14:31:35+00:00	Angers Saint-Laud	0087484006	Valise, sac sur roulettes	Bagagerie: sacs, valises, cartables	Déclaration de Perte
1690	2020-09-10T19:47:49+00:00	Angers Saint-Laud	0087484006	Autres divers	Divers	Déclaration de Perte
1691	2021-04-26T06:14:47+00:00	Angers Saint-Laud	0087484006	Manteau, veste, blazer, parka, blouson, cape	Vêtements, chaussures	Déclaration de Perte
1692	2020-09-11T16:18:41+00:00	Angers Saint-Laud	0087484006	Manteau, veste, blazer, parka, blouson, cape	Vêtements, chaussures	Déclaration de Perte
1693	2021-04-30T06:25:05+00:00	Angers Saint-Laud	0087484006	Manteau, veste, blazer, parka, blouson, cape	Vêtements, chaussures	Déclaration de Perte
1694	2022-05-16T15:36:32+00:00	Angers Saint-Laud	0087484006	Sac à dos	Bagagerie: sacs, valises, cartables	Déclaration de Perte
1695	2021-05-18T12:59:22+00:00	Angers Saint-Laud	0087484006	Carte d'identité, passeport, permis de conduire	Pièces d'identités et papiers personnels	Déclaration de Perte
1696	2021-05-02T12:46:40+00:00	Angers Saint-Laud	0087484006	Téléphone portable protégé (étui, coque,…)	Appareils électroniques, informatiques, appareils photo	Déclaration de Perte
1697	2021-05-19T08:26:56+00:00	Angers Saint-Laud	0087484006	Ordinateur, ordinateur portable, notebook protégé (étui, housse,…)	Appareils électroniques, informatiques, appareils photo	Déclaration de Perte
1698	2021-05-20T12:52:02+00:00	Angers Saint-Laud	0087484006	Autres divers	Divers	Déclaration de Perte
1699	2023-11-28T20:46:05+00:00	Angers Saint-Laud	0087484006	Sac de voyage, sac de sport, sac à bandoulière	Bagagerie: sacs, valises, cartables	Déclaration de Perte
1700	2023-12-02T13:17:08+00:00	Angers Saint-Laud	0087484006	Manteau, veste, blazer, parka, blouson, cape	Vêtements, chaussures	Déclaration de Perte
1701	2020-09-20T17:39:26+00:00	Angers Saint-Laud	0087484006	Sac à dos	Bagagerie: sacs, valises, cartables	Déclaration de Perte
1702	2022-04-22T14:33:45+00:00	Angers Saint-Laud	0087484006	Valise, sac sur roulettes	Bagagerie: sacs, valises, cartables	Déclaration de Perte
1703	2022-04-22T18:26:08+00:00	Angers Saint-Laud	0087484006	Porte-monnaie, portefeuille	Porte-monnaie / portefeuille, argent, titres	Déclaration de Perte
1704	2023-12-08T20:58:24+00:00	Angers Saint-Laud	0087484006	Sac d'enseigne (plastique, papier, …)	Bagagerie: sacs, valises, cartables	Déclaration de Perte
1705	2021-06-03T06:08:23+00:00	Angers Saint-Laud	0087484006	Sac de voyage, sac de sport, sac à bandoulière	Bagagerie: sacs, valises, cartables	Déclaration de Perte
1706	2022-04-24T16:54:36+00:00	Angers Saint-Laud	0087484006	Téléphone portable	Appareils électroniques, informatiques, appareils photo	Déclaration de Perte
1707	2021-05-31T13:45:02+00:00	Angers Saint-Laud	0087484006	Pull over, gilet	Vêtements, chaussures	Déclaration de Perte
1708	2021-06-01T05:27:55+00:00	Angers Saint-Laud	0087484006	Sac à dos	Bagagerie: sacs, valises, cartables	Déclaration de Perte
1709	2022-04-25T13:48:07+00:00	Angers Saint-Laud	0087484006	Clés, porte-clés	Clés, porte-clés, badge magnétique	Déclaration de Perte
1710	2022-02-18T21:07:11+00:00	Angers Saint-Laud	0087484006	Sac d'enseigne (plastique, papier, …)	Bagagerie: sacs, valises, cartables	Déclaration de Perte
1711	2022-01-06T10:49:36+00:00	Angers Saint-Laud	0087484006	Téléphone portable protégé (étui, coque,…)	Appareils électroniques, informatiques, appareils photo	Déclaration de Perte
1712	2022-02-19T12:42:15+00:00	Angers Saint-Laud	0087484006	Sac d'enseigne (plastique, papier, …)	Bagagerie: sacs, valises, cartables	Déclaration de Perte
1713	2023-12-11T18:46:09+00:00	Angers Saint-Laud	0087484006	Téléphone portable	Appareils électroniques, informatiques, appareils photo	Déclaration de Perte
1714	2022-01-06T17:21:05+00:00	Angers Saint-Laud	0087484006	Casque (vélo, moto)	Vélos, trottinettes, accessoires 2 roues	Déclaration de Perte
1715	2022-04-27T09:04:07+00:00	Angers Saint-Laud	0087484006	AirPod, casque audio, écouteurs	Appareils électroniques, informatiques, appareils photo	Déclaration de Perte
1716	2023-05-31T02:31:43+00:00	Angers Saint-Laud	0087484006	Sacoche ventrale, banane	Bagagerie: sacs, valises, cartables	Déclaration de Perte
1717	2022-04-28T09:47:43+00:00	Angers Saint-Laud	0087484006	Clé de voiture	Clés, porte-clés, badge magnétique	Déclaration de Perte
1718	2022-01-08T21:48:10+00:00	Angers Saint-Laud	0087484006	Sac à dos	Bagagerie: sacs, valises, cartables	Déclaration de Perte
1719	2022-01-09T16:31:30+00:00	Angers Saint-Laud	0087484006	Sac d'enseigne (plastique, papier, …)	Bagagerie: sacs, valises, cartables	Déclaration de Perte
1720	2022-05-26T19:17:17+00:00	Angers Saint-Laud	0087484006	Téléphone portable	Appareils électroniques, informatiques, appareils photo	Déclaration de Perte
1721	2022-02-25T20:32:15+00:00	Angers Saint-Laud	0087484006	Téléphone portable	Appareils électroniques, informatiques, appareils photo	Déclaration de Perte
1722	2022-02-25T20:43:33+00:00	Angers Saint-Laud	0087484006	Sac de voyage, sac de sport, sac à bandoulière	Bagagerie: sacs, valises, cartables	Déclaration de Perte
1723	2023-06-03T15:58:56+00:00	Angers Saint-Laud	0087484006	Téléphone portable protégé (étui, coque,…)	Appareils électroniques, informatiques, appareils photo	Déclaration de Perte
1724	2023-06-04T14:26:50+00:00	Angers Saint-Laud	0087484006	Téléphone portable	Appareils électroniques, informatiques, appareils photo	Déclaration de Perte
1725	2024-01-09T08:33:29+00:00	Angers Saint-Laud	0087484006	Sac de voyage, sac de sport, sac à bandoulière	Bagagerie: sacs, valises, cartables	Déclaration de Perte
1726	2022-05-31T07:01:42+00:00	Angers Saint-Laud	0087484006	Boucles d'oreilles	Bijoux, montres	Déclaration de Perte
1727	2023-06-05T12:10:28+00:00	Angers Saint-Laud	0087484006	Téléphone portable protégé (étui, coque,…)	Appareils électroniques, informatiques, appareils photo	Déclaration de Perte
1728	2022-03-01T10:24:22+00:00	Angers Saint-Laud	0087484006	Tablette tactile protégée (étui, housse)	Appareils électroniques, informatiques, appareils photo	Déclaration de Perte
1729	2022-03-07T07:41:57+00:00	Angers Saint-Laud	0087484006	Sac d'enseigne (plastique, papier, …)	Bagagerie: sacs, valises, cartables	Déclaration de Perte
1730	2023-06-10T18:28:48+00:00	Angers Saint-Laud	0087484006	Téléphone portable	Appareils électroniques, informatiques, appareils photo	Déclaration de Perte
1731	2023-06-10T20:32:48+00:00	Angers Saint-Laud	0087484006	Porte-monnaie, portefeuille	Porte-monnaie / portefeuille, argent, titres	Déclaration de Perte
1732	2022-05-23T07:01:50+00:00	Angers Saint-Laud	0087484006	Clé de voiture	Clés, porte-clés, badge magnétique	Déclaration de Perte
1733	2024-01-02T17:58:39+00:00	Angers Saint-Laud	0087484006	Valise, sac sur roulettes	Bagagerie: sacs, valises, cartables	Déclaration de Perte
1734	2022-01-27T08:00:13+00:00	Angers Saint-Laud	0087484006	Valise, sac sur roulettes	Bagagerie: sacs, valises, cartables	Déclaration de Perte
1735	2022-05-25T10:17:37+00:00	Angers Saint-Laud	0087484006	Ordinateur, ordinateur portable, notebook	Appareils électroniques, informatiques, appareils photo	Déclaration de Perte
1736	2022-06-07T07:25:14+00:00	Angers Saint-Laud	0087484006	Sacoche ventrale, banane	Bagagerie: sacs, valises, cartables	Déclaration de Perte
1737	2022-06-07T10:12:31+00:00	Angers Saint-Laud	0087484006	Téléphone portable protégé (étui, coque,…)	Appareils électroniques, informatiques, appareils photo	Déclaration de Perte
1738	2022-04-08T06:29:47+00:00	Angers Saint-Laud	0087484006	Parapluie télescopique, parapluie de poche	Parapluies	Déclaration de Perte
1739	2022-04-11T21:47:50+00:00	Angers Saint-Laud	0087484006	Sac à main	Bagagerie: sacs, valises, cartables	Déclaration de Perte
1740	2022-04-12T10:42:44+00:00	Angers Saint-Laud	0087484006	Lunettes	Optique	Déclaration de Perte
1741	2022-06-11T11:46:42+00:00	Angers Saint-Laud	0087484006	Valise, sac sur roulettes	Bagagerie: sacs, valises, cartables	Déclaration de Perte
1742	2022-10-21T20:05:27+00:00	Angers Saint-Laud	0087484006	Sac d'enseigne (plastique, papier, …)	Bagagerie: sacs, valises, cartables	Déclaration de Perte
1743	2022-06-11T19:59:28+00:00	Angers Saint-Laud	0087484006	Valise, sac sur roulettes	Bagagerie: sacs, valises, cartables	Déclaration de Perte
1744	2022-10-23T21:21:49+00:00	Angers Saint-Laud	0087484006	Manteau, veste, blazer, parka, blouson, cape	Vêtements, chaussures	Déclaration de Perte
1745	2022-10-23T21:27:22+00:00	Angers Saint-Laud	0087484006	Pull over, gilet	Vêtements, chaussures	Déclaration de Perte
1746	2022-10-25T13:02:57+00:00	Angers Saint-Laud	0087484006	Valise, sac sur roulettes	Bagagerie: sacs, valises, cartables	Déclaration de Perte
1747	2022-04-04T09:18:23+00:00	Angers Saint-Laud	0087484006	Gants	Vêtements, chaussures	Déclaration de Perte
1748	2022-04-04T09:27:41+00:00	Angers Saint-Laud	0087484006	Sac à dos	Bagagerie: sacs, valises, cartables	Déclaration de Perte
1749	2022-10-28T13:57:26+00:00	Angers Saint-Laud	0087484006	Porte-monnaie, portefeuille	Porte-monnaie / portefeuille, argent, titres	Déclaration de Perte
1750	2023-06-25T06:50:50+00:00	Angers Saint-Laud	0087484006	Sac de voyage, sac de sport, sac à bandoulière	Bagagerie: sacs, valises, cartables	Déclaration de Perte
1751	2023-12-27T13:23:54+00:00	Angers Saint-Laud	0087484006	Porte-monnaie, portefeuille	Porte-monnaie / portefeuille, argent, titres	Déclaration de Perte
1752	2022-07-23T15:13:34+00:00	Angers Saint-Laud	0087484006	Sac à main	Bagagerie: sacs, valises, cartables	Déclaration de Perte
1753	2023-08-29T12:56:52+00:00	Angers Saint-Laud	0087484006	Clés, porte-clés	Clés, porte-clés, badge magnétique	Déclaration de Perte
1754	2022-07-25T18:26:21+00:00	Angers Saint-Laud	0087484006	Autres appareils et accessoires électroniques	Appareils électroniques, informatiques, appareils photo	Déclaration de Perte
1755	2023-12-05T12:36:19+00:00	Angers Saint-Laud	0087484006	Gants	Vêtements, chaussures	Déclaration de Perte
1756	2023-08-31T04:04:58+00:00	Angers Saint-Laud	0087484006	Clés, porte-clés	Clés, porte-clés, badge magnétique	Déclaration de Perte
1757	2022-07-26T19:32:12+00:00	Angers Saint-Laud	0087484006	Lunettes	Optique	Déclaration de Perte
1758	2023-06-29T15:36:23+00:00	Angers Saint-Laud	0087484006	Manteau, veste, blazer, parka, blouson, cape	Vêtements, chaussures	Déclaration de Perte
1759	2023-12-06T12:04:12+00:00	Angers Saint-Laud	0087484006	Appareil photo, caméscope/caméras et accessoires	Appareils électroniques, informatiques, appareils photo	Déclaration de Perte
1760	2022-07-14T10:52:43+00:00	Angers Saint-Laud	0087484006	Tablette tactile protégée (étui, housse)	Appareils électroniques, informatiques, appareils photo	Déclaration de Perte
1761	2022-07-15T13:39:50+00:00	Angers Saint-Laud	0087484006	Téléphone portable	Appareils électroniques, informatiques, appareils photo	Déclaration de Perte
1762	2023-08-13T12:27:59+00:00	Angers Saint-Laud	0087484006	Sac à dos	Bagagerie: sacs, valises, cartables	Déclaration de Perte
1763	2021-03-15T09:29:13+00:00	Angers Saint-Laud	0087484006	Téléphone portable	Appareils électroniques, informatiques, appareils photo	Déclaration de Perte
1764	2023-07-02T20:35:41+00:00	Angers Saint-Laud	0087484006	Valise, sac sur roulettes	Bagagerie: sacs, valises, cartables	Déclaration de Perte
1765	2021-03-16T16:01:55+00:00	Angers Saint-Laud	0087484006	Porte-monnaie, portefeuille	Porte-monnaie / portefeuille, argent, titres	Déclaration de Perte
1766	2023-07-03T11:50:17+00:00	Angers Saint-Laud	0087484006	Ordinateur, ordinateur portable, notebook protégé (étui, housse,…)	Appareils électroniques, informatiques, appareils photo	Déclaration de Perte
1767	2021-03-18T12:46:56+00:00	Angers Saint-Laud	0087484006	Sac à dos	Bagagerie: sacs, valises, cartables	Déclaration de Perte
1768	2023-07-04T13:43:32+00:00	Angers Saint-Laud	0087484006	Sac de voyage, sac de sport, sac à bandoulière	Bagagerie: sacs, valises, cartables	Déclaration de Perte
1769	2021-03-19T21:20:05+00:00	Angers Saint-Laud	0087484006	Sac à main	Bagagerie: sacs, valises, cartables	Déclaration de Perte
1770	2023-07-05T18:13:44+00:00	Angers Saint-Laud	0087484006	Porte-monnaie, portefeuille	Porte-monnaie / portefeuille, argent, titres	Déclaration de Perte
1771	2021-03-25T16:15:08+00:00	Angers Saint-Laud	0087484006	Bonnet, chapeau	Vêtements, chaussures	Déclaration de Perte
1772	2023-08-19T17:17:15+00:00	Angers Saint-Laud	0087484006	Valise, sac sur roulettes	Bagagerie: sacs, valises, cartables	Déclaration de Perte
1773	2022-05-30T16:27:59+00:00	Angers Saint-Laud	0087484006	Sac à dos	Bagagerie: sacs, valises, cartables	Déclaration de Perte
1774	2021-03-30T07:50:27+00:00	Angers Saint-Laud	0087484006	Pull over, gilet	Vêtements, chaussures	Déclaration de Perte
1775	2022-05-31T10:26:10+00:00	Angers Saint-Laud	0087484006	Sac à dos	Bagagerie: sacs, valises, cartables	Déclaration de Perte
1776	2022-04-07T19:04:49+00:00	Angers Saint-Laud	0087484006	Appareil audio portable (lecteur de CD, baladeur MP3, iPod, ... )	Appareils électroniques, informatiques, appareils photo	Déclaration de Perte
1777	2023-07-16T12:41:52+00:00	Angers Saint-Laud	0087484006	Valise, sac sur roulettes	Bagagerie: sacs, valises, cartables	Déclaration de Perte
1778	2023-07-16T15:35:00+00:00	Angers Saint-Laud	0087484006	Téléphone portable	Appareils électroniques, informatiques, appareils photo	Déclaration de Perte
1779	2023-09-04T08:07:31+00:00	Angers Saint-Laud	0087484006	Sac de voyage, sac de sport, sac à bandoulière	Bagagerie: sacs, valises, cartables	Déclaration de Perte
1780	2015-02-02T09:43:55+00:00	Angers Saint-Laud	0087484006	Porte-monnaie, portefeuille	Porte-monnaie / portefeuille, argent, titres	Déclaration de Perte
1781	2023-09-05T10:47:28+00:00	Angers Saint-Laud	0087484006	Autre pièce ou papier personnel	Pièces d'identités et papiers personnels	Déclaration de Perte
1782	2023-07-21T08:17:51+00:00	Angers Saint-Laud	0087484006	Autres divers	Divers	Déclaration de Perte
1783	2022-04-15T12:42:24+00:00	Angers Saint-Laud	0087484006	Porte-monnaie, portefeuille	Porte-monnaie / portefeuille, argent, titres	Déclaration de Perte
1784	2022-07-11T10:01:07+00:00	Angers Saint-Laud	0087484006	Sac à dos	Bagagerie: sacs, valises, cartables	Déclaration de Perte
1785	2023-08-30T09:06:41+00:00	Angers Saint-Laud	0087484006	Valise, sac sur roulettes	Bagagerie: sacs, valises, cartables	Déclaration de Perte
1786	2021-03-13T14:28:13+00:00	Angers Saint-Laud	0087484006	Sac à dos	Bagagerie: sacs, valises, cartables	Déclaration de Perte
1787	2021-03-15T11:33:08+00:00	Angers Saint-Laud	0087484006	Autre pièce ou papier personnel	Pièces d'identités et papiers personnels	Déclaration de Perte
1788	2015-06-16T11:40:07+00:00	Angers Saint-Laud	0087484006	Autre pièce ou papier personnel	Pièces d'identités et papiers personnels	Déclaration de Perte
1789	2021-03-18T07:13:34+00:00	Angers Saint-Laud	0087484006	Téléphone portable	Appareils électroniques, informatiques, appareils photo	Déclaration de Perte
1790	2023-06-14T07:21:53+00:00	Angers Saint-Laud	0087484006	Porte-monnaie, portefeuille	Porte-monnaie / portefeuille, argent, titres	Déclaration de Perte
1791	2021-03-19T07:05:35+00:00	Angers Saint-Laud	0087484006	Ordinateur, ordinateur portable, notebook protégé (étui, housse,…)	Appareils électroniques, informatiques, appareils photo	Déclaration de Perte
1792	2023-03-27T06:24:20+00:00	Angers Saint-Laud	0087484006	Parapluie-canne, parapluie à bandoulière	Parapluies	Déclaration de Perte
1793	2023-03-27T07:39:56+00:00	Angers Saint-Laud	0087484006	Clés, porte-clés	Clés, porte-clés, badge magnétique	Déclaration de Perte
1794	2023-06-16T15:20:26+00:00	Angers Saint-Laud	0087484006	Sac de voyage, sac de sport, sac à bandoulière	Bagagerie: sacs, valises, cartables	Déclaration de Perte
1795	2023-07-28T19:56:26+00:00	Angers Saint-Laud	0087484006	Sac à dos	Bagagerie: sacs, valises, cartables	Déclaration de Perte
1796	2023-06-16T16:41:00+00:00	Angers Saint-Laud	0087484006	Sac à dos	Bagagerie: sacs, valises, cartables	Déclaration de Perte
1797	2023-07-08T21:07:36+00:00	Angers Saint-Laud	0087484006	Valise, sac sur roulettes	Bagagerie: sacs, valises, cartables	Déclaration de Perte
1798	2021-03-26T16:14:13+00:00	Angers Saint-Laud	0087484006	Sac à dos	Bagagerie: sacs, valises, cartables	Déclaration de Perte
1799	2022-06-06T12:37:48+00:00	Angers Saint-Laud	0087484006	Porte-monnaie, portefeuille	Porte-monnaie / portefeuille, argent, titres	Déclaration de Perte
1800	2022-05-06T19:37:16+00:00	Angers Saint-Laud	0087484006	Porte-monnaie, portefeuille	Porte-monnaie / portefeuille, argent, titres	Déclaration de Perte
1801	2022-05-07T19:16:22+00:00	Angers Saint-Laud	0087484006	Sac à dos	Bagagerie: sacs, valises, cartables	Déclaration de Perte
1802	2022-06-07T16:03:44+00:00	Angers Saint-Laud	0087484006	Sac à main	Bagagerie: sacs, valises, cartables	Déclaration de Perte
1803	2018-07-30T12:12:28+00:00	Angers Saint-Laud	0087484006	Téléphone portable	Appareils électroniques, informatiques, appareils photo	Déclaration de Perte
1804	2015-05-04T11:27:50+00:00	Angers Saint-Laud	0087484006	Carte de crédit	Porte-monnaie / portefeuille, argent, titres	Déclaration de Perte
1805	2022-05-10T06:27:49+00:00	Angers Saint-Laud	0087484006	Porte-monnaie, portefeuille	Porte-monnaie / portefeuille, argent, titres	Déclaration de Perte
1806	2023-09-20T15:51:10+00:00	Angers Saint-Laud	0087484006	Valise, sac sur roulettes	Bagagerie: sacs, valises, cartables	Déclaration de Perte
1807	2023-09-21T06:17:32+00:00	Angers Saint-Laud	0087484006	Casque (vélo, moto)	Vélos, trottinettes, accessoires 2 roues	Déclaration de Perte
1808	2023-09-21T06:31:07+00:00	Angers Saint-Laud	0087484006	Casque (vélo, moto)	Vélos, trottinettes, accessoires 2 roues	Déclaration de Perte
1809	2015-05-07T11:57:30+00:00	Angers Saint-Laud	0087484006	Sac de voyage, sac de sport, sac à bandoulière	Bagagerie: sacs, valises, cartables	Déclaration de Perte
1810	2022-05-12T07:19:57+00:00	Angers Saint-Laud	0087484006	Autres appareils et accessoires électroniques	Appareils électroniques, informatiques, appareils photo	Déclaration de Perte
1811	2022-06-12T17:18:42+00:00	Angers Saint-Laud	0087484006	Porte-monnaie, portefeuille	Porte-monnaie / portefeuille, argent, titres	Déclaration de Perte
1812	2023-09-22T19:49:38+00:00	Angers Saint-Laud	0087484006	Sac d'enseigne (plastique, papier, …)	Bagagerie: sacs, valises, cartables	Déclaration de Perte
1813	2023-09-23T04:01:59+00:00	Angers Saint-Laud	0087484006	Téléphone portable protégé (étui, coque,…)	Appareils électroniques, informatiques, appareils photo	Déclaration de Perte
1814	2022-06-13T07:39:55+00:00	Angers Saint-Laud	0087484006	Téléphone portable	Appareils électroniques, informatiques, appareils photo	Déclaration de Perte
1815	2022-05-15T12:27:30+00:00	Angers Saint-Laud	0087484006	Sac à main	Bagagerie: sacs, valises, cartables	Déclaration de Perte
1816	2023-08-17T13:05:09+00:00	Angers Saint-Laud	0087484006	Vélo	Vélos, trottinettes, accessoires 2 roues	Déclaration de Perte
1817	2018-08-10T15:25:35+00:00	Angers Saint-Laud	0087484006	Manteau, veste, blazer, parka, blouson, cape	Vêtements, chaussures	Déclaration de Perte
1818	2022-05-18T14:21:00+00:00	Angers Saint-Laud	0087484006	Téléphone portable protégé (étui, coque,…)	Appareils électroniques, informatiques, appareils photo	Déclaration de Perte
1819	2023-08-19T17:03:43+00:00	Angers Saint-Laud	0087484006	Téléphone portable protégé (étui, coque,…)	Appareils électroniques, informatiques, appareils photo	Déclaration de Perte
1820	2023-08-21T06:42:07+00:00	Angers Saint-Laud	0087484006	Téléphone portable protégé (étui, coque,…)	Appareils électroniques, informatiques, appareils photo	Déclaration de Perte
1821	2023-08-24T20:15:14+00:00	Angers Saint-Laud	0087484006	Sacoche ventrale, banane	Bagagerie: sacs, valises, cartables	Déclaration de Perte
1822	2023-08-24T10:40:43+00:00	Angers Saint-Laud	0087484006	Porte-monnaie, portefeuille	Porte-monnaie / portefeuille, argent, titres	Déclaration de Perte
1823	2022-03-29T15:36:41+00:00	Angers Saint-Laud	0087484006	Sac à dos	Bagagerie: sacs, valises, cartables	Déclaration de Perte
1824	2023-10-01T12:22:53+00:00	Angers Saint-Laud	0087484006	Téléphone portable protégé (étui, coque,…)	Appareils électroniques, informatiques, appareils photo	Déclaration de Perte
1825	2022-04-29T21:35:34+00:00	Angers Saint-Laud	0087484006	Valise, sac sur roulettes	Bagagerie: sacs, valises, cartables	Déclaration de Perte
1826	2023-10-02T15:34:44+00:00	Angers Saint-Laud	0087484006	AirPod, casque audio, écouteurs	Appareils électroniques, informatiques, appareils photo	Déclaration de Perte
1827	2022-04-30T20:27:59+00:00	Angers Saint-Laud	0087484006	Sac à main	Bagagerie: sacs, valises, cartables	Déclaration de Perte
1828	2022-05-01T19:17:25+00:00	Angers Saint-Laud	0087484006	Sacoche pour ordinateur, photo, vidéo	Bagagerie: sacs, valises, cartables	Déclaration de Perte
1829	2022-05-02T06:20:30+00:00	Angers Saint-Laud	0087484006	Carte de crédit	Porte-monnaie / portefeuille, argent, titres	Déclaration de Perte
1830	2022-06-14T15:18:03+00:00	Angers Saint-Laud	0087484006	Pièce d'identité personnelle et autre	Pièces d'identités et papiers personnels	Déclaration de Perte
1831	2023-10-04T14:01:17+00:00	Angers Saint-Laud	0087484006	Manteau, veste, blazer, parka, blouson, cape	Vêtements, chaussures	Déclaration de Perte
1832	2023-10-04T14:48:41+00:00	Angers Saint-Laud	0087484006	Valise, sac sur roulettes	Bagagerie: sacs, valises, cartables	Déclaration de Perte
1833	2022-07-19T08:47:37+00:00	Angers Saint-Laud	0087484006	Téléphone portable protégé (étui, coque,…)	Appareils électroniques, informatiques, appareils photo	Déclaration de Perte
1834	2023-09-25T20:49:52+00:00	Angers Saint-Laud	0087484006	Valise, sac sur roulettes	Bagagerie: sacs, valises, cartables	Déclaration de Perte
1835	2023-09-26T07:40:24+00:00	Angers Saint-Laud	0087484006	Téléphone portable	Appareils électroniques, informatiques, appareils photo	Déclaration de Perte
1836	2022-04-26T05:46:55+00:00	Angers Saint-Laud	0087484006	Casque (vélo, moto)	Vélos, trottinettes, accessoires 2 roues	Déclaration de Perte
1837	2022-07-21T11:39:27+00:00	Angers Saint-Laud	0087484006	Téléphone portable protégé (étui, coque,…)	Appareils électroniques, informatiques, appareils photo	Déclaration de Perte
1838	2022-04-27T03:25:37+00:00	Angers Saint-Laud	0087484006	AirPod, casque audio, écouteurs	Appareils électroniques, informatiques, appareils photo	Déclaration de Perte
1839	2022-04-27T05:37:49+00:00	Angers Saint-Laud	0087484006	Porte-monnaie, portefeuille	Porte-monnaie / portefeuille, argent, titres	Déclaration de Perte
1840	2023-09-11T07:12:12+00:00	Angers Saint-Laud	0087484006	Porte-monnaie, portefeuille	Porte-monnaie / portefeuille, argent, titres	Déclaration de Perte
1841	2015-06-08T13:58:59+00:00	Angers Saint-Laud	0087484006	Valise, sac sur roulettes	Bagagerie: sacs, valises, cartables	Déclaration de Perte
1842	2015-06-10T07:34:38+00:00	Angers Saint-Laud	0087484006	Sac à dos	Bagagerie: sacs, valises, cartables	Déclaration de Perte
1843	2021-12-06T19:28:51+00:00	Angers Saint-Laud	0087484006	Porte-monnaie, portefeuille	Porte-monnaie / portefeuille, argent, titres	Déclaration de Perte
1844	2022-04-22T17:33:31+00:00	Angers Saint-Laud	0087484006	Valise, sac sur roulettes	Bagagerie: sacs, valises, cartables	Déclaration de Perte
1845	2022-03-31T12:22:39+00:00	Angers Saint-Laud	0087484006	Valise, sac sur roulettes	Bagagerie: sacs, valises, cartables	Déclaration de Perte
1846	2021-12-12T21:03:01+00:00	Angers Saint-Laud	0087484006	Manteau, veste, blazer, parka, blouson, cape	Vêtements, chaussures	Déclaration de Perte
1847	2022-04-04T08:19:40+00:00	Angers Saint-Laud	0087484006	AirPod, casque audio, écouteurs	Appareils électroniques, informatiques, appareils photo	Déclaration de Perte
1848	2021-12-15T18:26:05+00:00	Angers Saint-Laud	0087484006	Valise, sac sur roulettes	Bagagerie: sacs, valises, cartables	Déclaration de Perte
1849	2021-12-15T18:48:03+00:00	Angers Saint-Laud	0087484006	Sac à dos	Bagagerie: sacs, valises, cartables	Déclaration de Perte
1850	2018-07-10T12:41:42+00:00	Angers Saint-Laud	0087484006	Pull over, gilet	Vêtements, chaussures	Déclaration de Perte
1851	2018-10-25T09:44:40+00:00	Angers Saint-Laud	0087484006	Téléphone portable	Appareils électroniques, informatiques, appareils photo	Déclaration de Perte
1852	2021-07-30T17:59:01+00:00	Angers Saint-Laud	0087484006	Sac de voyage, sac de sport, sac à bandoulière	Bagagerie: sacs, valises, cartables	Déclaration de Perte
1853	2018-10-30T08:16:45+00:00	Angers Saint-Laud	0087484006	Porte-monnaie, portefeuille	Porte-monnaie / portefeuille, argent, titres	Déclaration de Perte
1854	2018-07-19T09:21:33+00:00	Angers Saint-Laud	0087484006	Sac à dos	Bagagerie: sacs, valises, cartables	Déclaration de Perte
1855	2023-10-01T17:51:02+00:00	Angers Saint-Laud	0087484006	Montre	Bijoux, montres	Déclaration de Perte
1856	2023-10-01T20:40:29+00:00	Angers Saint-Laud	0087484006	Valise, sac sur roulettes	Bagagerie: sacs, valises, cartables	Déclaration de Perte
1857	2024-04-25T13:05:43+00:00	Angers Saint-Laud	0087484006	Bonnet, chapeau	Vêtements, chaussures	Déclaration de Perte
1858	2024-04-25T19:58:29+00:00	Angers Saint-Laud	0087484006	Clé de voiture	Clés, porte-clés, badge magnétique	Déclaration de Perte
1859	2024-04-26T14:30:49+00:00	Angers Saint-Laud	0087484006	Sac d'enseigne (plastique, papier, …)	Bagagerie: sacs, valises, cartables	Déclaration de Perte
1860	2023-10-03T12:09:30+00:00	Angers Saint-Laud	0087484006	Sac de voyage, sac de sport, sac à bandoulière	Bagagerie: sacs, valises, cartables	Déclaration de Perte
1861	2024-04-28T14:28:03+00:00	Angers Saint-Laud	0087484006	Sac à dos	Bagagerie: sacs, valises, cartables	Déclaration de Perte
1862	2018-09-07T09:28:57+00:00	Angers Saint-Laud	0087484006	Sac d'enseigne (plastique, papier, …)	Bagagerie: sacs, valises, cartables	Déclaration de Perte
1863	2023-10-04T15:37:33+00:00	Angers Saint-Laud	0087484006	Porte-monnaie, portefeuille	Porte-monnaie / portefeuille, argent, titres	Déclaration de Perte
1864	2015-03-30T11:22:02+00:00	Angers Saint-Laud	0087484006	Sac à main	Bagagerie: sacs, valises, cartables	Déclaration de Perte
1865	2015-03-30T11:38:12+00:00	Angers Saint-Laud	0087484006	Téléphone portable	Appareils électroniques, informatiques, appareils photo	Déclaration de Perte
1866	2022-03-25T04:37:29+00:00	Angers Saint-Laud	0087484006	Valise, sac sur roulettes	Bagagerie: sacs, valises, cartables	Déclaration de Perte
1867	2022-03-25T13:38:26+00:00	Angers Saint-Laud	0087484006	Téléphone portable	Appareils électroniques, informatiques, appareils photo	Déclaration de Perte
1868	2015-04-02T12:32:18+00:00	Angers Saint-Laud	0087484006	Porte-monnaie, portefeuille	Porte-monnaie / portefeuille, argent, titres	Déclaration de Perte
1869	2023-08-30T08:28:50+00:00	Angers Saint-Laud	0087484006	Sac d'enseigne (plastique, papier, …)	Bagagerie: sacs, valises, cartables	Déclaration de Perte
1870	2022-03-28T10:15:09+00:00	Angers Saint-Laud	0087484006	Téléphone portable protégé (étui, coque,…)	Appareils électroniques, informatiques, appareils photo	Déclaration de Perte
1871	2023-09-04T09:08:57+00:00	Angers Saint-Laud	0087484006	Sac à dos	Bagagerie: sacs, valises, cartables	Déclaration de Perte
1872	2022-03-30T18:34:25+00:00	Angers Saint-Laud	0087484006	Manteau, veste, blazer, parka, blouson, cape	Vêtements, chaussures	Déclaration de Perte
1873	2018-05-24T06:37:57+00:00	Angers Saint-Laud	0087484006	Pièce d'identité personnelle et autre	Pièces d'identités et papiers personnels	Déclaration de Perte
1874	2022-03-11T12:52:06+00:00	Angers Saint-Laud	0087484006	Sac d'enseigne (plastique, papier, …)	Bagagerie: sacs, valises, cartables	Déclaration de Perte
1875	2015-09-10T09:48:52+00:00	Angers Saint-Laud	0087484006	Téléphone portable	Appareils électroniques, informatiques, appareils photo	Déclaration de Perte
1876	2022-03-15T08:41:52+00:00	Angers Saint-Laud	0087484006	Téléphone portable	Appareils électroniques, informatiques, appareils photo	Déclaration de Perte
1877	2018-04-06T11:56:01+00:00	Angers Saint-Laud	0087484006	Sac d'enseigne (plastique, papier, …)	Bagagerie: sacs, valises, cartables	Déclaration de Perte
1878	2018-12-06T10:47:56+00:00	Angers Saint-Laud	0087484006	Sac d'enseigne (plastique, papier, …)	Bagagerie: sacs, valises, cartables	Déclaration de Perte
1879	2022-03-15T20:18:52+00:00	Angers Saint-Laud	0087484006	Manteau, veste, blazer, parka, blouson, cape	Vêtements, chaussures	Déclaration de Perte
1880	2023-09-09T19:17:55+00:00	Angers Saint-Laud	0087484006	Sac de voyage, sac de sport, sac à bandoulière	Bagagerie: sacs, valises, cartables	Déclaration de Perte
1881	2023-09-13T05:59:19+00:00	Angers Saint-Laud	0087484006	Valise, sac sur roulettes	Bagagerie: sacs, valises, cartables	Déclaration de Perte
1882	2018-04-20T09:04:24+00:00	Angers Saint-Laud	0087484006	Lunettes	Optique	Déclaration de Perte
1883	2018-04-23T06:34:08+00:00	Angers Saint-Laud	0087484006	Sac à main	Bagagerie: sacs, valises, cartables	Déclaration de Perte
1884	2020-01-28T18:42:35+00:00	Angers Saint-Laud	0087484006	Parapluie-canne, parapluie à bandoulière	Parapluies	Déclaration de Perte
1885	2018-04-25T12:37:26+00:00	Angers Saint-Laud	0087484006	Autre bagagerie	Bagagerie: sacs, valises, cartables	Déclaration de Perte
1886	2020-01-29T17:34:15+00:00	Angers Saint-Laud	0087484006	Foulard, écharpe	Vêtements, chaussures	Déclaration de Perte
1887	2020-01-29T19:31:05+00:00	Angers Saint-Laud	0087484006	Téléphone portable	Appareils électroniques, informatiques, appareils photo	Déclaration de Perte
1888	2022-03-11T07:35:47+00:00	Angers Saint-Laud	0087484006	Téléphone portable protégé (étui, coque,…)	Appareils électroniques, informatiques, appareils photo	Déclaration de Perte
1889	2020-02-05T13:04:58+00:00	Angers Saint-Laud	0087484006	Sac de voyage, sac de sport, sac à bandoulière	Bagagerie: sacs, valises, cartables	Déclaration de Perte
1890	2020-02-06T15:24:30+00:00	Angers Saint-Laud	0087484006	Porte-monnaie, portefeuille	Porte-monnaie / portefeuille, argent, titres	Déclaration de Perte
1891	2022-06-16T06:37:28+00:00	Angers Saint-Laud	0087484006	Casque (vélo, moto)	Vélos, trottinettes, accessoires 2 roues	Déclaration de Perte
1892	2019-07-23T13:02:39+00:00	Angers Saint-Laud	0087484006	Clés, porte-clés	Clés, porte-clés, badge magnétique	Déclaration de Perte
1893	2022-06-16T19:36:19+00:00	Angers Saint-Laud	0087484006	Manteau, veste, blazer, parka, blouson, cape	Vêtements, chaussures	Déclaration de Perte
1894	2021-12-18T19:57:34+00:00	Angers Saint-Laud	0087484006	Sac à main	Bagagerie: sacs, valises, cartables	Déclaration de Perte
1895	2022-06-17T13:26:17+00:00	Angers Saint-Laud	0087484006	Porte-monnaie, portefeuille	Porte-monnaie / portefeuille, argent, titres	Déclaration de Perte
1896	2022-06-17T19:41:35+00:00	Angers Saint-Laud	0087484006	Sac d'enseigne (plastique, papier, …)	Bagagerie: sacs, valises, cartables	Déclaration de Perte
1897	2020-02-01T20:15:35+00:00	Angers Saint-Laud	0087484006	Autres divers	Divers	Déclaration de Perte
1898	2020-02-03T15:23:55+00:00	Angers Saint-Laud	0087484006	Sac de voyage, sac de sport, sac à bandoulière	Bagagerie: sacs, valises, cartables	Déclaration de Perte
1899	2022-06-21T06:26:18+00:00	Angers Saint-Laud	0087484006	Pull over, gilet	Vêtements, chaussures	Déclaration de Perte
1900	2015-08-27T08:58:33+00:00	Angers Saint-Laud	0087484006	Sac d'enseigne (plastique, papier, …)	Bagagerie: sacs, valises, cartables	Déclaration de Perte
1901	2015-08-28T11:54:52+00:00	Angers Saint-Laud	0087484006	Sac de voyage, sac de sport, sac à bandoulière	Bagagerie: sacs, valises, cartables	Déclaration de Perte
1902	2022-06-23T19:01:54+00:00	Angers Saint-Laud	0087484006	Accessoires de musique	Instruments de musique	Déclaration de Perte
1903	2022-06-30T09:35:47+00:00	Angers Saint-Laud	0087484006	Valise, sac sur roulettes	Bagagerie: sacs, valises, cartables	Déclaration de Perte
1904	2019-08-06T09:52:15+00:00	Angers Saint-Laud	0087484006	Vélo	Vélos, trottinettes, accessoires 2 roues	Déclaration de Perte
1905	2022-07-01T17:17:21+00:00	Angers Saint-Laud	0087484006	Sac à main	Bagagerie: sacs, valises, cartables	Déclaration de Perte
1906	2022-07-01T18:15:59+00:00	Angers Saint-Laud	0087484006	Valise, sac sur roulettes	Bagagerie: sacs, valises, cartables	Déclaration de Perte
1907	2021-12-23T20:05:42+00:00	Angers Saint-Laud	0087484006	Porte-monnaie, portefeuille	Porte-monnaie / portefeuille, argent, titres	Déclaration de Perte
1908	2022-02-11T21:34:47+00:00	Angers Saint-Laud	0087484006	Valise, sac sur roulettes	Bagagerie: sacs, valises, cartables	Déclaration de Perte
1909	2015-07-03T13:51:09+00:00	Angers Saint-Laud	0087484006	Lunettes en étui	Optique	Déclaration de Perte
1910	2022-02-13T14:00:29+00:00	Angers Saint-Laud	0087484006	Sac à main	Bagagerie: sacs, valises, cartables	Déclaration de Perte
1911	2022-02-14T11:05:47+00:00	Angers Saint-Laud	0087484006	Valise, sac sur roulettes	Bagagerie: sacs, valises, cartables	Déclaration de Perte
1912	2018-06-25T09:19:44+00:00	Angers Saint-Laud	0087484006	Porte-monnaie, portefeuille	Porte-monnaie / portefeuille, argent, titres	Déclaration de Perte
1913	2022-02-06T10:55:51+00:00	Angers Saint-Laud	0087484006	Autres divers	Divers	Déclaration de Perte
1914	2022-02-06T21:51:34+00:00	Angers Saint-Laud	0087484006	Téléphone portable protégé (étui, coque,…)	Appareils électroniques, informatiques, appareils photo	Déclaration de Perte
1915	2018-06-28T06:54:43+00:00	Angers Saint-Laud	0087484006	Manteau, veste, blazer, parka, blouson, cape	Vêtements, chaussures	Déclaration de Perte
1916	2022-02-07T09:22:18+00:00	Angers Saint-Laud	0087484006	Lunettes	Optique	Déclaration de Perte
1917	2015-08-17T11:21:47+00:00	Angers Saint-Laud	0087484006	Porte-monnaie, portefeuille	Porte-monnaie / portefeuille, argent, titres	Déclaration de Perte
1918	2018-07-02T09:30:02+00:00	Angers Saint-Laud	0087484006	Téléphone portable	Appareils électroniques, informatiques, appareils photo	Déclaration de Perte
1919	2018-07-02T10:08:07+00:00	Angers Saint-Laud	0087484006	Sac à dos	Bagagerie: sacs, valises, cartables	Déclaration de Perte
1920	2022-02-05T19:56:24+00:00	Angers Saint-Laud	0087484006	Valise, sac sur roulettes	Bagagerie: sacs, valises, cartables	Déclaration de Perte
1921	2022-02-12T11:36:09+00:00	Angers Saint-Laud	0087484006	AirPod, casque audio, écouteurs	Appareils électroniques, informatiques, appareils photo	Déclaration de Perte
1922	2022-02-06T19:38:30+00:00	Angers Saint-Laud	0087484006	Sac d'enseigne (plastique, papier, …)	Bagagerie: sacs, valises, cartables	Déclaration de Perte
1923	2022-02-07T13:13:23+00:00	Angers Saint-Laud	0087484006	Sac à dos	Bagagerie: sacs, valises, cartables	Déclaration de Perte
1924	2022-02-09T13:25:48+00:00	Angers Saint-Laud	0087484006	Tablette tactile protégée (étui, housse)	Appareils électroniques, informatiques, appareils photo	Déclaration de Perte
1925	2015-08-24T13:50:00+00:00	Angers Saint-Laud	0087484006	Téléphone portable protégé (étui, coque,…)	Appareils électroniques, informatiques, appareils photo	Déclaration de Perte
1926	2022-02-10T07:26:30+00:00	Angers Saint-Laud	0087484006	Clés, porte-clés	Clés, porte-clés, badge magnétique	Déclaration de Perte
1927	2022-02-10T13:13:06+00:00	Angers Saint-Laud	0087484006	Téléphone portable protégé (étui, coque,…)	Appareils électroniques, informatiques, appareils photo	Déclaration de Perte
1928	2022-02-10T14:22:23+00:00	Angers Saint-Laud	0087484006	Tablette tactile protégée (étui, housse)	Appareils électroniques, informatiques, appareils photo	Déclaration de Perte
1929	2022-06-26T17:36:02+00:00	Angers Saint-Laud	0087484006	Porte-monnaie, portefeuille	Porte-monnaie / portefeuille, argent, titres	Déclaration de Perte
1930	2022-06-26T20:33:31+00:00	Angers Saint-Laud	0087484006	Sac de voyage, sac de sport, sac à bandoulière	Bagagerie: sacs, valises, cartables	Déclaration de Perte
1931	2015-09-23T11:04:50+00:00	Angers Saint-Laud	0087484006	Porte-monnaie, portefeuille	Porte-monnaie / portefeuille, argent, titres	Déclaration de Perte
1932	2022-06-27T09:24:10+00:00	Angers Saint-Laud	0087484006	Manteau, veste, blazer, parka, blouson, cape	Vêtements, chaussures	Déclaration de Perte
1933	2022-02-13T14:00:31+00:00	Angers Saint-Laud	0087484006	Sac à main	Bagagerie: sacs, valises, cartables	Déclaration de Perte
1934	2022-06-27T11:40:12+00:00	Angers Saint-Laud	0087484006	Porte-monnaie, portefeuille	Porte-monnaie / portefeuille, argent, titres	Déclaration de Perte
1935	2021-04-05T17:35:31+00:00	Angers Saint-Laud	0087484006	Téléphone portable protégé (étui, coque,…)	Appareils électroniques, informatiques, appareils photo	Déclaration de Perte
1936	2015-07-28T09:42:10+00:00	Angers Saint-Laud	0087484006	Valise, sac sur roulettes	Bagagerie: sacs, valises, cartables	Déclaration de Perte
1937	2021-04-06T16:52:20+00:00	Angers Saint-Laud	0087484006	Cartable à dessins, pochette à dessins	Livres, articles de papéterie	Déclaration de Perte
1938	2015-07-28T11:33:59+00:00	Angers Saint-Laud	0087484006	Valise, sac sur roulettes	Bagagerie: sacs, valises, cartables	Déclaration de Perte
1939	2021-04-07T13:30:08+00:00	Angers Saint-Laud	0087484006	Lunettes en étui	Optique	Déclaration de Perte
1940	2022-06-29T08:48:45+00:00	Angers Saint-Laud	0087484006	Manteau, veste, blazer, parka, blouson, cape	Vêtements, chaussures	Déclaration de Perte
1941	2021-04-07T18:29:07+00:00	Angers Saint-Laud	0087484006	Attaché-case, serviette	Bagagerie: sacs, valises, cartables	Déclaration de Perte
1942	2022-06-30T12:35:58+00:00	Angers Saint-Laud	0087484006	Carte d'identité, passeport, permis de conduire	Pièces d'identités et papiers personnels	Déclaration de Perte
1943	2022-07-01T09:47:37+00:00	Angers Saint-Laud	0087484006	Clé de voiture	Clés, porte-clés, badge magnétique	Déclaration de Perte
1944	2022-07-01T17:50:09+00:00	Angers Saint-Laud	0087484006	Attaché-case, serviette	Bagagerie: sacs, valises, cartables	Déclaration de Perte
1945	2021-04-16T12:29:39+00:00	Angers Saint-Laud	0087484006	Manteau, veste, blazer, parka, blouson, cape	Vêtements, chaussures	Déclaration de Perte
1946	2015-08-03T16:06:09+00:00	Angers Saint-Laud	0087484006	Lunettes	Optique	Déclaration de Perte
1947	2021-04-05T11:20:00+00:00	Angers Saint-Laud	0087484006	Sac de voyage, sac de sport, sac à bandoulière	Bagagerie: sacs, valises, cartables	Déclaration de Perte
1948	2022-07-08T10:30:30+00:00	Angers Saint-Laud	0087484006	Porte-monnaie, portefeuille	Porte-monnaie / portefeuille, argent, titres	Déclaration de Perte
1949	2018-01-10T09:55:29+00:00	Angers Saint-Laud	0087484006	Attaché-case, serviette	Bagagerie: sacs, valises, cartables	Déclaration de Perte
1950	2021-04-07T12:12:53+00:00	Angers Saint-Laud	0087484006	Porte-monnaie, portefeuille	Porte-monnaie / portefeuille, argent, titres	Déclaration de Perte
1951	2022-01-28T14:29:10+00:00	Angers Saint-Laud	0087484006	Valise, sac sur roulettes	Bagagerie: sacs, valises, cartables	Déclaration de Perte
1952	2021-04-10T16:36:29+00:00	Angers Saint-Laud	0087484006	Téléphone portable	Appareils électroniques, informatiques, appareils photo	Déclaration de Perte
1953	2022-01-31T15:39:48+00:00	Angers Saint-Laud	0087484006	Valise, sac sur roulettes	Bagagerie: sacs, valises, cartables	Déclaration de Perte
1954	2022-07-05T10:49:48+00:00	Angers Saint-Laud	0087484006	Valise, sac sur roulettes	Bagagerie: sacs, valises, cartables	Déclaration de Perte
1955	2022-07-05T10:49:54+00:00	Angers Saint-Laud	0087484006	Valise, sac sur roulettes	Bagagerie: sacs, valises, cartables	Déclaration de Perte
1956	2022-07-07T12:08:36+00:00	Angers Saint-Laud	0087484006	Sac à dos	Bagagerie: sacs, valises, cartables	Déclaration de Perte
1957	2022-03-08T15:26:04+00:00	Angers Saint-Laud	0087484006	Sac à main	Bagagerie: sacs, valises, cartables	Déclaration de Perte
1958	2021-04-27T08:29:28+00:00	Angers Saint-Laud	0087484006	Carte de crédit	Porte-monnaie / portefeuille, argent, titres	Déclaration de Perte
1959	2021-04-27T13:26:20+00:00	Angers Saint-Laud	0087484006	Téléphone portable protégé (étui, coque,…)	Appareils électroniques, informatiques, appareils photo	Déclaration de Perte
1960	2022-03-10T09:21:45+00:00	Angers Saint-Laud	0087484006	Béquilles	Articles médicaux	Déclaration de Perte
1961	2021-05-03T11:36:59+00:00	Angers Saint-Laud	0087484006	Téléphone portable protégé (étui, coque,…)	Appareils électroniques, informatiques, appareils photo	Déclaration de Perte
1962	2022-07-09T14:27:04+00:00	Angers Saint-Laud	0087484006	Bonnet, chapeau	Vêtements, chaussures	Déclaration de Perte
1963	2018-06-15T12:32:25+00:00	Angers Saint-Laud	0087484006	Sac d'enseigne (plastique, papier, …)	Bagagerie: sacs, valises, cartables	Déclaration de Perte
1964	2017-11-15T09:37:39+00:00	Angers Saint-Laud	0087484006	Casque (vélo, moto)	Vélos, trottinettes, accessoires 2 roues	Déclaration de Perte
1965	2021-04-21T11:11:54+00:00	Angers Saint-Laud	0087484006	Clés, porte-clés	Clés, porte-clés, badge magnétique	Déclaration de Perte
1966	2017-11-17T11:52:23+00:00	Angers Saint-Laud	0087484006	Téléphone portable	Appareils électroniques, informatiques, appareils photo	Déclaration de Perte
1967	2019-11-26T08:28:29+00:00	Angers Saint-Laud	0087484006	Carte de crédit	Porte-monnaie / portefeuille, argent, titres	Déclaration de Perte
1968	2018-09-10T13:06:35+00:00	Angers Saint-Laud	0087484006	Porte-monnaie, portefeuille	Porte-monnaie / portefeuille, argent, titres	Déclaration de Perte
1969	2015-11-26T10:14:16+00:00	Angers Saint-Laud	0087484006	Pièce d'identité personnelle et autre	Pièces d'identités et papiers personnels	Déclaration de Perte
1970	2018-09-11T15:36:44+00:00	Angers Saint-Laud	0087484006	Sac à main	Bagagerie: sacs, valises, cartables	Déclaration de Perte
1971	2018-11-29T14:36:28+00:00	Angers Saint-Laud	0087484006	Sac de voyage, sac de sport, sac à bandoulière	Bagagerie: sacs, valises, cartables	Déclaration de Perte
1972	2018-11-30T10:21:11+00:00	Angers Saint-Laud	0087484006	Sac de voyage, sac de sport, sac à bandoulière	Bagagerie: sacs, valises, cartables	Déclaration de Perte
1973	2018-09-14T09:48:49+00:00	Angers Saint-Laud	0087484006	Foulard, écharpe	Vêtements, chaussures	Déclaration de Perte
1974	2018-10-26T10:16:52+00:00	Angers Saint-Laud	0087484006	Porte-monnaie, portefeuille	Porte-monnaie / portefeuille, argent, titres	Déclaration de Perte
1975	2018-12-03T09:49:51+00:00	Angers Saint-Laud	0087484006	Porte-monnaie, portefeuille	Porte-monnaie / portefeuille, argent, titres	Déclaration de Perte
1976	2018-09-17T12:24:02+00:00	Angers Saint-Laud	0087484006	Téléphone portable	Appareils électroniques, informatiques, appareils photo	Déclaration de Perte
1977	2018-12-05T07:36:52+00:00	Angers Saint-Laud	0087484006	Téléphone portable	Appareils électroniques, informatiques, appareils photo	Déclaration de Perte
1978	2018-09-18T15:33:43+00:00	Angers Saint-Laud	0087484006	Téléphone portable	Appareils électroniques, informatiques, appareils photo	Déclaration de Perte
1979	2015-12-04T11:50:38+00:00	Angers Saint-Laud	0087484006	Valise, sac sur roulettes	Bagagerie: sacs, valises, cartables	Déclaration de Perte
1980	2019-11-08T09:35:45+00:00	Angers Saint-Laud	0087484006	Appareil audio portable (lecteur de CD, baladeur MP3, iPod, ... )	Appareils électroniques, informatiques, appareils photo	Déclaration de Perte
1981	2019-11-18T21:53:11+00:00	Angers Saint-Laud	0087484006	Autres vêtements	Vêtements, chaussures	Déclaration de Perte
1982	2019-11-27T14:47:57+00:00	Angers Saint-Laud	0087484006	Sac d'enseigne (plastique, papier, …)	Bagagerie: sacs, valises, cartables	Déclaration de Perte
1983	2019-11-28T13:15:10+00:00	Angers Saint-Laud	0087484006	Valise, sac sur roulettes	Bagagerie: sacs, valises, cartables	Déclaration de Perte
1984	2019-11-29T15:02:54+00:00	Angers Saint-Laud	0087484006	Foulard, écharpe	Vêtements, chaussures	Déclaration de Perte
1985	2019-12-02T13:10:28+00:00	Angers Saint-Laud	0087484006	Autres divers	Divers	Déclaration de Perte
1986	2017-07-21T12:12:44+00:00	Angers Saint-Laud	0087484006	Manteau, veste, blazer, parka, blouson, cape	Vêtements, chaussures	Déclaration de Perte
1987	2020-01-24T16:32:04+00:00	Angers Saint-Laud	0087484006	Valise, sac sur roulettes	Bagagerie: sacs, valises, cartables	Déclaration de Perte
1988	2020-01-22T09:53:26+00:00	Angers Saint-Laud	0087484006	Valise, sac sur roulettes	Bagagerie: sacs, valises, cartables	Déclaration de Perte
1989	2019-11-04T12:51:59+00:00	Angers Saint-Laud	0087484006	Téléphone portable protégé (étui, coque,…)	Appareils électroniques, informatiques, appareils photo	Déclaration de Perte
1990	2020-02-03T20:19:52+00:00	Angers Saint-Laud	0087484006	Valise, sac sur roulettes	Bagagerie: sacs, valises, cartables	Déclaration de Perte
1991	2015-11-20T14:45:58+00:00	Angers Saint-Laud	0087484006	Valise, sac sur roulettes	Bagagerie: sacs, valises, cartables	Déclaration de Perte
1992	2017-07-31T08:37:49+00:00	Angers Saint-Laud	0087484006	Valise, sac sur roulettes	Bagagerie: sacs, valises, cartables	Déclaration de Perte
1993	2020-02-06T09:54:27+00:00	Angers Saint-Laud	0087484006	Autres appareils et accessoires électroniques	Appareils électroniques, informatiques, appareils photo	Déclaration de Perte
1994	2019-12-02T09:20:41+00:00	Angers Saint-Laud	0087484006	Valise, sac sur roulettes	Bagagerie: sacs, valises, cartables	Déclaration de Perte
1995	2018-09-28T06:27:51+00:00	Angers Saint-Laud	0087484006	Sac à main	Bagagerie: sacs, valises, cartables	Déclaration de Perte
1996	2015-10-30T10:32:20+00:00	Angers Saint-Laud	0087484006	Cartable, trousse d'écolier, dossier scolaire	Articles d'enfants, de puériculture	Déclaration de Perte
1997	2018-09-30T20:28:02+00:00	Angers Saint-Laud	0087484006	Porte-monnaie, portefeuille	Porte-monnaie / portefeuille, argent, titres	Déclaration de Perte
1998	2017-05-12T09:11:32+00:00	Angers Saint-Laud	0087484006	Livre de poche	Livres, articles de papéterie	Déclaration de Perte
1999	2020-01-16T13:55:10+00:00	Angers Saint-Laud	0087484006	Porte-monnaie, portefeuille	Porte-monnaie / portefeuille, argent, titres	Déclaration de Perte
2000	2020-01-31T14:11:51+00:00	Angers Saint-Laud	0087484006	Sac de voyage, sac de sport, sac à bandoulière	Bagagerie: sacs, valises, cartables	Déclaration de Perte
2001	2020-02-02T15:39:59+00:00	Angers Saint-Laud	0087484006	Ordinateur, ordinateur portable, notebook	Appareils électroniques, informatiques, appareils photo	Déclaration de Perte
2002	2015-10-16T11:57:15+00:00	Angers Saint-Laud	0087484006	Vélo	Vélos, trottinettes, accessoires 2 roues	Déclaration de Perte
2003	2017-05-24T16:01:26+00:00	Angers Saint-Laud	0087484006	Sac de voyage, sac de sport, sac à bandoulière	Bagagerie: sacs, valises, cartables	Déclaration de Perte
2004	2020-07-03T06:34:45+00:00	Angers Saint-Laud	0087484006	Autres vêtements	Vêtements, chaussures	Déclaration de Perte
2005	2015-07-21T07:39:15+00:00	Angers Saint-Laud	0087484006	Sacoche ventrale, banane	Bagagerie: sacs, valises, cartables	Déclaration de Perte
2006	2020-06-09T17:43:31+00:00	Angers Saint-Laud	0087484006	Sac à dos	Bagagerie: sacs, valises, cartables	Déclaration de Perte
2007	2020-06-14T16:27:33+00:00	Angers Saint-Laud	0087484006	Sac d'enseigne (plastique, papier, …)	Bagagerie: sacs, valises, cartables	Déclaration de Perte
2008	2020-06-15T18:05:14+00:00	Angers Saint-Laud	0087484006	Sac de voyage, sac de sport, sac à bandoulière	Bagagerie: sacs, valises, cartables	Déclaration de Perte
2009	2014-01-17T14:56:12+00:00	Angers Saint-Laud	0087484006	Montre	Bijoux, montres	Déclaration de Perte
2010	2020-02-03T13:35:03+00:00	Angers Saint-Laud	0087484006	Sac de voyage, sac de sport, sac à bandoulière	Bagagerie: sacs, valises, cartables	Déclaration de Perte
2011	2020-02-07T07:40:35+00:00	Angers Saint-Laud	0087484006	Ordinateur, ordinateur portable, notebook	Appareils électroniques, informatiques, appareils photo	Déclaration de Perte
2012	2017-06-14T08:14:51+00:00	Angers Saint-Laud	0087484006	Porte-monnaie, portefeuille	Porte-monnaie / portefeuille, argent, titres	Déclaration de Perte
2013	2020-02-28T18:57:06+00:00	Angers Saint-Laud	0087484006	Sac d'enseigne (plastique, papier, …)	Bagagerie: sacs, valises, cartables	Déclaration de Perte
2014	2022-10-04T16:46:53+00:00	Angers Saint-Laud	0087484006	Valise, sac sur roulettes	Bagagerie: sacs, valises, cartables	Déclaration de Perte
2015	2022-10-06T10:01:56+00:00	Angers Saint-Laud	0087484006	Porte-monnaie, portefeuille	Porte-monnaie / portefeuille, argent, titres	Déclaration de Perte
2016	2017-06-21T10:22:35+00:00	Angers Saint-Laud	0087484006	Valise, sac sur roulettes	Bagagerie: sacs, valises, cartables	Déclaration de Perte
2017	2017-06-21T10:25:42+00:00	Angers Saint-Laud	0087484006	Porte-monnaie, portefeuille	Porte-monnaie / portefeuille, argent, titres	Déclaration de Perte
2018	2022-10-11T16:06:01+00:00	Angers Saint-Laud	0087484006	AirPod, casque audio, écouteurs	Appareils électroniques, informatiques, appareils photo	Déclaration de Perte
2019	2017-11-20T14:07:33+00:00	Angers Saint-Laud	0087484006	Téléphone portable	Appareils électroniques, informatiques, appareils photo	Déclaration de Perte
2020	2022-10-16T20:36:21+00:00	Angers Saint-Laud	0087484006	Sac à dos	Bagagerie: sacs, valises, cartables	Déclaration de Perte
2021	2017-09-20T07:23:02+00:00	Angers Saint-Laud	0087484006	Porte-monnaie, portefeuille	Porte-monnaie / portefeuille, argent, titres	Déclaration de Perte
2022	2021-09-07T08:26:10+00:00	Angers Saint-Laud	0087484006	Porte-monnaie, portefeuille	Porte-monnaie / portefeuille, argent, titres	Déclaration de Perte
2023	2017-09-24T13:32:26+00:00	Angers Saint-Laud	0087484006	Sacoche ventrale, banane	Bagagerie: sacs, valises, cartables	Déclaration de Perte
2024	2021-09-09T12:56:51+00:00	Angers Saint-Laud	0087484006	Lunettes	Optique	Déclaration de Perte
2025	2017-07-10T10:12:43+00:00	Angers Saint-Laud	0087484006	Club de golf	Articles de sport, loisirs, camping	Déclaration de Perte
2026	2017-07-12T12:59:59+00:00	Angers Saint-Laud	0087484006	Lunettes	Optique	Déclaration de Perte
2027	2013-11-07T09:31:20+00:00	Angers Saint-Laud	0087484006	Pièce d'identité personnelle et autre	Pièces d'identités et papiers personnels	Déclaration de Perte
2028	2013-11-07T12:49:34+00:00	Angers Saint-Laud	0087484006	Valise, sac sur roulettes	Bagagerie: sacs, valises, cartables	Déclaration de Perte
2029	2013-11-13T14:31:14+00:00	Angers Saint-Laud	0087484006	Lunettes en étui	Optique	Déclaration de Perte
2030	2016-02-04T14:09:08+00:00	Angers Saint-Laud	0087484006	Valise, sac sur roulettes	Bagagerie: sacs, valises, cartables	Déclaration de Perte
2031	2016-02-08T10:00:39+00:00	Angers Saint-Laud	0087484006	Vélo	Vélos, trottinettes, accessoires 2 roues	Déclaration de Perte
2032	2024-06-09T12:04:14+00:00	Angers Saint-Laud	0087484006	Autres articles de papeterie	Livres, articles de papéterie	Déclaration de Perte
2033	2024-06-10T06:11:22+00:00	Angers Saint-Laud	0087484006	Valise, sac sur roulettes	Bagagerie: sacs, valises, cartables	Déclaration de Perte
2034	2021-10-01T19:17:29+00:00	Angers Saint-Laud	0087484006	Porte-monnaie, portefeuille	Porte-monnaie / portefeuille, argent, titres	Déclaration de Perte
2035	2016-05-06T16:01:08+00:00	Angers Saint-Laud	0087484006	Lunettes en étui	Optique	Déclaration de Perte
2036	2021-10-04T08:45:01+00:00	Angers Saint-Laud	0087484006	Lunettes	Optique	Déclaration de Perte
2037	2016-09-13T18:13:07+00:00	Angers Saint-Laud	0087484006	Valise, sac sur roulettes	Bagagerie: sacs, valises, cartables	Déclaration de Perte
2038	2021-10-06T13:21:39+00:00	Angers Saint-Laud	0087484006	Pull over, gilet	Vêtements, chaussures	Déclaration de Perte
2039	2015-07-20T12:20:31+00:00	Angers Saint-Laud	0087484006	Porte-monnaie, portefeuille	Porte-monnaie / portefeuille, argent, titres	Déclaration de Perte
2040	2017-11-28T10:05:50+00:00	Angers Saint-Laud	0087484006	Argent liquide / Espèces	Porte-monnaie / portefeuille, argent, titres	Déclaration de Perte
2041	2021-08-30T17:31:33+00:00	Angers Saint-Laud	0087484006	AirPod, casque audio, écouteurs	Appareils électroniques, informatiques, appareils photo	Déclaration de Perte
2042	2015-07-27T13:01:18+00:00	Angers Saint-Laud	0087484006	Porte-monnaie, portefeuille	Porte-monnaie / portefeuille, argent, titres	Déclaration de Perte
2043	2014-04-28T09:14:22+00:00	Angers Saint-Laud	0087484006	Autres appareils et accessoires électroniques	Appareils électroniques, informatiques, appareils photo	Déclaration de Perte
2044	2017-10-06T07:31:06+00:00	Angers Saint-Laud	0087484006	Carte d'identité, passeport, permis de conduire	Pièces d'identités et papiers personnels	Déclaration de Perte
2045	2016-05-28T17:18:12+00:00	Angers Saint-Laud	0087484006	Valise, sac sur roulettes	Bagagerie: sacs, valises, cartables	Déclaration de Perte
2046	2017-10-11T06:23:52+00:00	Angers Saint-Laud	0087484006	Foulard, écharpe	Vêtements, chaussures	Déclaration de Perte
2047	2022-09-18T14:54:31+00:00	Angers Saint-Laud	0087484006	Sac à main	Bagagerie: sacs, valises, cartables	Déclaration de Perte
2048	2017-10-16T10:12:55+00:00	Angers Saint-Laud	0087484006	Porte-monnaie, portefeuille	Porte-monnaie / portefeuille, argent, titres	Déclaration de Perte
2049	2014-08-01T13:24:04+00:00	Angers Saint-Laud	0087484006	Téléphone portable	Appareils électroniques, informatiques, appareils photo	Déclaration de Perte
2050	2022-09-25T18:21:24+00:00	Angers Saint-Laud	0087484006	Valise, sac sur roulettes	Bagagerie: sacs, valises, cartables	Déclaration de Perte
2051	2016-06-29T12:05:51+00:00	Angers Saint-Laud	0087484006	Sac à dos	Bagagerie: sacs, valises, cartables	Déclaration de Perte
2052	2022-09-30T20:51:29+00:00	Angers Saint-Laud	0087484006	Sac à dos	Bagagerie: sacs, valises, cartables	Déclaration de Perte
2053	2022-10-02T09:36:47+00:00	Angers Saint-Laud	0087484006	Sac de voyage, sac de sport, sac à bandoulière	Bagagerie: sacs, valises, cartables	Déclaration de Perte
2054	2015-06-22T14:03:22+00:00	Angers Saint-Laud	0087484006	Autres vêtements	Vêtements, chaussures	Déclaration de Perte
2055	2017-10-30T14:40:58+00:00	Angers Saint-Laud	0087484006	Vélo	Vélos, trottinettes, accessoires 2 roues	Déclaration de Perte
2056	2020-11-23T09:55:04+00:00	Angers Saint-Laud	0087484006	Téléphone portable protégé (étui, coque,…)	Appareils électroniques, informatiques, appareils photo	Déclaration de Perte
2057	2020-12-07T15:44:58+00:00	Angers Saint-Laud	0087484006	Porte-monnaie, portefeuille	Porte-monnaie / portefeuille, argent, titres	Déclaration de Perte
2058	2015-07-09T07:10:19+00:00	Angers Saint-Laud	0087484006	Vélo	Vélos, trottinettes, accessoires 2 roues	Déclaration de Perte
2059	2020-12-08T16:36:06+00:00	Angers Saint-Laud	0087484006	Sac à dos	Bagagerie: sacs, valises, cartables	Déclaration de Perte
2060	2017-11-08T13:33:36+00:00	Angers Saint-Laud	0087484006	Sac de voyage, sac de sport, sac à bandoulière	Bagagerie: sacs, valises, cartables	Déclaration de Perte
2061	2020-12-09T19:01:28+00:00	Angers Saint-Laud	0087484006	Téléphone portable protégé (étui, coque,…)	Appareils électroniques, informatiques, appareils photo	Déclaration de Perte
2062	2020-12-09T19:01:30+00:00	Angers Saint-Laud	0087484006	Téléphone portable protégé (étui, coque,…)	Appareils électroniques, informatiques, appareils photo	Déclaration de Perte
2063	2017-11-09T14:21:35+00:00	Angers Saint-Laud	0087484006	Pièce d'identité personnelle et autre	Pièces d'identités et papiers personnels	Déclaration de Perte
2064	2020-12-16T11:52:26+00:00	Angers Saint-Laud	0087484006	Sac à dos	Bagagerie: sacs, valises, cartables	Déclaration de Perte
2065	2017-11-13T12:46:58+00:00	Angers Saint-Laud	0087484006	Porte-monnaie, portefeuille	Porte-monnaie / portefeuille, argent, titres	Déclaration de Perte
2066	2020-12-18T11:02:17+00:00	Angers Saint-Laud	0087484006	Livre scolaire	Livres, articles de papéterie	Déclaration de Perte
2067	2015-12-28T11:02:16+00:00	Angers Saint-Laud	0087484006	Valise, sac sur roulettes	Bagagerie: sacs, valises, cartables	Déclaration de Perte
2068	2016-02-08T10:48:53+00:00	Angers Saint-Laud	0087484006	Sac à dos	Bagagerie: sacs, valises, cartables	Déclaration de Perte
2069	2018-12-13T13:25:21+00:00	Angers Saint-Laud	0087484006	Gants	Vêtements, chaussures	Déclaration de Perte
2070	2018-12-18T08:01:58+00:00	Angers Saint-Laud	0087484006	Sac à dos	Bagagerie: sacs, valises, cartables	Déclaration de Perte
2071	2024-05-24T14:28:50+00:00	Angers Saint-Laud	0087484006	Livre de poche	Livres, articles de papéterie	Déclaration de Perte
2072	2016-09-19T14:58:51+00:00	Angers Saint-Laud	0087484006	Sac de voyage, sac de sport, sac à bandoulière	Bagagerie: sacs, valises, cartables	Déclaration de Perte
2073	2018-12-24T10:56:24+00:00	Angers Saint-Laud	0087484006	Sac à main	Bagagerie: sacs, valises, cartables	Déclaration de Perte
2074	2016-09-23T13:49:32+00:00	Angers Saint-Laud	0087484006	Appareil photo, caméscope/caméras et accessoires	Appareils électroniques, informatiques, appareils photo	Déclaration de Perte
2075	2015-05-26T12:58:53+00:00	Angers Saint-Laud	0087484006	Manteau, veste, blazer, parka, blouson, cape	Vêtements, chaussures	Déclaration de Perte
2076	2021-01-29T13:38:16+00:00	Angers Saint-Laud	0087484006	Valise, sac sur roulettes	Bagagerie: sacs, valises, cartables	Déclaration de Perte
2077	2016-09-27T05:51:38+00:00	Angers Saint-Laud	0087484006	Diplôme, papiers personnels	Pièces d'identités et papiers personnels	Déclaration de Perte
2078	2021-02-01T09:49:57+00:00	Angers Saint-Laud	0087484006	Sac d'enseigne (plastique, papier, …)	Bagagerie: sacs, valises, cartables	Déclaration de Perte
2079	2024-06-01T07:41:19+00:00	Angers Saint-Laud	0087484006	Porte-monnaie, portefeuille	Porte-monnaie / portefeuille, argent, titres	Déclaration de Perte
2080	2016-09-28T13:18:28+00:00	Angers Saint-Laud	0087484006	Sac à main	Bagagerie: sacs, valises, cartables	Déclaration de Perte
2081	2024-06-02T15:55:27+00:00	Angers Saint-Laud	0087484006	Téléphone portable protégé (étui, coque,…)	Appareils électroniques, informatiques, appareils photo	Déclaration de Perte
2082	2024-06-03T08:35:19+00:00	Angers Saint-Laud	0087484006	Accessoires 2 roues	Vélos, trottinettes, accessoires 2 roues	Déclaration de Perte
2083	2021-02-05T14:39:56+00:00	Angers Saint-Laud	0087484006	Porte-monnaie, portefeuille	Porte-monnaie / portefeuille, argent, titres	Déclaration de Perte
2084	2016-01-05T13:34:36+00:00	Angers Saint-Laud	0087484006	Manteau, veste, blazer, parka, blouson, cape	Vêtements, chaussures	Déclaration de Perte
2085	2016-10-03T11:21:09+00:00	Angers Saint-Laud	0087484006	Autre bagagerie	Bagagerie: sacs, valises, cartables	Déclaration de Perte
2086	2020-12-29T15:57:42+00:00	Angers Saint-Laud	0087484006	Sac d'enseigne (plastique, papier, …)	Bagagerie: sacs, valises, cartables	Déclaration de Perte
2087	2017-01-13T14:33:01+00:00	Angers Saint-Laud	0087484006	Sac de voyage, sac de sport, sac à bandoulière	Bagagerie: sacs, valises, cartables	Déclaration de Perte
2088	2015-11-25T08:28:16+00:00	Angers Saint-Laud	0087484006	Sac à main	Bagagerie: sacs, valises, cartables	Déclaration de Perte
2089	2021-02-08T14:14:09+00:00	Angers Saint-Laud	0087484006	Téléphone portable protégé (étui, coque,…)	Appareils électroniques, informatiques, appareils photo	Déclaration de Perte
2090	2021-02-10T08:53:19+00:00	Angers Saint-Laud	0087484006	Téléphone portable protégé (étui, coque,…)	Appareils électroniques, informatiques, appareils photo	Déclaration de Perte
2091	2021-02-11T08:58:29+00:00	Angers Saint-Laud	0087484006	Sac à dos	Bagagerie: sacs, valises, cartables	Déclaration de Perte
2092	2021-01-13T18:38:31+00:00	Angers Saint-Laud	0087484006	Sac d'enseigne (plastique, papier, …)	Bagagerie: sacs, valises, cartables	Déclaration de Perte
2093	2015-12-06T18:16:27+00:00	Angers Saint-Laud	0087484006	Valise, sac sur roulettes	Bagagerie: sacs, valises, cartables	Déclaration de Perte
2094	2021-01-15T21:40:03+00:00	Angers Saint-Laud	0087484006	Téléphone portable protégé (étui, coque,…)	Appareils électroniques, informatiques, appareils photo	Déclaration de Perte
2095	2021-01-16T08:36:56+00:00	Angers Saint-Laud	0087484006	Casque (vélo, moto)	Vélos, trottinettes, accessoires 2 roues	Déclaration de Perte
2096	2024-05-23T12:15:25+00:00	Angers Saint-Laud	0087484006	Sac à dos	Bagagerie: sacs, valises, cartables	Déclaration de Perte
2097	2021-01-20T15:10:20+00:00	Angers Saint-Laud	0087484006	Sac à dos	Bagagerie: sacs, valises, cartables	Déclaration de Perte
2098	2015-11-05T09:29:30+00:00	Angers Saint-Laud	0087484006	Téléphone portable	Appareils électroniques, informatiques, appareils photo	Déclaration de Perte
2099	2015-11-06T13:47:43+00:00	Angers Saint-Laud	0087484006	Sac de voyage, sac de sport, sac à bandoulière	Bagagerie: sacs, valises, cartables	Déclaration de Perte
2100	2014-05-07T13:28:03+00:00	Angers Saint-Laud	0087484006	Porte-monnaie, portefeuille	Porte-monnaie / portefeuille, argent, titres	Déclaration de Perte
2101	2016-10-11T09:10:34+00:00	Angers Saint-Laud	0087484006	Ordinateur, ordinateur portable, notebook	Appareils électroniques, informatiques, appareils photo	Déclaration de Perte
2102	2016-10-14T15:50:18+00:00	Angers Saint-Laud	0087484006	Autre bagagerie	Bagagerie: sacs, valises, cartables	Déclaration de Perte
2103	2019-11-06T09:37:00+00:00	Angers Saint-Laud	0087484006	Sac à dos	Bagagerie: sacs, valises, cartables	Déclaration de Perte
2104	2014-11-14T13:36:44+00:00	Angers Saint-Laud	0087484006	Valise, sac sur roulettes	Bagagerie: sacs, valises, cartables	Déclaration de Perte
2105	2024-06-30T13:43:02+00:00	Angers Saint-Laud	0087484006	Téléphone portable	Appareils électroniques, informatiques, appareils photo	Déclaration de Perte
2106	2014-11-17T14:43:42+00:00	Angers Saint-Laud	0087484006	Autres vêtements	Vêtements, chaussures	Déclaration de Perte
2107	2015-10-21T08:57:05+00:00	Angers Saint-Laud	0087484006	Sac d'enseigne (plastique, papier, …)	Bagagerie: sacs, valises, cartables	Déclaration de Perte
2108	2015-10-22T13:58:01+00:00	Angers Saint-Laud	0087484006	Sac d'enseigne (plastique, papier, …)	Bagagerie: sacs, valises, cartables	Déclaration de Perte
2109	2016-10-24T11:50:20+00:00	Angers Saint-Laud	0087484006	Autre pièce ou papier personnel	Pièces d'identités et papiers personnels	Déclaration de Perte
2110	2015-12-08T13:52:02+00:00	Angers Saint-Laud	0087484006	Téléphone portable	Appareils électroniques, informatiques, appareils photo	Déclaration de Perte
2111	2018-11-06T10:49:41+00:00	Angers Saint-Laud	0087484006	Sac à dos	Bagagerie: sacs, valises, cartables	Déclaration de Perte
2112	2014-10-15T09:52:09+00:00	Angers Saint-Laud	0087484006	Téléphone portable	Appareils électroniques, informatiques, appareils photo	Déclaration de Perte
2113	2015-12-15T08:34:32+00:00	Angers Saint-Laud	0087484006	Sac à main	Bagagerie: sacs, valises, cartables	Déclaration de Perte
2114	2019-10-11T12:24:37+00:00	Angers Saint-Laud	0087484006	Sac à dos	Bagagerie: sacs, valises, cartables	Déclaration de Perte
2115	2015-12-16T14:23:06+00:00	Angers Saint-Laud	0087484006	Autres divers	Divers	Déclaration de Perte
2116	2015-12-18T09:49:18+00:00	Angers Saint-Laud	0087484006	Téléphone portable protégé (étui, coque,…)	Appareils électroniques, informatiques, appareils photo	Déclaration de Perte
2117	2016-12-08T10:04:44+00:00	Angers Saint-Laud	0087484006	Vélo	Vélos, trottinettes, accessoires 2 roues	Déclaration de Perte
2118	2020-01-27T16:34:22+00:00	Angers Saint-Laud	0087484006	Valise, sac sur roulettes	Bagagerie: sacs, valises, cartables	Déclaration de Perte
2119	2015-12-29T08:47:26+00:00	Angers Saint-Laud	0087484006	Téléphone portable	Appareils électroniques, informatiques, appareils photo	Déclaration de Perte
2120	2015-12-29T09:01:13+00:00	Angers Saint-Laud	0087484006	Sac de voyage, sac de sport, sac à bandoulière	Bagagerie: sacs, valises, cartables	Déclaration de Perte
2121	2016-01-15T13:51:57+00:00	Angers Saint-Laud	0087484006	Ordinateur, ordinateur portable, notebook protégé (étui, housse,…)	Appareils électroniques, informatiques, appareils photo	Déclaration de Perte
2122	2018-11-27T10:39:13+00:00	Angers Saint-Laud	0087484006	Sac d'enseigne (plastique, papier, …)	Bagagerie: sacs, valises, cartables	Déclaration de Perte
2123	2016-07-10T08:41:44+00:00	Angers Saint-Laud	0087484006	Sac à dos	Bagagerie: sacs, valises, cartables	Déclaration de Perte
2124	2016-07-15T12:37:28+00:00	Angers Saint-Laud	0087484006	Sac de voyage, sac de sport, sac à bandoulière	Bagagerie: sacs, valises, cartables	Déclaration de Perte
2125	2019-10-23T07:28:53+00:00	Angers Saint-Laud	0087484006	Chemise à rabat	Livres, articles de papéterie	Déclaration de Perte
2126	2019-10-23T07:28:55+00:00	Angers Saint-Laud	0087484006	Chemise à rabat	Livres, articles de papéterie	Déclaration de Perte
2127	2019-10-23T15:03:47+00:00	Angers Saint-Laud	0087484006	Sac à dos	Bagagerie: sacs, valises, cartables	Déclaration de Perte
2128	2016-01-05T13:57:49+00:00	Angers Saint-Laud	0087484006	Porte-monnaie, portefeuille	Porte-monnaie / portefeuille, argent, titres	Déclaration de Perte
2129	2015-09-25T09:48:21+00:00	Angers Saint-Laud	0087484006	Téléphone portable	Appareils électroniques, informatiques, appareils photo	Déclaration de Perte
2130	2015-09-25T11:20:10+00:00	Angers Saint-Laud	0087484006	Porte-monnaie, portefeuille	Porte-monnaie / portefeuille, argent, titres	Déclaration de Perte
2131	2016-11-23T10:39:23+00:00	Angers Saint-Laud	0087484006	Téléphone portable	Appareils électroniques, informatiques, appareils photo	Déclaration de Perte
2132	2016-06-24T05:46:12+00:00	Angers Saint-Laud	0087484006	Valise, sac sur roulettes	Bagagerie: sacs, valises, cartables	Déclaration de Perte
2133	2015-09-28T12:13:48+00:00	Angers Saint-Laud	0087484006	Sac à dos	Bagagerie: sacs, valises, cartables	Déclaration de Perte
2134	2016-11-25T14:33:05+00:00	Angers Saint-Laud	0087484006	Téléphone portable	Appareils électroniques, informatiques, appareils photo	Déclaration de Perte
2135	2016-06-08T09:31:20+00:00	Angers Saint-Laud	0087484006	Porte-monnaie, portefeuille	Porte-monnaie / portefeuille, argent, titres	Déclaration de Perte
2136	2016-11-27T09:42:20+00:00	Angers Saint-Laud	0087484006	Valise, sac sur roulettes	Bagagerie: sacs, valises, cartables	Déclaration de Perte
2137	2015-09-30T07:32:18+00:00	Angers Saint-Laud	0087484006	Manteau, veste, blazer, parka, blouson, cape	Vêtements, chaussures	Déclaration de Perte
2138	2015-09-30T13:04:54+00:00	Angers Saint-Laud	0087484006	Lunettes	Optique	Déclaration de Perte
2139	2017-02-06T13:12:51+00:00	Angers Saint-Laud	0087484006	Cartable à dessins, pochette à dessins	Livres, articles de papéterie	Déclaration de Perte
2140	2017-05-29T09:46:58+00:00	Angers Saint-Laud	0087484006	Autre bagagerie	Bagagerie: sacs, valises, cartables	Déclaration de Perte
2141	2016-02-22T08:46:47+00:00	Angers Saint-Laud	0087484006	Ordinateur, ordinateur portable, notebook protégé (étui, housse,…)	Appareils électroniques, informatiques, appareils photo	Déclaration de Perte
2142	2016-02-23T08:38:23+00:00	Angers Saint-Laud	0087484006	Ordinateur, ordinateur portable, notebook protégé (étui, housse,…)	Appareils électroniques, informatiques, appareils photo	Déclaration de Perte
2143	2016-03-30T07:57:13+00:00	Angers Saint-Laud	0087484006	Parapluie télescopique, parapluie de poche	Parapluies	Déclaration de Perte
2144	2016-03-30T09:22:29+00:00	Angers Saint-Laud	0087484006	Téléphone portable	Appareils électroniques, informatiques, appareils photo	Déclaration de Perte
2145	2016-03-24T13:50:29+00:00	Angers Saint-Laud	0087484006	Sacoche ventrale, banane	Bagagerie: sacs, valises, cartables	Déclaration de Perte
2146	2016-12-29T20:33:19+00:00	Angers Saint-Laud	0087484006	Valise, sac sur roulettes	Bagagerie: sacs, valises, cartables	Déclaration de Perte
2147	2016-04-01T12:43:08+00:00	Angers Saint-Laud	0087484006	Valise, sac sur roulettes	Bagagerie: sacs, valises, cartables	Déclaration de Perte
2148	2016-05-12T14:30:45+00:00	Angers Saint-Laud	0087484006	Agenda, calendrier	Livres, articles de papéterie	Déclaration de Perte
2149	2016-05-12T18:08:14+00:00	Angers Saint-Laud	0087484006	Sac à dos	Bagagerie: sacs, valises, cartables	Déclaration de Perte
2150	2017-01-03T15:36:47+00:00	Angers Saint-Laud	0087484006	Béquilles	Articles médicaux	Déclaration de Perte
2151	2016-05-14T10:48:04+00:00	Angers Saint-Laud	0087484006	Attaché-case, serviette	Bagagerie: sacs, valises, cartables	Déclaration de Perte
2152	2016-03-18T09:56:08+00:00	Angers Saint-Laud	0087484006	Porte-monnaie, portefeuille	Porte-monnaie / portefeuille, argent, titres	Déclaration de Perte
2153	2016-03-14T12:49:03+00:00	Angers Saint-Laud	0087484006	Téléphone portable protégé (étui, coque,…)	Appareils électroniques, informatiques, appareils photo	Déclaration de Perte
2154	2017-04-01T12:49:14+00:00	Angers Saint-Laud	0087484006	Autres appareils et accessoires électroniques	Appareils électroniques, informatiques, appareils photo	Déclaration de Perte
2155	2017-04-04T13:44:11+00:00	Angers Saint-Laud	0087484006	Vélo	Vélos, trottinettes, accessoires 2 roues	Déclaration de Perte
2156	2016-02-29T08:45:47+00:00	Angers Saint-Laud	0087484006	Lunettes en étui	Optique	Déclaration de Perte
2157	2017-08-29T13:39:47+00:00	Angers Saint-Laud	0087484006	Livre numérique	Appareils électroniques, informatiques, appareils photo	Déclaration de Perte
2158	2013-12-31T08:43:51+00:00	Angers Saint-Laud	0087484006	Porte-monnaie, portefeuille	Porte-monnaie / portefeuille, argent, titres	Déclaration de Perte
2159	2016-02-04T15:03:22+00:00	Angers Saint-Laud	0087484006	Sac à main	Bagagerie: sacs, valises, cartables	Déclaration de Perte
2160	2017-09-01T09:40:42+00:00	Angers Saint-Laud	0087484006	Téléphone portable	Appareils électroniques, informatiques, appareils photo	Déclaration de Perte
2161	2014-01-17T09:25:27+00:00	Angers Saint-Laud	0087484006	Sac à dos	Bagagerie: sacs, valises, cartables	Déclaration de Perte
2162	2014-01-31T15:42:12+00:00	Angers Saint-Laud	0087484006	Téléphone portable	Appareils électroniques, informatiques, appareils photo	Déclaration de Perte
2163	2016-03-04T11:01:21+00:00	Angers Saint-Laud	0087484006	Porte-monnaie, portefeuille	Porte-monnaie / portefeuille, argent, titres	Déclaration de Perte
2164	2016-12-04T13:31:19+00:00	Angers Saint-Laud	0087484006	Sac à main	Bagagerie: sacs, valises, cartables	Déclaration de Perte
2165	2014-02-12T14:44:57+00:00	Angers Saint-Laud	0087484006	Téléphone portable	Appareils électroniques, informatiques, appareils photo	Déclaration de Perte
2166	2016-12-08T11:52:38+00:00	Angers Saint-Laud	0087484006	Valise, sac sur roulettes	Bagagerie: sacs, valises, cartables	Déclaration de Perte
2167	2017-09-16T13:20:52+00:00	Angers Saint-Laud	0087484006	Autre optique	Optique	Déclaration de Perte
2168	2024-05-25T11:58:24+00:00	Angers Saint-Laud	0087484006	Sac à dos	Bagagerie: sacs, valises, cartables	Déclaration de Perte
2169	2024-05-27T08:13:47+00:00	Angers Saint-Laud	0087484006	Porte-monnaie, portefeuille	Porte-monnaie / portefeuille, argent, titres	Déclaration de Perte
2170	2016-11-22T12:27:23+00:00	Angers Saint-Laud	0087484006	Attaché-case, serviette	Bagagerie: sacs, valises, cartables	Déclaration de Perte
2171	2024-05-28T08:42:49+00:00	Angers Saint-Laud	0087484006	Porte-monnaie, portefeuille	Porte-monnaie / portefeuille, argent, titres	Déclaration de Perte
2172	2016-11-25T11:07:50+00:00	Angers Saint-Laud	0087484006	Téléphone portable	Appareils électroniques, informatiques, appareils photo	Déclaration de Perte
2173	2024-05-29T11:06:30+00:00	Angers Saint-Laud	0087484006	Valise, sac sur roulettes	Bagagerie: sacs, valises, cartables	Déclaration de Perte
2174	2024-05-30T10:25:21+00:00	Angers Saint-Laud	0087484006	Manteau, veste, blazer, parka, blouson, cape	Vêtements, chaussures	Déclaration de Perte
2175	2015-02-17T10:46:33+00:00	Angers Saint-Laud	0087484006	Sac à main	Bagagerie: sacs, valises, cartables	Déclaration de Perte
2176	2017-03-08T18:58:03+00:00	Angers Saint-Laud	0087484006	Téléphone portable	Appareils électroniques, informatiques, appareils photo	Déclaration de Perte
2177	2024-06-04T14:17:19+00:00	Angers Saint-Laud	0087484006	Porte-monnaie, portefeuille	Porte-monnaie / portefeuille, argent, titres	Déclaration de Perte
2178	2015-03-02T10:28:41+00:00	Angers Saint-Laud	0087484006	Lunettes	Optique	Déclaration de Perte
2179	2024-06-05T12:10:50+00:00	Angers Saint-Laud	0087484006	Manteau, veste, blazer, parka, blouson, cape	Vêtements, chaussures	Déclaration de Perte
2180	2017-11-10T07:26:16+00:00	Angers Saint-Laud	0087484006	Sac à dos	Bagagerie: sacs, valises, cartables	Déclaration de Perte
2181	2014-03-06T09:04:02+00:00	Angers Saint-Laud	0087484006	Autres divers	Divers	Déclaration de Perte
2182	2024-05-04T08:09:36+00:00	Angers Saint-Laud	0087484006	Carte Vitale	Pièces d'identités et papiers personnels	Déclaration de Perte
2183	2017-03-27T08:11:19+00:00	Angers Saint-Laud	0087484006	Sac à main	Bagagerie: sacs, valises, cartables	Déclaration de Perte
2184	2017-03-27T08:43:59+00:00	Angers Saint-Laud	0087484006	Porte-monnaie, portefeuille	Porte-monnaie / portefeuille, argent, titres	Déclaration de Perte
2185	2014-06-02T10:06:39+00:00	Angers Saint-Laud	0087484006	Téléphone portable	Appareils électroniques, informatiques, appareils photo	Déclaration de Perte
2186	2014-06-06T11:56:25+00:00	Angers Saint-Laud	0087484006	Vélo	Vélos, trottinettes, accessoires 2 roues	Déclaration de Perte
2187	2014-06-10T08:54:37+00:00	Angers Saint-Laud	0087484006	Appareil photo, caméscope/caméras et accessoires	Appareils électroniques, informatiques, appareils photo	Déclaration de Perte
2188	2017-10-06T07:31:03+00:00	Angers Saint-Laud	0087484006	Carte d'identité, passeport, permis de conduire	Pièces d'identités et papiers personnels	Déclaration de Perte
2189	2014-09-10T09:39:44+00:00	Angers Saint-Laud	0087484006	Porte-monnaie, portefeuille	Porte-monnaie / portefeuille, argent, titres	Déclaration de Perte
2190	2015-01-27T08:42:00+00:00	Angers Saint-Laud	0087484006	Autre livre	Livres, articles de papéterie	Déclaration de Perte
2191	2017-07-17T06:47:19+00:00	Angers Saint-Laud	0087484006	Sac d'enseigne (plastique, papier, …)	Bagagerie: sacs, valises, cartables	Déclaration de Perte
2192	2015-01-29T12:45:44+00:00	Angers Saint-Laud	0087484006	Valise, sac sur roulettes	Bagagerie: sacs, valises, cartables	Déclaration de Perte
2193	2017-02-07T14:35:30+00:00	Angers Saint-Laud	0087484006	Sac à main	Bagagerie: sacs, valises, cartables	Déclaration de Perte
2194	2014-05-12T14:53:40+00:00	Angers Saint-Laud	0087484006	Téléphone portable	Appareils électroniques, informatiques, appareils photo	Déclaration de Perte
2195	2014-05-15T13:48:15+00:00	Angers Saint-Laud	0087484006	Téléphone portable	Appareils électroniques, informatiques, appareils photo	Déclaration de Perte
2196	2014-05-15T13:52:18+00:00	Angers Saint-Laud	0087484006	Porte-monnaie, portefeuille	Porte-monnaie / portefeuille, argent, titres	Déclaration de Perte
2197	2017-02-14T16:52:51+00:00	Angers Saint-Laud	0087484006	Sac d'enseigne (plastique, papier, …)	Bagagerie: sacs, valises, cartables	Déclaration de Perte
2198	2017-03-08T13:14:08+00:00	Angers Saint-Laud	0087484006	Ordinateur, ordinateur portable, notebook	Appareils électroniques, informatiques, appareils photo	Déclaration de Perte
2199	2014-04-02T09:53:59+00:00	Angers Saint-Laud	0087484006	Appareils audio portables (lecteur de CD, baladeur MP3, iPod, etc. )	Appareils électroniques, informatiques, appareils photo	Déclaration de Perte
2200	2014-03-06T08:53:55+00:00	Angers Saint-Laud	0087484006	Carte de crédit	Porte-monnaie / portefeuille, argent, titres	Déclaration de Perte
2201	2014-08-05T08:27:04+00:00	Angers Saint-Laud	0087484006	Sac de voyage, sac de sport, sac à bandoulière	Bagagerie: sacs, valises, cartables	Déclaration de Perte
2202	2017-03-19T11:31:19+00:00	Angers Saint-Laud	0087484006	Ordinateur, ordinateur portable, notebook	Appareils électroniques, informatiques, appareils photo	Déclaration de Perte
2203	2014-05-26T13:02:59+00:00	Angers Saint-Laud	0087484006	Sac à main	Bagagerie: sacs, valises, cartables	Déclaration de Perte
2204	2017-03-20T10:50:26+00:00	Angers Saint-Laud	0087484006	Sac à dos	Bagagerie: sacs, valises, cartables	Déclaration de Perte
2205	2016-11-14T09:05:29+00:00	Angers Saint-Laud	0087484006	Manteau, veste, blazer, parka, blouson, cape	Vêtements, chaussures	Déclaration de Perte
2206	2016-11-16T14:43:43+00:00	Angers Saint-Laud	0087484006	Sac à dos	Bagagerie: sacs, valises, cartables	Déclaration de Perte
2207	2015-09-28T08:33:09+00:00	Angers Saint-Laud	0087484006	Livre de poche	Livres, articles de papéterie	Déclaration de Perte
2208	2024-05-22T07:21:04+00:00	Angers Saint-Laud	0087484006	Sac à dos	Bagagerie: sacs, valises, cartables	Déclaration de Perte
2209	2017-02-20T13:45:05+00:00	Angers Saint-Laud	0087484006	Autres articles médicaux	Articles médicaux	Déclaration de Perte
2210	2014-09-10T11:37:18+00:00	Angers Saint-Laud	0087484006	Lunettes en étui	Optique	Déclaration de Perte
2211	2024-06-21T07:46:40+00:00	Angers Saint-Laud	0087484006	Sac à dos	Bagagerie: sacs, valises, cartables	Déclaration de Perte
2212	2024-06-06T11:35:39+00:00	Angers Saint-Laud	0087484006	Autres articles de papeterie	Livres, articles de papéterie	Déclaration de Perte
2213	2017-09-20T07:28:05+00:00	Angers Saint-Laud	0087484006	Autre pièce ou papier personnel	Pièces d'identités et papiers personnels	Déclaration de Perte
2214	2024-06-11T18:36:46+00:00	Angers Saint-Laud	0087484006	Sac à dos	Bagagerie: sacs, valises, cartables	Déclaration de Perte
2215	2016-12-21T09:57:01+00:00	Angers Saint-Laud	0087484006	Sac à dos	Bagagerie: sacs, valises, cartables	Déclaration de Perte
2216	2018-10-19T07:29:06+00:00	Angers Saint-Laud	0087484006	Téléphone portable	Appareils électroniques, informatiques, appareils photo	Déclaration de Perte
2217	2017-11-13T09:11:23+00:00	Angers Saint-Laud	0087484006	Porte-monnaie, portefeuille	Porte-monnaie / portefeuille, argent, titres	Déclaration de Perte
2218	2024-05-02T08:22:09+00:00	Angers Saint-Laud	0087484006	Sac de voyage, sac de sport, sac à bandoulière	Bagagerie: sacs, valises, cartables	Déclaration de Perte
2219	2024-05-03T10:52:29+00:00	Angers Saint-Laud	0087484006	Valise, sac sur roulettes	Bagagerie: sacs, valises, cartables	Déclaration de Perte
2220	2024-05-03T19:49:08+00:00	Angers Saint-Laud	0087484006	Sac de voyage, sac de sport, sac à bandoulière	Bagagerie: sacs, valises, cartables	Déclaration de Perte
2221	2024-05-07T14:40:26+00:00	Angers Saint-Laud	0087484006	Valise, sac sur roulettes	Bagagerie: sacs, valises, cartables	Déclaration de Perte
2222	2024-05-09T20:38:34+00:00	Angers Saint-Laud	0087484006	Sac à dos	Bagagerie: sacs, valises, cartables	Déclaration de Perte
2223	2016-10-20T18:34:13+00:00	Angers Saint-Laud	0087484006	Sac à dos	Bagagerie: sacs, valises, cartables	Déclaration de Perte
2224	2019-04-02T07:04:49+00:00	Angers Saint-Laud	0087484006	Téléphone portable	Appareils électroniques, informatiques, appareils photo	Déclaration de Perte
2225	2017-10-04T10:36:14+00:00	Angers Saint-Laud	0087484006	Carte d'identité, passeport, permis de conduire	Pièces d'identités et papiers personnels	Déclaration de Perte
2226	2017-10-04T10:49:11+00:00	Angers Saint-Laud	0087484006	Carte d'abonnement	Pièces d'identités et papiers personnels	Déclaration de Perte
2227	2019-10-24T06:52:39+00:00	Angers Saint-Laud	0087484006	Téléphone portable	Appareils électroniques, informatiques, appareils photo	Déclaration de Perte
2228	2019-11-02T20:41:59+00:00	Angers Saint-Laud	0087484006	Porte-monnaie, portefeuille	Porte-monnaie / portefeuille, argent, titres	Déclaration de Perte
2229	2017-06-02T09:16:08+00:00	Angers Saint-Laud	0087484006	Téléphone portable	Appareils électroniques, informatiques, appareils photo	Déclaration de Perte
2230	2019-07-24T10:48:25+00:00	Angers Saint-Laud	0087484006	Lunettes	Optique	Déclaration de Perte
2231	2017-06-12T07:14:40+00:00	Angers Saint-Laud	0087484006	Téléphone portable	Appareils électroniques, informatiques, appareils photo	Déclaration de Perte
2232	2019-08-05T11:21:46+00:00	Angers Saint-Laud	0087484006	Lunettes	Optique	Déclaration de Perte
2233	2016-11-07T07:26:07+00:00	Angers Saint-Laud	0087484006	Sac à dos	Bagagerie: sacs, valises, cartables	Déclaration de Perte
2234	2016-10-06T17:26:43+00:00	Angers Saint-Laud	0087484006	Valise, sac sur roulettes	Bagagerie: sacs, valises, cartables	Déclaration de Perte
2235	2016-10-09T13:45:14+00:00	Angers Saint-Laud	0087484006	Porte-monnaie, portefeuille	Porte-monnaie / portefeuille, argent, titres	Déclaration de Perte
2236	2016-10-10T07:40:32+00:00	Angers Saint-Laud	0087484006	Sac de voyage, sac de sport, sac à bandoulière	Bagagerie: sacs, valises, cartables	Déclaration de Perte
2237	2024-06-23T07:58:02+00:00	Angers Saint-Laud	0087484006	Sac à main	Bagagerie: sacs, valises, cartables	Déclaration de Perte
2238	2024-06-26T19:19:12+00:00	Angers Saint-Laud	0087484006	AirPod, casque audio, écouteurs	Appareils électroniques, informatiques, appareils photo	Déclaration de Perte
2239	2017-06-24T09:48:10+00:00	Angers Saint-Laud	0087484006	Sac à main	Bagagerie: sacs, valises, cartables	Déclaration de Perte
2240	2024-05-24T08:58:00+00:00	Angers Saint-Laud	0087484006	Valise, sac sur roulettes	Bagagerie: sacs, valises, cartables	Déclaration de Perte
2241	2015-02-26T13:58:43+00:00	Angers Saint-Laud	0087484006	Téléphone portable	Appareils électroniques, informatiques, appareils photo	Déclaration de Perte
2242	2024-05-27T16:29:13+00:00	Angers Saint-Laud	0087484006	Sac à dos	Bagagerie: sacs, valises, cartables	Déclaration de Perte
2243	2024-05-27T20:11:04+00:00	Angers Saint-Laud	0087484006	Valise, sac sur roulettes	Bagagerie: sacs, valises, cartables	Déclaration de Perte
2244	2017-04-19T17:40:29+00:00	Angers Saint-Laud	0087484006	Carte d'identité, passeport, permis de conduire	Pièces d'identités et papiers personnels	Déclaration de Perte
2245	2024-05-29T05:37:31+00:00	Angers Saint-Laud	0087484006	Porte-monnaie, portefeuille	Porte-monnaie / portefeuille, argent, titres	Déclaration de Perte
2246	2024-05-31T17:58:59+00:00	Angers Saint-Laud	0087484006	Valise, sac sur roulettes	Bagagerie: sacs, valises, cartables	Déclaration de Perte
2247	2017-04-25T08:39:10+00:00	Angers Saint-Laud	0087484006	Téléphone portable	Appareils électroniques, informatiques, appareils photo	Déclaration de Perte
2248	2024-06-04T07:22:25+00:00	Angers Saint-Laud	0087484006	Sac à main	Bagagerie: sacs, valises, cartables	Déclaration de Perte
2249	2024-06-04T14:29:24+00:00	Angers Saint-Laud	0087484006	Bonnet, chapeau	Vêtements, chaussures	Déclaration de Perte
2250	2024-04-03T11:40:58+00:00	Angers Saint-Laud	0087484006	Sac à main	Bagagerie: sacs, valises, cartables	Déclaration de Perte
2251	2024-06-04T16:39:16+00:00	Angers Saint-Laud	0087484006	Sac à main	Bagagerie: sacs, valises, cartables	Déclaration de Perte
2252	2024-04-03T16:54:11+00:00	Angers Saint-Laud	0087484006	Sacoche pour ordinateur, photo, vidéo	Bagagerie: sacs, valises, cartables	Déclaration de Perte
2253	2024-04-04T10:42:08+00:00	Angers Saint-Laud	0087484006	Carte de crédit	Porte-monnaie / portefeuille, argent, titres	Déclaration de Perte
2254	2024-06-07T18:07:12+00:00	Angers Saint-Laud	0087484006	Téléphone portable protégé (étui, coque,…)	Appareils électroniques, informatiques, appareils photo	Déclaration de Perte
2255	2024-06-07T20:44:27+00:00	Angers Saint-Laud	0087484006	Valise, sac sur roulettes	Bagagerie: sacs, valises, cartables	Déclaration de Perte
2256	2018-02-21T09:36:08+00:00	Angers Saint-Laud	0087484006	Sacoche ventrale, banane	Bagagerie: sacs, valises, cartables	Déclaration de Perte
2257	2024-06-08T19:20:40+00:00	Angers Saint-Laud	0087484006	Clé de voiture	Clés, porte-clés, badge magnétique	Déclaration de Perte
2258	2019-03-06T18:59:11+00:00	Angers Saint-Laud	0087484006	Casque (vélo, moto)	Vélos, trottinettes, accessoires 2 roues	Déclaration de Perte
2259	2024-04-11T10:25:13+00:00	Angers Saint-Laud	0087484006	Manteau, veste, blazer, parka, blouson, cape	Vêtements, chaussures	Déclaration de Perte
2260	2024-06-14T10:35:07+00:00	Angers Saint-Laud	0087484006	Valise, sac sur roulettes	Bagagerie: sacs, valises, cartables	Déclaration de Perte
2261	2019-03-15T14:02:26+00:00	Angers Saint-Laud	0087484006	Sac d'enseigne (plastique, papier, …)	Bagagerie: sacs, valises, cartables	Déclaration de Perte
2262	2024-07-04T13:50:59+00:00	Angers Saint-Laud	0087484006	Valise, sac sur roulettes	Bagagerie: sacs, valises, cartables	Déclaration de Perte
2263	2024-04-16T15:38:19+00:00	Angers Saint-Laud	0087484006	Foulard, écharpe	Vêtements, chaussures	Déclaration de Perte
2264	2024-04-16T17:31:05+00:00	Angers Saint-Laud	0087484006	Parapluie télescopique, parapluie de poche	Parapluies	Déclaration de Perte
2265	2024-07-08T09:37:40+00:00	Angers Saint-Laud	0087484006	Trottinette	Vélos, trottinettes, accessoires 2 roues	Déclaration de Perte
2266	2024-07-09T08:27:21+00:00	Angers Saint-Laud	0087484006	Sac de voyage, sac de sport, sac à bandoulière	Bagagerie: sacs, valises, cartables	Déclaration de Perte
2267	2019-08-12T12:26:22+00:00	Angers Saint-Laud	0087484006	Sac de voyage, sac de sport, sac à bandoulière	Bagagerie: sacs, valises, cartables	Déclaration de Perte
2268	2015-04-14T09:12:10+00:00	Angers Saint-Laud	0087484006	Ordinateur, ordinateur portable, notebook	Appareils électroniques, informatiques, appareils photo	Déclaration de Perte
2269	2015-09-18T11:48:44+00:00	Angers Saint-Laud	0087484006	Sac d'enseigne (plastique, papier, …)	Bagagerie: sacs, valises, cartables	Déclaration de Perte
2270	2017-07-12T13:00:02+00:00	Angers Saint-Laud	0087484006	Lunettes	Optique	Déclaration de Perte
2271	2015-07-30T11:19:38+00:00	Angers Saint-Laud	0087484006	Porte-monnaie, portefeuille	Porte-monnaie / portefeuille, argent, titres	Déclaration de Perte
2272	2018-07-16T07:25:59+00:00	Angers Saint-Laud	0087484006	Autre bagagerie	Bagagerie: sacs, valises, cartables	Déclaration de Perte
2273	2015-07-31T16:36:22+00:00	Angers Saint-Laud	0087484006	Téléphone portable	Appareils électroniques, informatiques, appareils photo	Déclaration de Perte
2274	2015-07-31T17:33:56+00:00	Angers Saint-Laud	0087484006	Sac à dos	Bagagerie: sacs, valises, cartables	Déclaration de Perte
2275	2015-03-17T10:40:56+00:00	Angers Saint-Laud	0087484006	Téléphone portable	Appareils électroniques, informatiques, appareils photo	Déclaration de Perte
2276	2018-07-24T09:16:48+00:00	Angers Saint-Laud	0087484006	Autre optique	Optique	Déclaration de Perte
2277	2018-07-24T12:38:21+00:00	Angers Saint-Laud	0087484006	Téléphone portable	Appareils électroniques, informatiques, appareils photo	Déclaration de Perte
2278	2015-09-21T07:19:48+00:00	Angers Saint-Laud	0087484006	Sacoche ventrale, banane	Bagagerie: sacs, valises, cartables	Déclaration de Perte
2279	2015-03-23T10:48:47+00:00	Angers Saint-Laud	0087484006	Sac à main	Bagagerie: sacs, valises, cartables	Déclaration de Perte
2280	2015-04-07T13:42:26+00:00	Angers Saint-Laud	0087484006	Trottinette	Vélos, trottinettes, accessoires 2 roues	Déclaration de Perte
2281	2018-07-30T12:13:05+00:00	Angers Saint-Laud	0087484006	Téléphone portable	Appareils électroniques, informatiques, appareils photo	Déclaration de Perte
2282	2018-07-30T14:49:58+00:00	Angers Saint-Laud	0087484006	Sac d'enseigne (plastique, papier, …)	Bagagerie: sacs, valises, cartables	Déclaration de Perte
2283	2018-08-03T10:28:37+00:00	Angers Saint-Laud	0087484006	Valise, sac sur roulettes	Bagagerie: sacs, valises, cartables	Déclaration de Perte
2284	2019-02-13T16:47:04+00:00	Angers Saint-Laud	0087484006	Lunettes	Optique	Déclaration de Perte
2285	2014-07-23T12:51:32+00:00	Angers Saint-Laud	0087484006	Autre bagagerie	Bagagerie: sacs, valises, cartables	Déclaration de Perte
2286	2015-09-02T09:11:15+00:00	Angers Saint-Laud	0087484006	Valise, sac sur roulettes	Bagagerie: sacs, valises, cartables	Déclaration de Perte
2287	2015-09-02T13:20:48+00:00	Angers Saint-Laud	0087484006	Porte-monnaie, portefeuille	Porte-monnaie / portefeuille, argent, titres	Déclaration de Perte
2288	2015-01-29T08:26:18+00:00	Angers Saint-Laud	0087484006	Téléphone portable	Appareils électroniques, informatiques, appareils photo	Déclaration de Perte
2289	2018-08-14T07:50:50+00:00	Angers Saint-Laud	0087484006	Ordinateur, ordinateur portable, notebook	Appareils électroniques, informatiques, appareils photo	Déclaration de Perte
2290	2015-10-28T09:46:39+00:00	Angers Saint-Laud	0087484006	Téléphone portable protégé (étui, coque,…)	Appareils électroniques, informatiques, appareils photo	Déclaration de Perte
2291	2018-08-14T12:12:47+00:00	Angers Saint-Laud	0087484006	Lunettes en étui	Optique	Déclaration de Perte
2292	2019-04-23T08:31:31+00:00	Angers Saint-Laud	0087484006	Autre pièce ou papier personnel	Pièces d'identités et papiers personnels	Déclaration de Perte
2293	2015-08-27T07:58:18+00:00	Angers Saint-Laud	0087484006	Doudou, peluche	Articles d'enfants, de puériculture	Déclaration de Perte
2294	2015-08-27T08:40:59+00:00	Angers Saint-Laud	0087484006	Téléphone portable protégé (étui, coque,…)	Appareils électroniques, informatiques, appareils photo	Déclaration de Perte
2295	2019-04-30T09:10:28+00:00	Angers Saint-Laud	0087484006	Téléphone portable	Appareils électroniques, informatiques, appareils photo	Déclaration de Perte
2296	2019-05-04T10:44:25+00:00	Angers Saint-Laud	0087484006	Sac à dos	Bagagerie: sacs, valises, cartables	Déclaration de Perte
2297	2015-04-30T12:33:31+00:00	Angers Saint-Laud	0087484006	Sac à main	Bagagerie: sacs, valises, cartables	Déclaration de Perte
2298	2018-04-09T06:22:10+00:00	Angers Saint-Laud	0087484006	Porte-monnaie, portefeuille	Porte-monnaie / portefeuille, argent, titres	Déclaration de Perte
2299	2015-04-10T12:11:00+00:00	Angers Saint-Laud	0087484006	Porte-monnaie, portefeuille	Porte-monnaie / portefeuille, argent, titres	Déclaration de Perte
2300	2015-05-11T07:38:09+00:00	Angers Saint-Laud	0087484006	Carte d'identité, passeport, permis de conduire	Pièces d'identités et papiers personnels	Déclaration de Perte
2301	2015-05-11T11:03:27+00:00	Angers Saint-Laud	0087484006	Autre pièce ou papier personnel	Pièces d'identités et papiers personnels	Déclaration de Perte
2302	2018-04-16T10:52:08+00:00	Angers Saint-Laud	0087484006	Sac à main	Bagagerie: sacs, valises, cartables	Déclaration de Perte
2303	2014-08-01T13:50:36+00:00	Angers Saint-Laud	0087484006	Ordinateur, ordinateur portable, notebook	Appareils électroniques, informatiques, appareils photo	Déclaration de Perte
2304	2015-04-16T11:55:50+00:00	Angers Saint-Laud	0087484006	Badge magnétique	Clés, porte-clés, badge magnétique	Déclaration de Perte
2305	2018-04-22T21:40:35+00:00	Angers Saint-Laud	0087484006	Autre pièce ou papier personnel	Pièces d'identités et papiers personnels	Déclaration de Perte
2306	2018-04-23T06:41:30+00:00	Angers Saint-Laud	0087484006	Valise, sac sur roulettes	Bagagerie: sacs, valises, cartables	Déclaration de Perte
2307	2015-02-25T15:09:23+00:00	Angers Saint-Laud	0087484006	Téléphone portable	Appareils électroniques, informatiques, appareils photo	Déclaration de Perte
2308	2018-04-25T10:06:16+00:00	Angers Saint-Laud	0087484006	Porte-monnaie, portefeuille	Porte-monnaie / portefeuille, argent, titres	Déclaration de Perte
2309	2015-02-27T12:23:07+00:00	Angers Saint-Laud	0087484006	Sac de voyage, sac de sport, sac à bandoulière	Bagagerie: sacs, valises, cartables	Déclaration de Perte
2310	2015-04-21T13:51:03+00:00	Angers Saint-Laud	0087484006	Sac à dos	Bagagerie: sacs, valises, cartables	Déclaration de Perte
2311	2015-03-17T08:36:31+00:00	Angers Saint-Laud	0087484006	Téléphone portable	Appareils électroniques, informatiques, appareils photo	Déclaration de Perte
2312	2015-04-10T09:24:50+00:00	Angers Saint-Laud	0087484006	Sac à dos	Bagagerie: sacs, valises, cartables	Déclaration de Perte
2313	2015-04-14T09:03:37+00:00	Angers Saint-Laud	0087484006	Sac à dos	Bagagerie: sacs, valises, cartables	Déclaration de Perte
2314	2018-03-29T09:10:35+00:00	Angers Saint-Laud	0087484006	Sac de voyage, sac de sport, sac à bandoulière	Bagagerie: sacs, valises, cartables	Déclaration de Perte
2315	2015-07-17T12:35:31+00:00	Angers Saint-Laud	0087484006	Manteau, veste, blazer, parka, blouson, cape	Vêtements, chaussures	Déclaration de Perte
2316	2018-05-30T06:44:08+00:00	Angers Saint-Laud	0087484006	Autres divers	Divers	Déclaration de Perte
2317	2014-03-03T14:28:42+00:00	Angers Saint-Laud	0087484006	Téléphone portable	Appareils électroniques, informatiques, appareils photo	Déclaration de Perte
2318	2014-03-04T12:43:45+00:00	Angers Saint-Laud	0087484006	Sac à dos	Bagagerie: sacs, valises, cartables	Déclaration de Perte
2319	2015-07-02T12:01:51+00:00	Angers Saint-Laud	0087484006	Autres divers	Divers	Déclaration de Perte
2320	2014-01-16T15:12:14+00:00	Angers Saint-Laud	0087484006	Téléphone portable	Appareils électroniques, informatiques, appareils photo	Déclaration de Perte
2321	2014-01-21T09:31:34+00:00	Angers Saint-Laud	0087484006	Cartable, trousse d'écolier, dossier scolaire	Articles d'enfants, de puériculture	Déclaration de Perte
2322	2015-07-06T08:25:04+00:00	Angers Saint-Laud	0087484006	Sac d'enseigne (plastique, papier, …)	Bagagerie: sacs, valises, cartables	Déclaration de Perte
2323	2024-07-06T10:01:03+00:00	Angers Saint-Laud	0087484006	Valise, sac sur roulettes	Bagagerie: sacs, valises, cartables	Déclaration de Perte
2324	2014-02-10T08:47:34+00:00	Angers Saint-Laud	0087484006	Sac à dos	Bagagerie: sacs, valises, cartables	Déclaration de Perte
2325	2014-02-11T14:13:30+00:00	Angers Saint-Laud	0087484006	Sac de voyage, sac de sport, sac à bandoulière	Bagagerie: sacs, valises, cartables	Déclaration de Perte
2326	2016-08-25T09:44:32+00:00	Angers Saint-Laud	0087484006	Sac de voyage, sac de sport, sac à bandoulière	Bagagerie: sacs, valises, cartables	Déclaration de Perte
2327	2015-07-27T09:25:58+00:00	Angers Saint-Laud	0087484006	Téléphone portable	Appareils électroniques, informatiques, appareils photo	Déclaration de Perte
2328	2014-10-03T08:59:22+00:00	Angers Saint-Laud	0087484006	Sac à dos	Bagagerie: sacs, valises, cartables	Déclaration de Perte
2329	2017-08-18T11:59:59+00:00	Angers Saint-Laud	0087484006	Sac à dos	Bagagerie: sacs, valises, cartables	Déclaration de Perte
2330	2014-10-07T08:07:57+00:00	Angers Saint-Laud	0087484006	Sacoche pour ordinateur, photo, vidéo	Bagagerie: sacs, valises, cartables	Déclaration de Perte
2331	2017-08-22T09:38:33+00:00	Angers Saint-Laud	0087484006	Sac de voyage, sac de sport, sac à bandoulière	Bagagerie: sacs, valises, cartables	Déclaration de Perte
2332	2015-03-18T13:29:34+00:00	Angers Saint-Laud	0087484006	Sac à dos	Bagagerie: sacs, valises, cartables	Déclaration de Perte
2333	2015-03-23T13:55:58+00:00	Angers Saint-Laud	0087484006	Sac à dos	Bagagerie: sacs, valises, cartables	Déclaration de Perte
2334	2015-03-30T07:34:07+00:00	Angers Saint-Laud	0087484006	Carte d'abonnement	Pièces d'identités et papiers personnels	Déclaration de Perte
2335	2016-10-20T11:38:33+00:00	Angers Saint-Laud	0087484006	Téléphone portable	Appareils électroniques, informatiques, appareils photo	Déclaration de Perte
2336	2016-10-20T12:09:05+00:00	Angers Saint-Laud	0087484006	Téléphone portable	Appareils électroniques, informatiques, appareils photo	Déclaration de Perte
2337	2017-01-23T08:57:25+00:00	Angers Saint-Laud	0087484006	Sac à dos	Bagagerie: sacs, valises, cartables	Déclaration de Perte
2338	2017-01-09T10:45:02+00:00	Angers Saint-Laud	0087484006	Bonnet, chapeau	Vêtements, chaussures	Déclaration de Perte
2339	2015-04-03T12:05:22+00:00	Angers Saint-Laud	0087484006	Sac à dos	Bagagerie: sacs, valises, cartables	Déclaration de Perte
2340	2017-01-24T09:26:02+00:00	Angers Saint-Laud	0087484006	Sac de voyage, sac de sport, sac à bandoulière	Bagagerie: sacs, valises, cartables	Déclaration de Perte
2341	2015-07-27T07:29:04+00:00	Angers Saint-Laud	0087484006	Autres vêtements	Vêtements, chaussures	Déclaration de Perte
2342	2017-01-26T09:51:58+00:00	Angers Saint-Laud	0087484006	Téléphone portable	Appareils électroniques, informatiques, appareils photo	Déclaration de Perte
2343	2015-05-07T14:10:13+00:00	Angers Saint-Laud	0087484006	Livre scolaire	Livres, articles de papéterie	Déclaration de Perte
2344	2024-04-20T09:29:33+00:00	Angers Saint-Laud	0087484006	Manteau, veste, blazer, parka, blouson, cape	Vêtements, chaussures	Déclaration de Perte
2345	2017-07-19T06:08:18+00:00	Angers Saint-Laud	0087484006	Sac à dos	Bagagerie: sacs, valises, cartables	Déclaration de Perte
2346	2014-04-29T12:51:14+00:00	Angers Saint-Laud	0087484006	Valise, sac sur roulettes	Bagagerie: sacs, valises, cartables	Déclaration de Perte
2347	2017-02-08T10:08:35+00:00	Angers Saint-Laud	0087484006	Attaché-case, serviette	Bagagerie: sacs, valises, cartables	Déclaration de Perte
2348	2013-11-13T08:41:40+00:00	Angers Saint-Laud	0087484006	Doudou, peluche	Articles d'enfants, de puériculture	Déclaration de Perte
2349	2015-04-08T11:45:05+00:00	Angers Saint-Laud	0087484006	Téléphone portable	Appareils électroniques, informatiques, appareils photo	Déclaration de Perte
2350	2015-06-22T07:24:29+00:00	Angers Saint-Laud	0087484006	Livre relié	Livres, articles de papéterie	Déclaration de Perte
2351	2015-04-16T09:50:24+00:00	Angers Saint-Laud	0087484006	Lunettes	Optique	Déclaration de Perte
2352	2015-07-03T13:43:05+00:00	Angers Saint-Laud	0087484006	Sac de voyage, sac de sport, sac à bandoulière	Bagagerie: sacs, valises, cartables	Déclaration de Perte
2353	2013-11-15T13:05:09+00:00	Angers Saint-Laud	0087484006	Carte d'abonnement	Pièces d'identités et papiers personnels	Déclaration de Perte
2354	2014-01-06T10:46:39+00:00	Angers Saint-Laud	0087484006	Ordinateur, ordinateur portable, notebook	Appareils électroniques, informatiques, appareils photo	Déclaration de Perte
2355	2014-01-07T12:13:44+00:00	Angers Saint-Laud	0087484006	Sacoche ventrale, banane	Bagagerie: sacs, valises, cartables	Déclaration de Perte
2356	2014-01-14T09:21:26+00:00	Angers Saint-Laud	0087484006	Appareil photo, caméscope/caméras et accessoires	Appareils électroniques, informatiques, appareils photo	Déclaration de Perte
2357	2017-02-16T13:35:22+00:00	Angers Saint-Laud	0087484006	Sac à dos	Bagagerie: sacs, valises, cartables	Déclaration de Perte
2358	2024-04-19T20:46:18+00:00	Angers Saint-Laud	0087484006	Téléphone portable	Appareils électroniques, informatiques, appareils photo	Déclaration de Perte
2359	2015-06-12T13:59:12+00:00	Angers Saint-Laud	0087484006	Sacoche ventrale, banane	Bagagerie: sacs, valises, cartables	Déclaration de Perte
2360	2024-04-21T11:54:33+00:00	Angers Saint-Laud	0087484006	Sac d'enseigne (plastique, papier, …)	Bagagerie: sacs, valises, cartables	Déclaration de Perte
2361	2016-10-04T17:32:38+00:00	Angers Saint-Laud	0087484006	Sacoche pour ordinateur, photo, vidéo	Bagagerie: sacs, valises, cartables	Déclaration de Perte
2362	2024-03-29T20:31:58+00:00	Angers Saint-Laud	0087484006	Valise, sac sur roulettes	Bagagerie: sacs, valises, cartables	Déclaration de Perte
2363	2016-10-09T16:00:54+00:00	Angers Saint-Laud	0087484006	Chaîne, collier	Bijoux, montres	Déclaration de Perte
2364	2014-10-15T09:57:19+00:00	Angers Saint-Laud	0087484006	Autre bagagerie	Bagagerie: sacs, valises, cartables	Déclaration de Perte
2365	2024-04-08T13:35:15+00:00	Angers Saint-Laud	0087484006	Valise, sac sur roulettes	Bagagerie: sacs, valises, cartables	Déclaration de Perte
2366	2024-04-08T13:44:01+00:00	Angers Saint-Laud	0087484006	Sac d'enseigne (plastique, papier, …)	Bagagerie: sacs, valises, cartables	Déclaration de Perte
2367	2016-10-17T16:12:00+00:00	Angers Saint-Laud	0087484006	Ordinateur, ordinateur portable, notebook	Appareils électroniques, informatiques, appareils photo	Déclaration de Perte
2368	2014-10-24T11:54:22+00:00	Angers Saint-Laud	0087484006	Trottinette	Vélos, trottinettes, accessoires 2 roues	Déclaration de Perte
2369	2014-04-28T13:19:13+00:00	Angers Saint-Laud	0087484006	Porte-monnaie, portefeuille	Porte-monnaie / portefeuille, argent, titres	Déclaration de Perte
2370	2015-03-18T09:31:52+00:00	Angers Saint-Laud	0087484006	Téléphone portable	Appareils électroniques, informatiques, appareils photo	Déclaration de Perte
2371	2016-09-19T19:13:28+00:00	Angers Saint-Laud	0087484006	Carte d'identité, passeport, permis de conduire	Pièces d'identités et papiers personnels	Déclaration de Perte
2372	2015-09-29T12:44:16+00:00	Angers Saint-Laud	0087484006	Clés, porte-clés	Clés, porte-clés, badge magnétique	Déclaration de Perte
2373	2014-03-28T13:56:30+00:00	Angers Saint-Laud	0087484006	Lunettes en étui	Optique	Déclaration de Perte
2374	2014-04-01T09:27:21+00:00	Angers Saint-Laud	0087484006	Téléphone portable	Appareils électroniques, informatiques, appareils photo	Déclaration de Perte
2375	2014-04-03T12:52:30+00:00	Angers Saint-Laud	0087484006	Valise, sac sur roulettes	Bagagerie: sacs, valises, cartables	Déclaration de Perte
2376	2015-03-31T07:41:22+00:00	Angers Saint-Laud	0087484006	Lunettes en étui	Optique	Déclaration de Perte
2377	2015-04-01T07:26:24+00:00	Angers Saint-Laud	0087484006	Autres appareils et accessoires électroniques	Appareils électroniques, informatiques, appareils photo	Déclaration de Perte
2378	2016-10-02T09:02:09+00:00	Angers Saint-Laud	0087484006	Sac à main	Bagagerie: sacs, valises, cartables	Déclaration de Perte
2379	2015-10-09T12:30:23+00:00	Angers Saint-Laud	0087484006	Foulard, écharpe	Vêtements, chaussures	Déclaration de Perte
2380	2014-04-16T13:45:55+00:00	Angers Saint-Laud	0087484006	Sac de voyage, sac de sport, sac à bandoulière	Bagagerie: sacs, valises, cartables	Déclaration de Perte
2381	2014-05-14T12:39:17+00:00	Angers Saint-Laud	0087484006	Carte de crédit	Porte-monnaie / portefeuille, argent, titres	Déclaration de Perte
2382	2014-05-16T12:21:08+00:00	Angers Saint-Laud	0087484006	Autres vêtements	Vêtements, chaussures	Déclaration de Perte
2383	2014-05-19T07:20:33+00:00	Angers Saint-Laud	0087484006	Carte d'identité, passeport, permis de conduire	Pièces d'identités et papiers personnels	Déclaration de Perte
2384	2016-11-15T12:00:12+00:00	Angers Saint-Laud	0087484006	Foulard, écharpe	Vêtements, chaussures	Déclaration de Perte
2385	2016-08-30T19:21:42+00:00	Angers Saint-Laud	0087484006	Sac à dos	Bagagerie: sacs, valises, cartables	Déclaration de Perte
2386	2016-11-17T09:11:03+00:00	Angers Saint-Laud	0087484006	Sac à dos	Bagagerie: sacs, valises, cartables	Déclaration de Perte
2387	2015-08-25T11:55:12+00:00	Angers Saint-Laud	0087484006	Valise, sac sur roulettes	Bagagerie: sacs, valises, cartables	Déclaration de Perte
2388	2015-08-30T20:18:35+00:00	Angers Saint-Laud	0087484006	Sac d'enseigne (plastique, papier, …)	Bagagerie: sacs, valises, cartables	Déclaration de Perte
2389	2015-08-26T11:56:21+00:00	Angers Saint-Laud	0087484006	Sac de voyage, sac de sport, sac à bandoulière	Bagagerie: sacs, valises, cartables	Déclaration de Perte
2390	2014-11-10T13:00:11+00:00	Angers Saint-Laud	0087484006	Manteau, veste, blazer, parka, blouson, cape	Vêtements, chaussures	Déclaration de Perte
2391	2016-11-11T09:53:45+00:00	Angers Saint-Laud	0087484006	Sac à main	Bagagerie: sacs, valises, cartables	Déclaration de Perte
2392	2015-04-28T13:29:23+00:00	Angers Saint-Laud	0087484006	Attaché-case, serviette	Bagagerie: sacs, valises, cartables	Déclaration de Perte
2393	2017-11-16T16:26:25+00:00	Angers Saint-Laud	0087484006	Attaché-case, serviette	Bagagerie: sacs, valises, cartables	Déclaration de Perte
2394	2017-11-19T14:54:18+00:00	Angers Saint-Laud	0087484006	Téléphone portable	Appareils électroniques, informatiques, appareils photo	Déclaration de Perte
2395	2017-11-20T10:39:57+00:00	Angers Saint-Laud	0087484006	Porte-monnaie, portefeuille	Porte-monnaie / portefeuille, argent, titres	Déclaration de Perte
2396	2015-08-19T07:11:38+00:00	Angers Saint-Laud	0087484006	Livre numérique	Appareils électroniques, informatiques, appareils photo	Déclaration de Perte
2397	2015-12-01T09:03:59+00:00	Angers Saint-Laud	0087484006	Valise, sac sur roulettes	Bagagerie: sacs, valises, cartables	Déclaration de Perte
2398	2015-09-04T11:28:52+00:00	Angers Saint-Laud	0087484006	Sacoche ventrale, banane	Bagagerie: sacs, valises, cartables	Déclaration de Perte
2399	2015-05-12T11:36:19+00:00	Angers Saint-Laud	0087484006	Manteau, veste, blazer, parka, blouson, cape	Vêtements, chaussures	Déclaration de Perte
2400	2015-05-12T12:36:09+00:00	Angers Saint-Laud	0087484006	Lunettes en étui	Optique	Déclaration de Perte
2401	2014-05-05T09:35:56+00:00	Angers Saint-Laud	0087484006	Sac à dos	Bagagerie: sacs, valises, cartables	Déclaration de Perte
2402	2014-05-05T11:27:37+00:00	Angers Saint-Laud	0087484006	Téléphone portable	Appareils électroniques, informatiques, appareils photo	Déclaration de Perte
2403	2014-05-16T11:10:03+00:00	Angers Saint-Laud	0087484006	Valise, sac sur roulettes	Bagagerie: sacs, valises, cartables	Déclaration de Perte
2404	2014-05-20T11:21:38+00:00	Angers Saint-Laud	0087484006	Téléphone portable	Appareils électroniques, informatiques, appareils photo	Déclaration de Perte
2405	2015-05-27T11:22:05+00:00	Angers Saint-Laud	0087484006	Porte-monnaie, portefeuille	Porte-monnaie / portefeuille, argent, titres	Déclaration de Perte
2406	2015-05-28T08:39:08+00:00	Angers Saint-Laud	0087484006	Téléphone portable protégé (étui, coque,…)	Appareils électroniques, informatiques, appareils photo	Déclaration de Perte
2407	2015-06-01T09:11:06+00:00	Angers Saint-Laud	0087484006	Sacoche pour ordinateur, photo, vidéo	Bagagerie: sacs, valises, cartables	Déclaration de Perte
2408	2017-11-28T14:02:12+00:00	Angers Saint-Laud	0087484006	Sac de voyage, sac de sport, sac à bandoulière	Bagagerie: sacs, valises, cartables	Déclaration de Perte
2409	2017-11-29T08:32:28+00:00	Angers Saint-Laud	0087484006	Pièce d'identité personnelle et autre	Pièces d'identités et papiers personnels	Déclaration de Perte
2410	2014-10-03T08:29:35+00:00	Angers Saint-Laud	0087484006	Téléphone portable	Appareils électroniques, informatiques, appareils photo	Déclaration de Perte
2411	2015-06-03T11:50:14+00:00	Angers Saint-Laud	0087484006	Valise, sac sur roulettes	Bagagerie: sacs, valises, cartables	Déclaration de Perte
2412	2015-06-16T08:52:16+00:00	Angers Saint-Laud	0087484006	Autre bagagerie	Bagagerie: sacs, valises, cartables	Déclaration de Perte
2413	2014-07-25T09:54:03+00:00	Angers Saint-Laud	0087484006	Sac de voyage, sac de sport, sac à bandoulière	Bagagerie: sacs, valises, cartables	Déclaration de Perte
2414	2017-08-31T06:55:59+00:00	Angers Saint-Laud	0087484006	Carte d'identité, passeport, permis de conduire	Pièces d'identités et papiers personnels	Déclaration de Perte
2415	2017-04-12T11:16:51+00:00	Angers Saint-Laud	0087484006	Manteau, veste, blazer, parka, blouson, cape	Vêtements, chaussures	Déclaration de Perte
2416	2016-05-09T18:23:32+00:00	Angers Saint-Laud	0087484006	Sac à dos	Bagagerie: sacs, valises, cartables	Déclaration de Perte
2417	2016-05-10T13:49:52+00:00	Angers Saint-Laud	0087484006	Carte d'identité, passeport, permis de conduire	Pièces d'identités et papiers personnels	Déclaration de Perte
2418	2015-06-10T10:01:18+00:00	Angers Saint-Laud	0087484006	Sac à dos	Bagagerie: sacs, valises, cartables	Déclaration de Perte
2419	2016-05-13T08:07:52+00:00	Angers Saint-Laud	0087484006	Clés, porte-clés	Clés, porte-clés, badge magnétique	Déclaration de Perte
2420	2015-06-11T07:27:14+00:00	Angers Saint-Laud	0087484006	Valise, sac sur roulettes	Bagagerie: sacs, valises, cartables	Déclaration de Perte
2421	2016-05-14T10:54:11+00:00	Angers Saint-Laud	0087484006	Livre numérique	Appareils électroniques, informatiques, appareils photo	Déclaration de Perte
2422	2015-02-26T14:23:53+00:00	Angers Saint-Laud	0087484006	Montre	Bijoux, montres	Déclaration de Perte
2423	2015-01-23T08:43:45+00:00	Angers Saint-Laud	0087484006	Valise, sac sur roulettes	Bagagerie: sacs, valises, cartables	Déclaration de Perte
2424	2016-01-11T08:47:05+00:00	Angers Saint-Laud	0087484006	Clés, porte-clés	Clés, porte-clés, badge magnétique	Déclaration de Perte
2425	2015-05-21T07:45:32+00:00	Angers Saint-Laud	0087484006	Autres articles de papeterie	Livres, articles de papéterie	Déclaration de Perte
2426	2015-05-22T09:53:48+00:00	Angers Saint-Laud	0087484006	Sac à main	Bagagerie: sacs, valises, cartables	Déclaration de Perte
2427	2017-02-01T14:03:24+00:00	Angers Saint-Laud	0087484006	Sac à dos	Bagagerie: sacs, valises, cartables	Déclaration de Perte
2428	2015-05-22T13:30:10+00:00	Angers Saint-Laud	0087484006	Accessoires 2 roues	Vélos, trottinettes, accessoires 2 roues	Déclaration de Perte
2429	2016-01-18T14:40:25+00:00	Angers Saint-Laud	0087484006	Ordinateur, ordinateur portable, notebook protégé (étui, housse,…)	Appareils électroniques, informatiques, appareils photo	Déclaration de Perte
2430	2024-07-09T10:31:00+00:00	Angers Saint-Laud	0087484006	Valise, sac sur roulettes	Bagagerie: sacs, valises, cartables	Déclaration de Perte
2431	2017-02-03T11:48:23+00:00	Angers Saint-Laud	0087484006	Sac d'enseigne (plastique, papier, …)	Bagagerie: sacs, valises, cartables	Déclaration de Perte
2432	2017-02-06T13:58:28+00:00	Angers Saint-Laud	0087484006	Valise, sac sur roulettes	Bagagerie: sacs, valises, cartables	Déclaration de Perte
2433	2014-12-03T12:46:22+00:00	Angers Saint-Laud	0087484006	Bonnet, chapeau	Vêtements, chaussures	Déclaration de Perte
2434	2016-12-27T11:03:18+00:00	Angers Saint-Laud	0087484006	Sacoche ventrale, banane	Bagagerie: sacs, valises, cartables	Déclaration de Perte
2435	2016-12-27T16:22:50+00:00	Angers Saint-Laud	0087484006	Autre bagagerie	Bagagerie: sacs, valises, cartables	Déclaration de Perte
2436	2015-06-09T08:04:16+00:00	Angers Saint-Laud	0087484006	Guitare	Instruments de musique	Déclaration de Perte
2437	2015-09-07T08:39:03+00:00	Angers Saint-Laud	0087484006	Sac à main	Bagagerie: sacs, valises, cartables	Déclaration de Perte
2438	2016-09-27T14:32:20+00:00	Angers Saint-Laud	0087484006	Sac de voyage, sac de sport, sac à bandoulière	Bagagerie: sacs, valises, cartables	Déclaration de Perte
2439	2016-09-27T18:41:36+00:00	Angers Saint-Laud	0087484006	Autres divers	Divers	Déclaration de Perte
2440	2014-12-30T11:01:11+00:00	Angers Saint-Laud	0087484006	Appareils audio portables (lecteur de CD, baladeur MP3, iPod, etc. )	Appareils électroniques, informatiques, appareils photo	Déclaration de Perte
2441	2015-01-02T11:10:19+00:00	Angers Saint-Laud	0087484006	Téléphone portable	Appareils électroniques, informatiques, appareils photo	Déclaration de Perte
2442	2015-02-02T15:32:40+00:00	Angers Saint-Laud	0087484006	Lunettes en étui	Optique	Déclaration de Perte
2443	2015-02-03T14:57:49+00:00	Angers Saint-Laud	0087484006	Téléphone portable	Appareils électroniques, informatiques, appareils photo	Déclaration de Perte
2444	2017-10-13T10:34:11+00:00	Angers Saint-Laud	0087484006	Sacoche ventrale, banane	Bagagerie: sacs, valises, cartables	Déclaration de Perte
2445	2015-02-13T09:13:34+00:00	Angers Saint-Laud	0087484006	Porte-monnaie, portefeuille	Porte-monnaie / portefeuille, argent, titres	Déclaration de Perte
2446	2014-12-22T08:42:07+00:00	Angers Saint-Laud	0087484006	Téléphone portable	Appareils électroniques, informatiques, appareils photo	Déclaration de Perte
2447	2014-12-22T13:56:58+00:00	Angers Saint-Laud	0087484006	Porte-monnaie, portefeuille	Porte-monnaie / portefeuille, argent, titres	Déclaration de Perte
2448	2015-11-12T09:36:13+00:00	Angers Saint-Laud	0087484006	Valise, sac sur roulettes	Bagagerie: sacs, valises, cartables	Déclaration de Perte
2449	2014-03-12T13:08:39+00:00	Angers Saint-Laud	0087484006	Porte-monnaie, portefeuille	Porte-monnaie / portefeuille, argent, titres	Déclaration de Perte
2450	2017-11-10T11:28:47+00:00	Angers Saint-Laud	0087484006	Chéquier	Porte-monnaie / portefeuille, argent, titres	Déclaration de Perte
2451	2015-10-15T14:13:30+00:00	Angers Saint-Laud	0087484006	Téléphone portable	Appareils électroniques, informatiques, appareils photo	Déclaration de Perte
2452	2024-03-10T07:28:53+00:00	Angers Saint-Laud	0087484006	Téléphone portable protégé (étui, coque,…)	Appareils électroniques, informatiques, appareils photo	Déclaration de Perte
2453	2015-04-02T09:49:40+00:00	Angers Saint-Laud	0087484006	Attaché-case, serviette	Bagagerie: sacs, valises, cartables	Déclaration de Perte
2454	2017-08-10T12:47:06+00:00	Angers Saint-Laud	0087484006	Autres divers	Divers	Déclaration de Perte
2455	2015-04-03T13:33:07+00:00	Angers Saint-Laud	0087484006	Porte-monnaie, portefeuille	Porte-monnaie / portefeuille, argent, titres	Déclaration de Perte
2456	2017-08-12T17:20:51+00:00	Angers Saint-Laud	0087484006	Sacoche pour ordinateur, photo, vidéo	Bagagerie: sacs, valises, cartables	Déclaration de Perte
2457	2024-03-12T15:13:26+00:00	Angers Saint-Laud	0087484006	Manteau, veste, blazer, parka, blouson, cape	Vêtements, chaussures	Déclaration de Perte
2458	2015-04-07T13:50:40+00:00	Angers Saint-Laud	0087484006	Lunettes	Optique	Déclaration de Perte
2459	2024-03-24T19:18:33+00:00	Angers Saint-Laud	0087484006	Sacoche ventrale, banane	Bagagerie: sacs, valises, cartables	Déclaration de Perte
2460	2024-05-09T13:10:34+00:00	Angers Saint-Laud	0087484006	Sac à dos	Bagagerie: sacs, valises, cartables	Déclaration de Perte
2461	2024-03-25T14:24:10+00:00	Angers Saint-Laud	0087484006	Trottinette	Vélos, trottinettes, accessoires 2 roues	Déclaration de Perte
2462	2024-03-28T22:24:44+00:00	Angers Saint-Laud	0087484006	Valise, sac sur roulettes	Bagagerie: sacs, valises, cartables	Déclaration de Perte
2463	2024-05-27T12:19:51+00:00	Angers Saint-Laud	0087484006	Lunettes	Optique	Déclaration de Perte
2464	2015-08-07T12:08:31+00:00	Angers Saint-Laud	0087484006	Ordinateur, ordinateur portable, notebook protégé (étui, housse,…)	Appareils électroniques, informatiques, appareils photo	Déclaration de Perte
2465	2024-05-29T12:39:13+00:00	Angers Saint-Laud	0087484006	Sac à dos	Bagagerie: sacs, valises, cartables	Déclaration de Perte
2466	2024-05-29T19:05:22+00:00	Angers Saint-Laud	0087484006	Sac à main	Bagagerie: sacs, valises, cartables	Déclaration de Perte
2467	2015-08-11T09:07:26+00:00	Angers Saint-Laud	0087484006	Porte-monnaie, portefeuille	Porte-monnaie / portefeuille, argent, titres	Déclaration de Perte
2468	2014-08-18T12:22:36+00:00	Angers Saint-Laud	0087484006	Téléphone portable	Appareils électroniques, informatiques, appareils photo	Déclaration de Perte
2469	2014-06-10T09:24:06+00:00	Angers Saint-Laud	0087484006	Sac à dos	Bagagerie: sacs, valises, cartables	Déclaration de Perte
2470	2014-08-18T11:26:20+00:00	Angers Saint-Laud	0087484006	Téléphone portable	Appareils électroniques, informatiques, appareils photo	Déclaration de Perte
2471	2017-11-15T10:46:37+00:00	Angers Saint-Laud	0087484006	Téléphone portable protégé (étui, coque,…)	Appareils électroniques, informatiques, appareils photo	Déclaration de Perte
2472	2017-11-20T10:19:40+00:00	Angers Saint-Laud	0087484006	Porte-monnaie, portefeuille	Porte-monnaie / portefeuille, argent, titres	Déclaration de Perte
2473	2024-06-10T06:51:37+00:00	Angers Saint-Laud	0087484006	Carte d'identité, passeport, permis de conduire	Pièces d'identités et papiers personnels	Déclaration de Perte
2474	2017-11-21T09:46:33+00:00	Angers Saint-Laud	0087484006	Carte d'identité, passeport, permis de conduire	Pièces d'identités et papiers personnels	Déclaration de Perte
2475	2024-06-12T13:37:47+00:00	Angers Saint-Laud	0087484006	Sac à dos	Bagagerie: sacs, valises, cartables	Déclaration de Perte
2476	2024-06-17T09:12:29+00:00	Angers Saint-Laud	0087484006	Téléphone portable	Appareils électroniques, informatiques, appareils photo	Déclaration de Perte
2477	2024-06-23T16:38:19+00:00	Angers Saint-Laud	0087484006	Lunettes	Optique	Déclaration de Perte
2478	2014-08-07T11:51:28+00:00	Angers Saint-Laud	0087484006	Vélo	Vélos, trottinettes, accessoires 2 roues	Déclaration de Perte
2479	2024-05-15T06:31:38+00:00	Angers Saint-Laud	0087484006	Téléphone portable protégé (étui, coque,…)	Appareils électroniques, informatiques, appareils photo	Déclaration de Perte
2480	2014-07-09T11:01:06+00:00	Angers Saint-Laud	0087484006	Manteau, veste, blazer, parka, blouson, cape	Vêtements, chaussures	Déclaration de Perte
2481	2017-05-20T14:41:21+00:00	Angers Saint-Laud	0087484006	Sac à dos	Bagagerie: sacs, valises, cartables	Déclaration de Perte
2482	2024-05-16T06:17:42+00:00	Angers Saint-Laud	0087484006	Valise, sac sur roulettes	Bagagerie: sacs, valises, cartables	Déclaration de Perte
2483	2024-05-17T11:08:43+00:00	Angers Saint-Laud	0087484006	Sac à dos	Bagagerie: sacs, valises, cartables	Déclaration de Perte
2484	2024-05-21T10:55:13+00:00	Angers Saint-Laud	0087484006	Sac à dos	Bagagerie: sacs, valises, cartables	Déclaration de Perte
2485	2014-11-10T10:38:31+00:00	Angers Saint-Laud	0087484006	Sac de voyage, sac de sport, sac à bandoulière	Bagagerie: sacs, valises, cartables	Déclaration de Perte
2486	2014-11-10T12:39:12+00:00	Angers Saint-Laud	0087484006	Manteau, veste, blazer, parka, blouson, cape	Vêtements, chaussures	Déclaration de Perte
2487	2018-11-26T07:45:06+00:00	Angers Saint-Laud	0087484006	Attaché-case, serviette	Bagagerie: sacs, valises, cartables	Déclaration de Perte
2488	2018-11-26T11:52:14+00:00	Angers Saint-Laud	0087484006	Carte de crédit	Porte-monnaie / portefeuille, argent, titres	Déclaration de Perte
2489	2018-11-27T13:33:33+00:00	Angers Saint-Laud	0087484006	Sac de voyage, sac de sport, sac à bandoulière	Bagagerie: sacs, valises, cartables	Déclaration de Perte
2490	2016-01-04T14:50:27+00:00	Angers Saint-Laud	0087484006	Cartable, trousse d'écolier, dossier scolaire	Articles d'enfants, de puériculture	Déclaration de Perte
2491	2017-10-08T08:59:43+00:00	Angers Saint-Laud	0087484006	Sac d'enseigne (plastique, papier, …)	Bagagerie: sacs, valises, cartables	Déclaration de Perte
2492	2018-10-17T07:44:12+00:00	Angers Saint-Laud	0087484006	Sac de voyage, sac de sport, sac à bandoulière	Bagagerie: sacs, valises, cartables	Déclaration de Perte
2493	2016-06-09T08:37:00+00:00	Angers Saint-Laud	0087484006	Téléphone portable	Appareils électroniques, informatiques, appareils photo	Déclaration de Perte
2494	2019-10-28T11:56:33+00:00	Angers Saint-Laud	0087484006	Carte de crédit	Porte-monnaie / portefeuille, argent, titres	Déclaration de Perte
2495	2024-05-10T19:41:54+00:00	Angers Saint-Laud	0087484006	Porte-monnaie, portefeuille	Porte-monnaie / portefeuille, argent, titres	Déclaration de Perte
2496	2019-10-31T14:29:44+00:00	Angers Saint-Laud	0087484006	Sac à dos	Bagagerie: sacs, valises, cartables	Déclaration de Perte
2497	2019-09-27T09:54:25+00:00	Angers Saint-Laud	0087484006	Téléphone portable	Appareils électroniques, informatiques, appareils photo	Déclaration de Perte
2498	2016-06-22T15:55:36+00:00	Angers Saint-Laud	0087484006	Téléphone portable	Appareils électroniques, informatiques, appareils photo	Déclaration de Perte
2499	2016-06-23T09:18:31+00:00	Angers Saint-Laud	0087484006	Sac de voyage, sac de sport, sac à bandoulière	Bagagerie: sacs, valises, cartables	Déclaration de Perte
2500	2016-07-21T05:46:36+00:00	Angers Saint-Laud	0087484006	Téléphone portable	Appareils électroniques, informatiques, appareils photo	Déclaration de Perte
2501	2018-09-17T10:38:39+00:00	Angers Saint-Laud	0087484006	Téléphone portable	Appareils électroniques, informatiques, appareils photo	Déclaration de Perte
2502	2018-09-17T11:06:45+00:00	Angers Saint-Laud	0087484006	Sac à main	Bagagerie: sacs, valises, cartables	Déclaration de Perte
2503	2018-12-11T11:50:04+00:00	Angers Saint-Laud	0087484006	Sac de voyage, sac de sport, sac à bandoulière	Bagagerie: sacs, valises, cartables	Déclaration de Perte
2504	2018-12-11T13:32:41+00:00	Angers Saint-Laud	0087484006	Sac à dos	Bagagerie: sacs, valises, cartables	Déclaration de Perte
2505	2017-05-29T09:21:04+00:00	Angers Saint-Laud	0087484006	Sac à main	Bagagerie: sacs, valises, cartables	Déclaration de Perte
2506	2017-05-29T09:47:00+00:00	Angers Saint-Laud	0087484006	Autre bagagerie	Bagagerie: sacs, valises, cartables	Déclaration de Perte
2507	2017-05-29T10:27:32+00:00	Angers Saint-Laud	0087484006	Pull over, gilet	Vêtements, chaussures	Déclaration de Perte
2508	2018-12-17T14:10:24+00:00	Angers Saint-Laud	0087484006	Sac à dos	Bagagerie: sacs, valises, cartables	Déclaration de Perte
2509	2019-01-29T16:10:00+00:00	Angers Saint-Laud	0087484006	Autre optique	Optique	Déclaration de Perte
2510	2019-02-01T13:44:48+00:00	Angers Saint-Laud	0087484006	Sac de voyage, sac de sport, sac à bandoulière	Bagagerie: sacs, valises, cartables	Déclaration de Perte
2511	2018-10-08T08:47:29+00:00	Angers Saint-Laud	0087484006	Sac à dos	Bagagerie: sacs, valises, cartables	Déclaration de Perte
2512	2018-10-10T08:03:21+00:00	Angers Saint-Laud	0087484006	Sac à dos	Bagagerie: sacs, valises, cartables	Déclaration de Perte
2513	2019-10-24T08:55:10+00:00	Angers Saint-Laud	0087484006	Tablette tactile protégée (étui, housse)	Appareils électroniques, informatiques, appareils photo	Déclaration de Perte
2514	2019-10-24T10:09:17+00:00	Angers Saint-Laud	0087484006	Porte-monnaie, portefeuille	Porte-monnaie / portefeuille, argent, titres	Déclaration de Perte
2515	2017-08-29T07:42:12+00:00	Angers Saint-Laud	0087484006	Porte-monnaie, portefeuille	Porte-monnaie / portefeuille, argent, titres	Déclaration de Perte
2516	2017-08-31T09:05:59+00:00	Angers Saint-Laud	0087484006	Sac à dos	Bagagerie: sacs, valises, cartables	Déclaration de Perte
2517	2017-03-30T10:02:59+00:00	Angers Saint-Laud	0087484006	Téléphone portable	Appareils électroniques, informatiques, appareils photo	Déclaration de Perte
2518	2016-02-12T13:17:10+00:00	Angers Saint-Laud	0087484006	Autres divers	Divers	Déclaration de Perte
2519	2024-07-08T08:21:06+00:00	Angers Saint-Laud	0087484006	Téléphone portable protégé (étui, coque,…)	Appareils électroniques, informatiques, appareils photo	Déclaration de Perte
2520	2016-02-18T14:57:50+00:00	Angers Saint-Laud	0087484006	Bonnet, chapeau	Vêtements, chaussures	Déclaration de Perte
2521	2015-09-09T10:23:00+00:00	Angers Saint-Laud	0087484006	Téléphone portable protégé (étui, coque,…)	Appareils électroniques, informatiques, appareils photo	Déclaration de Perte
2522	2015-10-19T12:47:49+00:00	Angers Saint-Laud	0087484006	Cartable, trousse d'écolier, dossier scolaire	Articles d'enfants, de puériculture	Déclaration de Perte
2523	2017-02-06T14:40:31+00:00	Angers Saint-Laud	0087484006	Pièce d'identité personnelle et autre	Pièces d'identités et papiers personnels	Déclaration de Perte
2524	2015-10-20T08:02:24+00:00	Angers Saint-Laud	0087484006	Lunettes	Optique	Déclaration de Perte
2525	2021-09-28T19:05:29+00:00	Angers Saint-Laud	0087484006	Porte-monnaie, portefeuille	Porte-monnaie / portefeuille, argent, titres	Déclaration de Perte
2526	2021-10-01T19:07:25+00:00	Angers Saint-Laud	0087484006	Manteau, veste, blazer, parka, blouson, cape	Vêtements, chaussures	Déclaration de Perte
2527	2017-02-11T09:29:39+00:00	Angers Saint-Laud	0087484006	Téléphone portable	Appareils électroniques, informatiques, appareils photo	Déclaration de Perte
2528	2021-10-05T06:57:21+00:00	Angers Saint-Laud	0087484006	Manteau, veste, blazer, parka, blouson, cape	Vêtements, chaussures	Déclaration de Perte
2529	2017-02-13T13:35:27+00:00	Angers Saint-Laud	0087484006	Téléphone portable	Appareils électroniques, informatiques, appareils photo	Déclaration de Perte
2530	2015-10-30T13:56:56+00:00	Angers Saint-Laud	0087484006	Bonnet, chapeau	Vêtements, chaussures	Déclaration de Perte
2531	2022-01-02T21:34:47+00:00	Angers Saint-Laud	0087484006	AirPod, casque audio, écouteurs	Appareils électroniques, informatiques, appareils photo	Déclaration de Perte
2532	2022-01-03T10:15:33+00:00	Angers Saint-Laud	0087484006	Sac à main	Bagagerie: sacs, valises, cartables	Déclaration de Perte
2533	2014-05-28T09:33:10+00:00	Angers Saint-Laud	0087484006	Autre livre	Livres, articles de papéterie	Déclaration de Perte
2534	2014-06-02T09:58:52+00:00	Angers Saint-Laud	0087484006	Téléphone portable	Appareils électroniques, informatiques, appareils photo	Déclaration de Perte
2535	2021-12-13T11:00:48+00:00	Angers Saint-Laud	0087484006	Sac d'enseigne (plastique, papier, …)	Bagagerie: sacs, valises, cartables	Déclaration de Perte
2536	2013-11-15T10:05:40+00:00	Angers Saint-Laud	0087484006	Porte-monnaie, portefeuille	Porte-monnaie / portefeuille, argent, titres	Déclaration de Perte
2537	2013-11-18T15:35:06+00:00	Angers Saint-Laud	0087484006	Autre bagagerie	Bagagerie: sacs, valises, cartables	Déclaration de Perte
2538	2024-04-19T17:56:23+00:00	Angers Saint-Laud	0087484006	Téléphone portable	Appareils électroniques, informatiques, appareils photo	Déclaration de Perte
2539	2024-04-21T07:40:55+00:00	Angers Saint-Laud	0087484006	Porte-monnaie, portefeuille	Porte-monnaie / portefeuille, argent, titres	Déclaration de Perte
2540	2016-04-28T16:21:01+00:00	Angers Saint-Laud	0087484006	Chéquier	Porte-monnaie / portefeuille, argent, titres	Déclaration de Perte
2541	2024-03-31T20:48:53+00:00	Angers Saint-Laud	0087484006	Manteau, veste, blazer, parka, blouson, cape	Vêtements, chaussures	Déclaration de Perte
2542	2016-05-06T11:46:06+00:00	Angers Saint-Laud	0087484006	Nécessaire, mallette de toilette, sac de maquillage	Bagagerie: sacs, valises, cartables	Déclaration de Perte
2543	2015-09-29T09:20:31+00:00	Angers Saint-Laud	0087484006	Carte d'abonnement	Pièces d'identités et papiers personnels	Déclaration de Perte
2544	2024-04-17T19:26:04+00:00	Angers Saint-Laud	0087484006	Sac à main	Bagagerie: sacs, valises, cartables	Déclaration de Perte
2545	2015-11-16T10:26:26+00:00	Angers Saint-Laud	0087484006	Porte-monnaie, portefeuille	Porte-monnaie / portefeuille, argent, titres	Déclaration de Perte
2546	2015-09-30T13:42:05+00:00	Angers Saint-Laud	0087484006	Sac à dos	Bagagerie: sacs, valises, cartables	Déclaration de Perte
2547	2024-06-26T09:03:25+00:00	Angers Saint-Laud	0087484006	Téléphone portable protégé (étui, coque,…)	Appareils électroniques, informatiques, appareils photo	Déclaration de Perte
2548	2024-06-26T10:29:27+00:00	Angers Saint-Laud	0087484006	Porte-monnaie, portefeuille	Porte-monnaie / portefeuille, argent, titres	Déclaration de Perte
2549	2015-11-18T14:30:56+00:00	Angers Saint-Laud	0087484006	Sac d'enseigne (plastique, papier, …)	Bagagerie: sacs, valises, cartables	Déclaration de Perte
2550	2024-03-14T19:47:29+00:00	Angers Saint-Laud	0087484006	Téléphone portable protégé (étui, coque,…)	Appareils électroniques, informatiques, appareils photo	Déclaration de Perte
2551	2024-06-30T15:19:59+00:00	Angers Saint-Laud	0087484006	Cigarette électronique	Divers	Déclaration de Perte
2552	2015-10-09T11:54:35+00:00	Angers Saint-Laud	0087484006	Porte-monnaie, portefeuille	Porte-monnaie / portefeuille, argent, titres	Déclaration de Perte
2553	2015-12-14T15:06:18+00:00	Angers Saint-Laud	0087484006	Sac de voyage, sac de sport, sac à bandoulière	Bagagerie: sacs, valises, cartables	Déclaration de Perte
2554	2014-01-06T09:53:55+00:00	Angers Saint-Laud	0087484006	Valise, sac sur roulettes	Bagagerie: sacs, valises, cartables	Déclaration de Perte
2555	2014-01-06T10:41:19+00:00	Angers Saint-Laud	0087484006	Attaché-case, serviette	Bagagerie: sacs, valises, cartables	Déclaration de Perte
2556	2024-06-06T13:24:09+00:00	Angers Saint-Laud	0087484006	Sac à main	Bagagerie: sacs, valises, cartables	Déclaration de Perte
2557	2015-09-23T12:21:20+00:00	Angers Saint-Laud	0087484006	Tablette tactile protégée (étui, housse)	Appareils électroniques, informatiques, appareils photo	Déclaration de Perte
2558	2014-07-07T14:26:24+00:00	Angers Saint-Laud	0087484006	Vélo	Vélos, trottinettes, accessoires 2 roues	Déclaration de Perte
2559	2024-06-17T11:53:44+00:00	Angers Saint-Laud	0087484006	Valise, sac sur roulettes	Bagagerie: sacs, valises, cartables	Déclaration de Perte
2560	2015-11-24T10:00:39+00:00	Angers Saint-Laud	0087484006	Lunettes	Optique	Déclaration de Perte
2561	2014-07-09T11:01:04+00:00	Angers Saint-Laud	0087484006	Manteau, veste, blazer, parka, blouson, cape	Vêtements, chaussures	Déclaration de Perte
2562	2024-07-16T14:13:02+00:00	Angers Saint-Laud	0087484006	Sac à dos	Bagagerie: sacs, valises, cartables	Déclaration de Perte
2563	2024-06-18T04:26:48+00:00	Angers Saint-Laud	0087484006	Porte-monnaie, portefeuille	Porte-monnaie / portefeuille, argent, titres	Déclaration de Perte
2564	2015-12-04T11:07:17+00:00	Angers Saint-Laud	0087484006	Valise, sac sur roulettes	Bagagerie: sacs, valises, cartables	Déclaration de Perte
2565	2024-06-24T12:49:28+00:00	Angers Saint-Laud	0087484006	Sac de voyage, sac de sport, sac à bandoulière	Bagagerie: sacs, valises, cartables	Déclaration de Perte
2566	2021-07-01T14:55:19+00:00	Angers Saint-Laud	0087484006	Sac d'enseigne (plastique, papier, …)	Bagagerie: sacs, valises, cartables	Déclaration de Perte
2567	2015-06-29T12:26:42+00:00	Angers Saint-Laud	0087484006	Valise, sac sur roulettes	Bagagerie: sacs, valises, cartables	Déclaration de Perte
2568	2015-06-30T11:56:27+00:00	Angers Saint-Laud	0087484006	Clés, porte-clés	Clés, porte-clés, badge magnétique	Déclaration de Perte
2569	2015-12-09T13:31:10+00:00	Angers Saint-Laud	0087484006	Valise, sac sur roulettes	Bagagerie: sacs, valises, cartables	Déclaration de Perte
2570	2015-07-01T07:35:37+00:00	Angers Saint-Laud	0087484006	Téléphone portable	Appareils électroniques, informatiques, appareils photo	Déclaration de Perte
2571	2024-05-02T15:34:47+00:00	Angers Saint-Laud	0087484006	Sac de voyage, sac de sport, sac à bandoulière	Bagagerie: sacs, valises, cartables	Déclaration de Perte
2572	2017-11-16T09:36:27+00:00	Angers Saint-Laud	0087484006	Carte d'identité, passeport, permis de conduire	Pièces d'identités et papiers personnels	Déclaration de Perte
2573	2024-05-04T08:01:03+00:00	Angers Saint-Laud	0087484006	Téléphone portable protégé (étui, coque,…)	Appareils électroniques, informatiques, appareils photo	Déclaration de Perte
2574	2015-11-09T14:38:34+00:00	Angers Saint-Laud	0087484006	Montre	Bijoux, montres	Déclaration de Perte
2575	2024-05-05T14:24:22+00:00	Angers Saint-Laud	0087484006	Sac d'enseigne (plastique, papier, …)	Bagagerie: sacs, valises, cartables	Déclaration de Perte
2576	2015-02-06T13:30:32+00:00	Angers Saint-Laud	0087484006	Porte-monnaie, portefeuille	Porte-monnaie / portefeuille, argent, titres	Déclaration de Perte
2577	2015-11-13T08:57:33+00:00	Angers Saint-Laud	0087484006	Carte d'abonnement	Pièces d'identités et papiers personnels	Déclaration de Perte
2578	2021-06-08T07:31:51+00:00	Angers Saint-Laud	0087484006	Téléphone portable protégé (étui, coque,…)	Appareils électroniques, informatiques, appareils photo	Déclaration de Perte
2579	2017-11-21T11:25:31+00:00	Angers Saint-Laud	0087484006	Sac à dos	Bagagerie: sacs, valises, cartables	Déclaration de Perte
2580	2021-06-04T15:27:15+00:00	Angers Saint-Laud	0087484006	Clés, porte-clés	Clés, porte-clés, badge magnétique	Déclaration de Perte
2581	2024-05-10T10:36:07+00:00	Angers Saint-Laud	0087484006	Carte de crédit	Porte-monnaie / portefeuille, argent, titres	Déclaration de Perte
2582	2024-06-06T20:11:26+00:00	Angers Saint-Laud	0087484006	Téléphone portable protégé (étui, coque,…)	Appareils électroniques, informatiques, appareils photo	Déclaration de Perte
2583	2024-06-29T18:33:38+00:00	Angers Saint-Laud	0087484006	Clés, porte-clés	Clés, porte-clés, badge magnétique	Déclaration de Perte
2584	2024-06-08T19:28:57+00:00	Angers Saint-Laud	0087484006	Clé de voiture	Clés, porte-clés, badge magnétique	Déclaration de Perte
2585	2015-12-23T12:48:30+00:00	Angers Saint-Laud	0087484006	Téléphone portable protégé (étui, coque,…)	Appareils électroniques, informatiques, appareils photo	Déclaration de Perte
2586	2015-08-28T17:16:38+00:00	Angers Saint-Laud	0087484006	Sac d'enseigne (plastique, papier, …)	Bagagerie: sacs, valises, cartables	Déclaration de Perte
2587	2016-07-18T10:32:21+00:00	Angers Saint-Laud	0087484006	Téléphone portable	Appareils électroniques, informatiques, appareils photo	Déclaration de Perte
2588	2021-07-02T20:03:15+00:00	Angers Saint-Laud	0087484006	Sac à dos	Bagagerie: sacs, valises, cartables	Déclaration de Perte
2589	2021-06-16T10:21:16+00:00	Angers Saint-Laud	0087484006	Carte de crédit	Porte-monnaie / portefeuille, argent, titres	Déclaration de Perte
2590	2021-06-16T11:02:09+00:00	Angers Saint-Laud	0087484006	Sac à dos	Bagagerie: sacs, valises, cartables	Déclaration de Perte
2591	2024-03-24T12:08:58+00:00	Angers Saint-Laud	0087484006	Sac à main	Bagagerie: sacs, valises, cartables	Déclaration de Perte
2592	2024-03-25T18:32:02+00:00	Angers Saint-Laud	0087484006	Sac à dos	Bagagerie: sacs, valises, cartables	Déclaration de Perte
2593	2024-05-17T11:38:13+00:00	Angers Saint-Laud	0087484006	Sac de voyage, sac de sport, sac à bandoulière	Bagagerie: sacs, valises, cartables	Déclaration de Perte
2594	2024-03-27T14:30:24+00:00	Angers Saint-Laud	0087484006	Clés, porte-clés	Clés, porte-clés, badge magnétique	Déclaration de Perte
2595	2015-07-07T09:56:19+00:00	Angers Saint-Laud	0087484006	Sac de voyage, sac de sport, sac à bandoulière	Bagagerie: sacs, valises, cartables	Déclaration de Perte
2596	2013-11-19T08:59:36+00:00	Angers Saint-Laud	0087484006	Porte-monnaie, portefeuille	Porte-monnaie / portefeuille, argent, titres	Déclaration de Perte
2597	2013-11-22T08:40:39+00:00	Angers Saint-Laud	0087484006	Téléphone portable	Appareils électroniques, informatiques, appareils photo	Déclaration de Perte
2598	2013-11-22T12:47:38+00:00	Angers Saint-Laud	0087484006	Vélo	Vélos, trottinettes, accessoires 2 roues	Déclaration de Perte
2599	2015-08-17T12:05:18+00:00	Angers Saint-Laud	0087484006	Porte-monnaie, portefeuille	Porte-monnaie / portefeuille, argent, titres	Déclaration de Perte
2600	2024-05-23T13:30:18+00:00	Angers Saint-Laud	0087484006	Manteau, veste, blazer, parka, blouson, cape	Vêtements, chaussures	Déclaration de Perte
2601	2024-05-24T06:31:32+00:00	Angers Saint-Laud	0087484006	Trottinette	Vélos, trottinettes, accessoires 2 roues	Déclaration de Perte
2602	2015-08-21T07:12:35+00:00	Angers Saint-Laud	0087484006	Sac à main	Bagagerie: sacs, valises, cartables	Déclaration de Perte
2603	2024-05-28T20:22:20+00:00	Angers Saint-Laud	0087484006	Trottinette	Vélos, trottinettes, accessoires 2 roues	Déclaration de Perte
2604	2015-07-27T12:46:44+00:00	Angers Saint-Laud	0087484006	Porte-monnaie, portefeuille	Porte-monnaie / portefeuille, argent, titres	Déclaration de Perte
2605	2015-08-24T07:47:39+00:00	Angers Saint-Laud	0087484006	Porte-monnaie, portefeuille	Porte-monnaie / portefeuille, argent, titres	Déclaration de Perte
2606	2015-11-25T12:35:36+00:00	Angers Saint-Laud	0087484006	Parapluie télescopique, parapluie de poche	Parapluies	Déclaration de Perte
2607	2024-04-04T06:39:12+00:00	Angers Saint-Laud	0087484006	Porte-monnaie, portefeuille	Porte-monnaie / portefeuille, argent, titres	Déclaration de Perte
2608	2024-06-02T20:23:22+00:00	Angers Saint-Laud	0087484006	Nécessaire, mallette de toilette, sac de maquillage	Bagagerie: sacs, valises, cartables	Déclaration de Perte
2609	2024-04-05T15:56:33+00:00	Angers Saint-Laud	0087484006	Sac d'enseigne (plastique, papier, …)	Bagagerie: sacs, valises, cartables	Déclaration de Perte
2610	2024-06-03T09:46:27+00:00	Angers Saint-Laud	0087484006	Lunettes en étui	Optique	Déclaration de Perte
2611	2024-04-05T20:52:37+00:00	Angers Saint-Laud	0087484006	Sac d'enseigne (plastique, papier, …)	Bagagerie: sacs, valises, cartables	Déclaration de Perte
2612	2024-04-06T09:18:39+00:00	Angers Saint-Laud	0087484006	Porte-monnaie, portefeuille	Porte-monnaie / portefeuille, argent, titres	Déclaration de Perte
2613	2024-03-16T18:37:15+00:00	Angers Saint-Laud	0087484006	Clés, porte-clés	Clés, porte-clés, badge magnétique	Déclaration de Perte
2614	2024-07-08T07:27:01+00:00	Angers Saint-Laud	0087484006	Valise, sac sur roulettes	Bagagerie: sacs, valises, cartables	Déclaration de Perte
2615	2024-07-08T16:52:02+00:00	Angers Saint-Laud	0087484006	Sacoche ventrale, banane	Bagagerie: sacs, valises, cartables	Déclaration de Perte
2616	2024-03-18T12:13:20+00:00	Angers Saint-Laud	0087484006	Sac à dos	Bagagerie: sacs, valises, cartables	Déclaration de Perte
2617	2024-03-18T17:35:52+00:00	Angers Saint-Laud	0087484006	Manteau, veste, blazer, parka, blouson, cape	Vêtements, chaussures	Déclaration de Perte
2618	2015-03-12T14:10:34+00:00	Angers Saint-Laud	0087484006	Téléphone portable	Appareils électroniques, informatiques, appareils photo	Déclaration de Perte
2619	2014-04-08T09:45:22+00:00	Angers Saint-Laud	0087484006	Manteau, veste, blazer, parka, blouson, cape	Vêtements, chaussures	Déclaration de Perte
2620	2016-09-17T13:35:10+00:00	Angers Saint-Laud	0087484006	Valise, sac sur roulettes	Bagagerie: sacs, valises, cartables	Déclaration de Perte
2621	2016-09-20T07:12:17+00:00	Angers Saint-Laud	0087484006	Valise, sac sur roulettes	Bagagerie: sacs, valises, cartables	Déclaration de Perte
2622	2015-09-25T13:40:39+00:00	Angers Saint-Laud	0087484006	Téléphone portable	Appareils électroniques, informatiques, appareils photo	Déclaration de Perte
2623	2016-06-29T11:55:36+00:00	Angers Saint-Laud	0087484006	Sac à dos	Bagagerie: sacs, valises, cartables	Déclaration de Perte
2624	2015-09-28T13:23:22+00:00	Angers Saint-Laud	0087484006	Cartable, trousse d'écolier, dossier scolaire	Articles d'enfants, de puériculture	Déclaration de Perte
2625	2016-09-26T13:10:59+00:00	Angers Saint-Laud	0087484006	Autre bagagerie	Bagagerie: sacs, valises, cartables	Déclaration de Perte
2626	2016-03-14T08:51:39+00:00	Angers Saint-Laud	0087484006	Manteau, veste, blazer, parka, blouson, cape	Vêtements, chaussures	Déclaration de Perte
2627	2016-03-14T14:38:23+00:00	Angers Saint-Laud	0087484006	Valise, sac sur roulettes	Bagagerie: sacs, valises, cartables	Déclaration de Perte
2628	2024-04-06T10:49:15+00:00	Angers Saint-Laud	0087484006	Porte-monnaie, portefeuille	Porte-monnaie / portefeuille, argent, titres	Déclaration de Perte
2629	2024-04-06T15:52:37+00:00	Angers Saint-Laud	0087484006	Porte-monnaie, portefeuille	Porte-monnaie / portefeuille, argent, titres	Déclaration de Perte
2630	2024-04-07T09:08:53+00:00	Angers Saint-Laud	0087484006	Sac de voyage, sac de sport, sac à bandoulière	Bagagerie: sacs, valises, cartables	Déclaration de Perte
2631	2024-04-11T15:04:35+00:00	Angers Saint-Laud	0087484006	Porte-monnaie, portefeuille	Porte-monnaie / portefeuille, argent, titres	Déclaration de Perte
2632	2017-01-25T20:47:43+00:00	Angers Saint-Laud	0087484006	Porte-monnaie, portefeuille	Porte-monnaie / portefeuille, argent, titres	Déclaration de Perte
2633	2016-02-26T12:30:02+00:00	Angers Saint-Laud	0087484006	Cartable, trousse d'écolier, dossier scolaire	Articles d'enfants, de puériculture	Déclaration de Perte
2634	2016-02-26T13:32:52+00:00	Angers Saint-Laud	0087484006	Téléphone portable	Appareils électroniques, informatiques, appareils photo	Déclaration de Perte
2635	2024-04-14T11:34:47+00:00	Angers Saint-Laud	0087484006	Porte-monnaie, portefeuille	Porte-monnaie / portefeuille, argent, titres	Déclaration de Perte
2636	2024-04-14T17:33:18+00:00	Angers Saint-Laud	0087484006	Sac à dos	Bagagerie: sacs, valises, cartables	Déclaration de Perte
2637	2024-04-15T14:14:18+00:00	Angers Saint-Laud	0087484006	Sacoche ventrale, banane	Bagagerie: sacs, valises, cartables	Déclaration de Perte
2638	2016-01-07T13:04:36+00:00	Angers Saint-Laud	0087484006	Attaché-case, serviette	Bagagerie: sacs, valises, cartables	Déclaration de Perte
2639	2016-01-08T13:30:46+00:00	Angers Saint-Laud	0087484006	Sacoche ventrale, banane	Bagagerie: sacs, valises, cartables	Déclaration de Perte
2640	2016-01-05T13:27:07+00:00	Angers Saint-Laud	0087484006	Autres divers	Divers	Déclaration de Perte
2641	2016-01-05T14:42:19+00:00	Angers Saint-Laud	0087484006	Valise, sac sur roulettes	Bagagerie: sacs, valises, cartables	Déclaration de Perte
2642	2016-03-24T08:37:30+00:00	Angers Saint-Laud	0087484006	Autres articles de papeterie	Livres, articles de papéterie	Déclaration de Perte
2643	2016-06-08T09:35:49+00:00	Angers Saint-Laud	0087484006	Porte-monnaie, portefeuille	Porte-monnaie / portefeuille, argent, titres	Déclaration de Perte
2644	2022-04-06T14:59:10+00:00	Angers Saint-Laud	0087484006	Sac à dos	Bagagerie: sacs, valises, cartables	Déclaration de Perte
2645	2022-04-09T12:29:19+00:00	Angers Saint-Laud	0087484006	Téléphone portable	Appareils électroniques, informatiques, appareils photo	Déclaration de Perte
2646	2016-01-21T14:15:31+00:00	Angers Saint-Laud	0087484006	Sac de voyage, sac de sport, sac à bandoulière	Bagagerie: sacs, valises, cartables	Déclaration de Perte
2647	2022-04-10T09:45:07+00:00	Angers Saint-Laud	0087484006	Téléphone portable	Appareils électroniques, informatiques, appareils photo	Déclaration de Perte
2648	2022-04-12T15:53:42+00:00	Angers Saint-Laud	0087484006	Manteau, veste, blazer, parka, blouson, cape	Vêtements, chaussures	Déclaration de Perte
2649	2022-04-13T20:24:54+00:00	Angers Saint-Laud	0087484006	Casque (vélo, moto)	Vélos, trottinettes, accessoires 2 roues	Déclaration de Perte
2650	2022-04-15T20:19:16+00:00	Angers Saint-Laud	0087484006	Sac à main	Bagagerie: sacs, valises, cartables	Déclaration de Perte
2651	2016-06-17T12:22:27+00:00	Angers Saint-Laud	0087484006	Autres appareils et accessoires électroniques	Appareils électroniques, informatiques, appareils photo	Déclaration de Perte
2652	2022-04-17T19:16:45+00:00	Angers Saint-Laud	0087484006	Sac de voyage, sac de sport, sac à bandoulière	Bagagerie: sacs, valises, cartables	Déclaration de Perte
2653	2016-06-13T07:35:13+00:00	Angers Saint-Laud	0087484006	Sacoche ventrale, banane	Bagagerie: sacs, valises, cartables	Déclaration de Perte
2654	2016-06-13T09:50:53+00:00	Angers Saint-Laud	0087484006	Sac à dos	Bagagerie: sacs, valises, cartables	Déclaration de Perte
2655	2021-05-08T09:37:38+00:00	Angers Saint-Laud	0087484006	Téléphone portable protégé (étui, coque,…)	Appareils électroniques, informatiques, appareils photo	Déclaration de Perte
2656	2021-05-09T14:22:07+00:00	Angers Saint-Laud	0087484006	Sac à main	Bagagerie: sacs, valises, cartables	Déclaration de Perte
2657	2016-04-15T20:44:00+00:00	Angers Saint-Laud	0087484006	Autres divers	Divers	Déclaration de Perte
2658	2021-05-10T07:07:10+00:00	Angers Saint-Laud	0087484006	Valise, sac sur roulettes	Bagagerie: sacs, valises, cartables	Déclaration de Perte
2659	2021-05-15T08:53:45+00:00	Angers Saint-Laud	0087484006	Valise, sac sur roulettes	Bagagerie: sacs, valises, cartables	Déclaration de Perte
2660	2021-05-16T09:48:49+00:00	Angers Saint-Laud	0087484006	Sac d'enseigne (plastique, papier, …)	Bagagerie: sacs, valises, cartables	Déclaration de Perte
2661	2016-09-16T14:08:06+00:00	Angers Saint-Laud	0087484006	Téléphone portable	Appareils électroniques, informatiques, appareils photo	Déclaration de Perte
2662	2021-05-18T12:59:23+00:00	Angers Saint-Laud	0087484006	Carte d'identité, passeport, permis de conduire	Pièces d'identités et papiers personnels	Déclaration de Perte
2663	2016-01-25T09:43:53+00:00	Angers Saint-Laud	0087484006	Téléphone portable	Appareils électroniques, informatiques, appareils photo	Déclaration de Perte
2664	2016-12-08T11:26:10+00:00	Angers Saint-Laud	0087484006	Manteau, veste, blazer, parka, blouson, cape	Vêtements, chaussures	Déclaration de Perte
2665	2016-12-08T16:16:20+00:00	Angers Saint-Laud	0087484006	Accessoires de musique	Instruments de musique	Déclaration de Perte
2666	2016-09-23T10:57:51+00:00	Angers Saint-Laud	0087484006	Téléphone portable	Appareils électroniques, informatiques, appareils photo	Déclaration de Perte
2667	2016-12-14T06:59:52+00:00	Angers Saint-Laud	0087484006	Téléphone portable	Appareils électroniques, informatiques, appareils photo	Déclaration de Perte
2668	2016-12-14T14:01:29+00:00	Angers Saint-Laud	0087484006	Sac à dos	Bagagerie: sacs, valises, cartables	Déclaration de Perte
2669	2023-10-03T20:09:18+00:00	Angers Saint-Laud	0087484006	Porte-monnaie, portefeuille	Porte-monnaie / portefeuille, argent, titres	Déclaration de Perte
2670	2016-09-15T12:56:28+00:00	Angers Saint-Laud	0087484006	Vélo	Vélos, trottinettes, accessoires 2 roues	Déclaration de Perte
2671	2021-06-28T18:42:50+00:00	Angers Saint-Laud	0087484006	Attaché-case, serviette	Bagagerie: sacs, valises, cartables	Déclaration de Perte
2672	2016-01-27T15:06:19+00:00	Angers Saint-Laud	0087484006	Carte d'identité, passeport, permis de conduire	Pièces d'identités et papiers personnels	Déclaration de Perte
2673	2016-04-22T09:05:20+00:00	Angers Saint-Laud	0087484006	Pull over, gilet	Vêtements, chaussures	Déclaration de Perte
2674	2021-07-05T20:07:10+00:00	Angers Saint-Laud	0087484006	Manteau, veste, blazer, parka, blouson, cape	Vêtements, chaussures	Déclaration de Perte
2675	2024-07-23T14:32:54+00:00	Angers Saint-Laud	0087484006	Sac d'enseigne (plastique, papier, …)	Bagagerie: sacs, valises, cartables	Déclaration de Perte
2676	2016-09-14T11:42:46+00:00	Angers Saint-Laud	0087484006	Porte-monnaie, portefeuille	Porte-monnaie / portefeuille, argent, titres	Déclaration de Perte
2677	2023-10-11T18:55:51+00:00	Angers Saint-Laud	0087484006	Autre pièce ou papier personnel	Pièces d'identités et papiers personnels	Déclaration de Perte
2678	2023-10-13T10:34:38+00:00	Angers Saint-Laud	0087484006	Téléphone portable protégé (étui, coque,…)	Appareils électroniques, informatiques, appareils photo	Déclaration de Perte
2679	2023-10-13T18:12:37+00:00	Angers Saint-Laud	0087484006	Autres divers	Divers	Déclaration de Perte
2680	2017-11-30T11:32:54+00:00	Angers Saint-Laud	0087484006	Téléphone portable	Appareils électroniques, informatiques, appareils photo	Déclaration de Perte
2681	2021-07-11T11:45:03+00:00	Angers Saint-Laud	0087484006	Téléphone portable protégé (étui, coque,…)	Appareils électroniques, informatiques, appareils photo	Déclaration de Perte
2682	2021-07-11T12:38:15+00:00	Angers Saint-Laud	0087484006	AirPod, casque audio, écouteurs	Appareils électroniques, informatiques, appareils photo	Déclaration de Perte
2683	2023-10-14T19:21:04+00:00	Angers Saint-Laud	0087484006	Sac à dos	Bagagerie: sacs, valises, cartables	Déclaration de Perte
2684	2024-08-02T20:53:52+00:00	Angers Saint-Laud	0087484006	Manteau, veste, blazer, parka, blouson, cape	Vêtements, chaussures	Déclaration de Perte
2685	2021-07-10T19:01:51+00:00	Angers Saint-Laud	0087484006	Autres divers	Divers	Déclaration de Perte
2686	2024-06-14T07:41:27+00:00	Angers Saint-Laud	0087484006	Valise, sac sur roulettes	Bagagerie: sacs, valises, cartables	Déclaration de Perte
2687	2016-03-10T11:07:33+00:00	Angers Saint-Laud	0087484006	Téléphone portable	Appareils électroniques, informatiques, appareils photo	Déclaration de Perte
2688	2023-09-24T09:37:00+00:00	Angers Saint-Laud	0087484006	Sac de voyage, sac de sport, sac à bandoulière	Bagagerie: sacs, valises, cartables	Déclaration de Perte
2689	2024-07-10T13:51:11+00:00	Angers Saint-Laud	0087484006	Sac d'enseigne (plastique, papier, …)	Bagagerie: sacs, valises, cartables	Déclaration de Perte
2690	2024-07-12T15:16:54+00:00	Angers Saint-Laud	0087484006	Manteau, veste, blazer, parka, blouson, cape	Vêtements, chaussures	Déclaration de Perte
2691	2021-08-10T06:27:34+00:00	Angers Saint-Laud	0087484006	Sac à dos	Bagagerie: sacs, valises, cartables	Déclaration de Perte
2692	2016-02-29T08:38:19+00:00	Angers Saint-Laud	0087484006	Porte-monnaie, portefeuille	Porte-monnaie / portefeuille, argent, titres	Déclaration de Perte
2693	2023-09-07T20:06:40+00:00	Angers Saint-Laud	0087484006	Sac à dos	Bagagerie: sacs, valises, cartables	Déclaration de Perte
2694	2021-07-15T16:18:38+00:00	Angers Saint-Laud	0087484006	Ordinateur, ordinateur portable, notebook	Appareils électroniques, informatiques, appareils photo	Déclaration de Perte
2695	2024-07-17T08:26:00+00:00	Angers Saint-Laud	0087484006	Valise, sac sur roulettes	Bagagerie: sacs, valises, cartables	Déclaration de Perte
2696	2024-07-10T14:42:06+00:00	Angers Saint-Laud	0087484006	Sac à dos	Bagagerie: sacs, valises, cartables	Déclaration de Perte
2697	2024-08-18T15:32:25+00:00	Angers Saint-Laud	0087484006	Porte-monnaie, portefeuille	Porte-monnaie / portefeuille, argent, titres	Déclaration de Perte
2698	2022-11-29T15:21:18+00:00	Angers Saint-Laud	0087484006	Téléphone portable	Appareils électroniques, informatiques, appareils photo	Déclaration de Perte
2699	2024-12-02T17:27:03+00:00	Angers Saint-Laud	0087484006	Sac à main	Bagagerie: sacs, valises, cartables	Déclaration de Perte
2700	2024-12-02T09:43:08+00:00	Angers Saint-Laud	0087484006	Sacoche pour ordinateur, photo, vidéo	Bagagerie: sacs, valises, cartables	Déclaration de Perte
2701	2024-10-12T16:36:57+00:00	Angers Saint-Laud	0087484006	Valise, sac sur roulettes	Bagagerie: sacs, valises, cartables	Déclaration de Perte
2702	2024-11-03T22:11:54+00:00	Angers Saint-Laud	0087484006	Manteau, veste, blazer, parka, blouson, cape	Vêtements, chaussures	Déclaration de Perte
2703	2024-03-18T17:29:19+00:00	Angers Saint-Laud	0087484006	Sac de voyage, sac de sport, sac à bandoulière	Bagagerie: sacs, valises, cartables	Déclaration de Perte
2704	2021-11-01T17:03:30+00:00	Angers Saint-Laud	0087484006	Autre pièce ou papier personnel	Pièces d'identités et papiers personnels	Déclaration de Perte
2705	2024-11-04T19:50:14+00:00	Angers Saint-Laud	0087484006	Foulard, écharpe	Vêtements, chaussures	Déclaration de Perte
2706	2024-12-02T15:38:24+00:00	Angers Saint-Laud	0087484006	Porte-monnaie, portefeuille	Porte-monnaie / portefeuille, argent, titres	Déclaration de Perte
2707	2024-12-05T14:35:48+00:00	Angers Saint-Laud	0087484006	Sac de voyage, sac de sport, sac à bandoulière	Bagagerie: sacs, valises, cartables	Déclaration de Perte
2708	2024-08-16T12:47:10+00:00	Angers Saint-Laud	0087484006	Sac à dos	Bagagerie: sacs, valises, cartables	Déclaration de Perte
2709	2024-11-27T12:28:19+00:00	Angers Saint-Laud	0087484006	Sac à dos	Bagagerie: sacs, valises, cartables	Déclaration de Perte
2710	2024-12-03T13:43:45+00:00	Angers Saint-Laud	0087484006	Sac à dos	Bagagerie: sacs, valises, cartables	Déclaration de Perte
2711	2024-07-10T10:31:03+00:00	Angers Saint-Laud	0087484006	Autres vêtements	Vêtements, chaussures	Déclaration de Perte
2712	2024-11-29T22:04:01+00:00	Angers Saint-Laud	0087484006	Sac d'enseigne (plastique, papier, …)	Bagagerie: sacs, valises, cartables	Déclaration de Perte
2713	2021-10-12T12:30:19+00:00	Angers Saint-Laud	0087484006	Manteau, veste, blazer, parka, blouson, cape	Vêtements, chaussures	Déclaration de Perte
2714	2021-12-03T16:22:28+00:00	Angers Saint-Laud	0087484006	Téléphone portable	Appareils électroniques, informatiques, appareils photo	Déclaration de Perte
2715	2021-11-30T16:56:53+00:00	Angers Saint-Laud	0087484006	Livre relié	Livres, articles de papéterie	Déclaration de Perte
2716	2021-11-30T16:56:58+00:00	Angers Saint-Laud	0087484006	Livre relié	Livres, articles de papéterie	Déclaration de Perte
2717	2024-11-29T20:57:06+00:00	Angers Saint-Laud	0087484006	Valise, sac sur roulettes	Bagagerie: sacs, valises, cartables	Déclaration de Perte
2718	2021-12-04T09:50:37+00:00	Angers Saint-Laud	0087484006	Téléphone portable protégé (étui, coque,…)	Appareils électroniques, informatiques, appareils photo	Déclaration de Perte
2719	2024-08-20T16:32:55+00:00	Angers Saint-Laud	0087484006	Chemise à rabat	Livres, articles de papéterie	Déclaration de Perte
2720	2024-11-19T09:46:33+00:00	Angers Saint-Laud	0087484006	Sac de voyage, sac de sport, sac à bandoulière	Bagagerie: sacs, valises, cartables	Déclaration de Perte
2721	2024-12-07T12:44:05+00:00	Angers Saint-Laud	0087484006	Sac à dos	Bagagerie: sacs, valises, cartables	Déclaration de Perte
2722	2024-12-05T13:43:12+00:00	Angers Saint-Laud	0087484006	Cartable à dessins, pochette à dessins	Livres, articles de papéterie	Déclaration de Perte
2723	2021-12-03T16:22:30+00:00	Angers Saint-Laud	0087484006	Téléphone portable	Appareils électroniques, informatiques, appareils photo	Déclaration de Perte
2724	2021-11-10T20:33:46+00:00	Angers Saint-Laud	0087484006	Manteau, veste, blazer, parka, blouson, cape	Vêtements, chaussures	Déclaration de Perte
2725	2021-11-07T22:24:23+00:00	Angers Saint-Laud	0087484006	Autre pièce ou papier personnel	Pièces d'identités et papiers personnels	Déclaration de Perte
2726	2024-07-23T14:38:22+00:00	Angers Saint-Laud	0087484006	Manteau, veste, blazer, parka, blouson, cape	Vêtements, chaussures	Déclaration de Perte
2727	2024-12-06T04:19:10+00:00	Angers Saint-Laud	0087484006	Valise, sac sur roulettes	Bagagerie: sacs, valises, cartables	Déclaration de Perte
2728	2024-12-04T06:58:20+00:00	Angers Saint-Laud	0087484006	Sac de voyage, sac de sport, sac à bandoulière	Bagagerie: sacs, valises, cartables	Déclaration de Perte
2729	2024-11-08T16:04:34+00:00	Angers Saint-Laud	0087484006	Sac à dos	Bagagerie: sacs, valises, cartables	Déclaration de Perte
2730	2021-11-07T17:39:41+00:00	Angers Saint-Laud	0087484006	Tablette tactile protégée (étui, housse)	Appareils électroniques, informatiques, appareils photo	Déclaration de Perte
2731	2024-12-09T11:56:48+00:00	Angers Saint-Laud	0087484006	Tablette tactile protégée (étui, housse)	Appareils électroniques, informatiques, appareils photo	Déclaration de Perte
2732	2024-12-06T14:21:49+00:00	Angers Saint-Laud	0087484006	Sac d'enseigne (plastique, papier, …)	Bagagerie: sacs, valises, cartables	Déclaration de Perte
2733	2024-11-09T09:11:57+00:00	Angers Saint-Laud	0087484006	Broche, pendentif	Bijoux, montres	Déclaration de Perte
2734	2024-07-19T16:58:51+00:00	Angers Saint-Laud	0087484006	Porte-monnaie, portefeuille	Porte-monnaie / portefeuille, argent, titres	Déclaration de Perte
2735	2023-01-02T08:15:11+00:00	Angers Saint-Laud	0087484006	Téléphone portable protégé (étui, coque,…)	Appareils électroniques, informatiques, appareils photo	Déclaration de Perte
2736	2024-10-28T20:14:44+00:00	Angers Saint-Laud	0087484006	Sac de voyage, sac de sport, sac à bandoulière	Bagagerie: sacs, valises, cartables	Déclaration de Perte
2737	2024-10-31T17:52:23+00:00	Angers Saint-Laud	0087484006	Valise, sac sur roulettes	Bagagerie: sacs, valises, cartables	Déclaration de Perte
2738	2024-12-10T13:02:26+00:00	Angers Saint-Laud	0087484006	Valise, sac sur roulettes	Bagagerie: sacs, valises, cartables	Déclaration de Perte
2739	2024-11-10T14:57:09+00:00	Angers Saint-Laud	0087484006	Sac de voyage, sac de sport, sac à bandoulière	Bagagerie: sacs, valises, cartables	Déclaration de Perte
2740	2021-12-09T16:07:51+00:00	Angers Saint-Laud	0087484006	Sac à dos	Bagagerie: sacs, valises, cartables	Déclaration de Perte
2741	2021-11-16T21:01:05+00:00	Angers Saint-Laud	0087484006	Sac de voyage, sac de sport, sac à bandoulière	Bagagerie: sacs, valises, cartables	Déclaration de Perte
2742	2021-07-26T12:40:37+00:00	Angers Saint-Laud	0087484006	Téléphone portable	Appareils électroniques, informatiques, appareils photo	Déclaration de Perte
2743	2024-05-12T13:49:01+00:00	Angers Saint-Laud	0087484006	Manteau, veste, blazer, parka, blouson, cape	Vêtements, chaussures	Déclaration de Perte
2744	2024-12-13T13:53:00+00:00	Angers Saint-Laud	0087484006	Porte-monnaie, portefeuille	Porte-monnaie / portefeuille, argent, titres	Déclaration de Perte
2745	2024-12-08T11:54:40+00:00	Angers Saint-Laud	0087484006	Sac de voyage, sac de sport, sac à bandoulière	Bagagerie: sacs, valises, cartables	Déclaration de Perte
2746	2024-11-08T15:58:20+00:00	Angers Saint-Laud	0087484006	Sacoche ventrale, banane	Bagagerie: sacs, valises, cartables	Déclaration de Perte
2747	2024-11-17T14:46:32+00:00	Angers Saint-Laud	0087484006	Porte-monnaie, portefeuille	Porte-monnaie / portefeuille, argent, titres	Déclaration de Perte
2748	2024-12-13T11:53:48+00:00	Angers Saint-Laud	0087484006	Valise, sac sur roulettes	Bagagerie: sacs, valises, cartables	Déclaration de Perte
2749	2024-06-21T15:23:28+00:00	Angers Saint-Laud	0087484006	Sac à dos	Bagagerie: sacs, valises, cartables	Déclaration de Perte
2750	2024-10-29T17:20:54+00:00	Angers Saint-Laud	0087484006	Valise, sac sur roulettes	Bagagerie: sacs, valises, cartables	Déclaration de Perte
2751	2023-08-19T17:22:34+00:00	Angers Saint-Laud	0087484006	Sac d'enseigne (plastique, papier, …)	Bagagerie: sacs, valises, cartables	Déclaration de Perte
2752	2021-11-16T19:07:39+00:00	Angers Saint-Laud	0087484006	Autres divers	Divers	Déclaration de Perte
2753	2024-11-16T13:56:33+00:00	Angers Saint-Laud	0087484006	Téléphone portable protégé (étui, coque,…)	Appareils électroniques, informatiques, appareils photo	Déclaration de Perte
2754	2024-12-16T06:56:11+00:00	Angers Saint-Laud	0087484006	Sac de voyage, sac de sport, sac à bandoulière	Bagagerie: sacs, valises, cartables	Déclaration de Perte
2755	2024-12-14T16:48:50+00:00	Angers Saint-Laud	0087484006	Autre pièce ou papier personnel	Pièces d'identités et papiers personnels	Déclaration de Perte
2756	2021-11-18T16:03:33+00:00	Angers Saint-Laud	0087484006	AirPod, casque audio, écouteurs	Appareils électroniques, informatiques, appareils photo	Déclaration de Perte
2757	2021-12-15T11:50:36+00:00	Angers Saint-Laud	0087484006	Téléphone portable protégé (étui, coque,…)	Appareils électroniques, informatiques, appareils photo	Déclaration de Perte
2758	2021-08-27T18:46:46+00:00	Angers Saint-Laud	0087484006	Sac d'enseigne (plastique, papier, …)	Bagagerie: sacs, valises, cartables	Déclaration de Perte
2759	2024-12-16T17:37:14+00:00	Angers Saint-Laud	0087484006	Valise, sac sur roulettes	Bagagerie: sacs, valises, cartables	Déclaration de Perte
2760	2024-12-17T16:16:55+00:00	Angers Saint-Laud	0087484006	Manteau, veste, blazer, parka, blouson, cape	Vêtements, chaussures	Déclaration de Perte
2761	2024-11-19T21:06:05+00:00	Angers Saint-Laud	0087484006	Téléphone portable	Appareils électroniques, informatiques, appareils photo	Déclaration de Perte
2762	2024-07-31T14:18:48+00:00	Angers Saint-Laud	0087484006	Vélo	Vélos, trottinettes, accessoires 2 roues	Déclaration de Perte
2763	2022-05-25T18:19:27+00:00	Angers Saint-Laud	0087484006	Manteau, veste, blazer, parka, blouson, cape	Vêtements, chaussures	Déclaration de Perte
2764	2024-12-18T14:48:23+00:00	Angers Saint-Laud	0087484006	Valise, sac sur roulettes	Bagagerie: sacs, valises, cartables	Déclaration de Perte
2765	2024-11-25T13:29:45+00:00	Angers Saint-Laud	0087484006	Montre	Bijoux, montres	Déclaration de Perte
2766	2020-03-14T18:03:27+00:00	Angers Saint-Laud	0087484006	Porte-monnaie, portefeuille	Porte-monnaie / portefeuille, argent, titres	Déclaration de Perte
2767	2024-11-23T10:45:02+00:00	Angers Saint-Laud	0087484006	Gants	Vêtements, chaussures	Déclaration de Perte
2768	2024-11-27T11:40:02+00:00	Angers Saint-Laud	0087484006	Sac à dos	Bagagerie: sacs, valises, cartables	Déclaration de Perte
2769	2021-12-18T15:46:35+00:00	Angers Saint-Laud	0087484006	Sac à dos	Bagagerie: sacs, valises, cartables	Déclaration de Perte
2770	2024-11-22T13:08:38+00:00	Angers Saint-Laud	0087484006	Bonnet, chapeau	Vêtements, chaussures	Déclaration de Perte
2771	2021-12-21T07:23:53+00:00	Angers Saint-Laud	0087484006	Lunettes	Optique	Déclaration de Perte
2772	2021-11-22T18:21:54+00:00	Angers Saint-Laud	0087484006	Appareils auditifs	Articles médicaux	Déclaration de Perte
2773	2024-09-01T06:16:01+00:00	Angers Saint-Laud	0087484006	Valise, sac sur roulettes	Bagagerie: sacs, valises, cartables	Déclaration de Perte
2774	2021-12-21T13:44:45+00:00	Angers Saint-Laud	0087484006	Sac de voyage, sac de sport, sac à bandoulière	Bagagerie: sacs, valises, cartables	Déclaration de Perte
2775	2024-11-22T22:17:35+00:00	Angers Saint-Laud	0087484006	Agenda, calendrier	Livres, articles de papéterie	Déclaration de Perte
2776	2024-12-23T11:17:36+00:00	Angers Saint-Laud	0087484006	Sacoche ventrale, banane	Bagagerie: sacs, valises, cartables	Déclaration de Perte
2777	2024-09-02T10:03:32+00:00	Angers Saint-Laud	0087484006	Carte d'identité, passeport, permis de conduire	Pièces d'identités et papiers personnels	Déclaration de Perte
2778	2024-12-22T11:54:16+00:00	Angers Saint-Laud	0087484006	Sac à main	Bagagerie: sacs, valises, cartables	Déclaration de Perte
2779	2021-11-24T08:28:27+00:00	Angers Saint-Laud	0087484006	Téléphone portable	Appareils électroniques, informatiques, appareils photo	Déclaration de Perte
2780	2021-10-24T20:25:19+00:00	Angers Saint-Laud	0087484006	Sac à main	Bagagerie: sacs, valises, cartables	Déclaration de Perte
2781	2024-12-21T13:23:53+00:00	Angers Saint-Laud	0087484006	Guitare	Instruments de musique	Déclaration de Perte
2782	2022-05-25T07:12:14+00:00	Angers Saint-Laud	0087484006	Bonnet, chapeau	Vêtements, chaussures	Déclaration de Perte
2783	2024-12-03T14:52:38+00:00	Angers Saint-Laud	0087484006	Montre	Bijoux, montres	Déclaration de Perte
2784	2024-12-19T18:40:09+00:00	Angers Saint-Laud	0087484006	Sac d'enseigne (plastique, papier, …)	Bagagerie: sacs, valises, cartables	Déclaration de Perte
2785	2021-12-22T10:53:51+00:00	Angers Saint-Laud	0087484006	Sac de voyage, sac de sport, sac à bandoulière	Bagagerie: sacs, valises, cartables	Déclaration de Perte
2786	2022-06-21T13:38:19+00:00	Angers Saint-Laud	0087484006	Téléphone portable	Appareils électroniques, informatiques, appareils photo	Déclaration de Perte
2787	2021-11-26T15:32:06+00:00	Angers Saint-Laud	0087484006	AirPod, casque audio, écouteurs	Appareils électroniques, informatiques, appareils photo	Déclaration de Perte
2788	2024-11-19T16:22:31+00:00	Angers Saint-Laud	0087484006	Valise, sac sur roulettes	Bagagerie: sacs, valises, cartables	Déclaration de Perte
2789	2024-12-22T21:41:27+00:00	Angers Saint-Laud	0087484006	Sac d'enseigne (plastique, papier, …)	Bagagerie: sacs, valises, cartables	Déclaration de Perte
2790	2024-12-27T07:42:53+00:00	Angers Saint-Laud	0087484006	Outils, Accesoires	Articles de sport, loisirs, camping	Déclaration de Perte
2791	2024-11-27T10:33:38+00:00	Angers Saint-Laud	0087484006	Sac à dos	Bagagerie: sacs, valises, cartables	Déclaration de Perte
2792	2024-11-28T09:00:19+00:00	Angers Saint-Laud	0087484006	Valise, sac sur roulettes	Bagagerie: sacs, valises, cartables	Déclaration de Perte
2793	2024-10-12T17:58:08+00:00	Angers Saint-Laud	0087484006	Manteau, veste, blazer, parka, blouson, cape	Vêtements, chaussures	Déclaration de Perte
2794	2024-11-28T11:22:02+00:00	Angers Saint-Laud	0087484006	Foulard, écharpe	Vêtements, chaussures	Déclaration de Perte
2795	2021-12-24T21:26:23+00:00	Angers Saint-Laud	0087484006	Téléphone portable	Appareils électroniques, informatiques, appareils photo	Déclaration de Perte
2796	2024-12-23T09:19:54+00:00	Angers Saint-Laud	0087484006	Téléphone portable	Appareils électroniques, informatiques, appareils photo	Déclaration de Perte
2797	2024-12-24T04:09:39+00:00	Angers Saint-Laud	0087484006	Sac à dos	Bagagerie: sacs, valises, cartables	Déclaration de Perte
2798	2021-11-18T13:53:31+00:00	Angers Saint-Laud	0087484006	Téléphone portable	Appareils électroniques, informatiques, appareils photo	Déclaration de Perte
2799	2021-12-30T08:14:20+00:00	Angers Saint-Laud	0087484006	Accessoires 2 roues	Vélos, trottinettes, accessoires 2 roues	Déclaration de Perte
2800	2024-12-24T16:44:03+00:00	Angers Saint-Laud	0087484006	Ordinateur, ordinateur portable, notebook protégé (étui, housse,…)	Appareils électroniques, informatiques, appareils photo	Déclaration de Perte
2801	2024-10-29T09:54:17+00:00	Angers Saint-Laud	0087484006	Sac de voyage, sac de sport, sac à bandoulière	Bagagerie: sacs, valises, cartables	Déclaration de Perte
2802	2021-12-04T07:57:38+00:00	Angers Saint-Laud	0087484006	Sacoche ventrale, banane	Bagagerie: sacs, valises, cartables	Déclaration de Perte
2803	2024-12-06T16:26:41+00:00	Angers Saint-Laud	0087484006	Valise, sac sur roulettes	Bagagerie: sacs, valises, cartables	Déclaration de Perte
2804	2024-11-08T06:48:39+00:00	Angers Saint-Laud	0087484006	Porte-monnaie, portefeuille	Porte-monnaie / portefeuille, argent, titres	Déclaration de Perte
2805	2024-12-15T18:30:55+00:00	Angers Saint-Laud	0087484006	Autres articles de papeterie	Livres, articles de papéterie	Déclaration de Perte
2806	2021-12-08T18:00:55+00:00	Angers Saint-Laud	0087484006	Casque (vélo, moto)	Vélos, trottinettes, accessoires 2 roues	Déclaration de Perte
2807	2024-09-12T20:31:01+00:00	Angers Saint-Laud	0087484006	Téléphone portable protégé (étui, coque,…)	Appareils électroniques, informatiques, appareils photo	Déclaration de Perte
2808	2024-12-22T15:58:50+00:00	Angers Saint-Laud	0087484006	Foulard, écharpe	Vêtements, chaussures	Déclaration de Perte
2809	2021-12-20T19:29:44+00:00	Angers Saint-Laud	0087484006	Lunettes	Optique	Déclaration de Perte
2810	2024-11-24T13:56:37+00:00	Angers Saint-Laud	0087484006	Autres instruments de musique	Instruments de musique	Déclaration de Perte
2811	2024-12-26T19:20:04+00:00	Angers Saint-Laud	0087484006	Sac à dos	Bagagerie: sacs, valises, cartables	Déclaration de Perte
2812	2024-12-27T17:21:26+00:00	Angers Saint-Laud	0087484006	Porte-monnaie, portefeuille	Porte-monnaie / portefeuille, argent, titres	Déclaration de Perte
2813	2024-11-29T21:05:38+00:00	Angers Saint-Laud	0087484006	Sac à main	Bagagerie: sacs, valises, cartables	Déclaration de Perte
2814	2021-10-19T09:28:55+00:00	Angers Saint-Laud	0087484006	Téléphone portable	Appareils électroniques, informatiques, appareils photo	Déclaration de Perte
2815	2021-11-10T12:11:41+00:00	Angers Saint-Laud	0087484006	Sac à dos	Bagagerie: sacs, valises, cartables	Déclaration de Perte
2816	2021-12-31T15:33:08+00:00	Angers Saint-Laud	0087484006	Clés, porte-clés	Clés, porte-clés, badge magnétique	Déclaration de Perte
2817	2024-11-06T14:18:02+00:00	Angers Saint-Laud	0087484006	Ordinateur, ordinateur portable, notebook	Appareils électroniques, informatiques, appareils photo	Déclaration de Perte
2818	2024-10-02T20:17:35+00:00	Angers Saint-Laud	0087484006	Sac d'enseigne (plastique, papier, …)	Bagagerie: sacs, valises, cartables	Déclaration de Perte
2819	2024-11-04T17:43:47+00:00	Angers Saint-Laud	0087484006	Sac de voyage, sac de sport, sac à bandoulière	Bagagerie: sacs, valises, cartables	Déclaration de Perte
2820	2022-07-06T13:28:42+00:00	Angers Saint-Laud	0087484006	Sacs de couchage, duvet	Articles de sport, loisirs, camping	Déclaration de Perte
2821	2024-10-02T18:06:20+00:00	Angers Saint-Laud	0087484006	Casque (vélo, moto)	Vélos, trottinettes, accessoires 2 roues	Déclaration de Perte
2822	2024-11-10T07:25:29+00:00	Angers Saint-Laud	0087484006	Sac à dos	Bagagerie: sacs, valises, cartables	Déclaration de Perte
2823	2024-07-04T18:24:55+00:00	Angers Saint-Laud	0087484006	Manteau, veste, blazer, parka, blouson, cape	Vêtements, chaussures	Déclaration de Perte
2824	2024-10-04T20:10:30+00:00	Angers Saint-Laud	0087484006	Valise, sac sur roulettes	Bagagerie: sacs, valises, cartables	Déclaration de Perte
2825	2021-10-18T17:04:54+00:00	Angers Saint-Laud	0087484006	Sac à dos	Bagagerie: sacs, valises, cartables	Déclaration de Perte
2826	2024-11-01T20:53:01+00:00	Angers Saint-Laud	0087484006	Sac à main	Bagagerie: sacs, valises, cartables	Déclaration de Perte
2827	2021-09-14T19:30:00+00:00	Angers Saint-Laud	0087484006	Sac de voyage, sac de sport, sac à bandoulière	Bagagerie: sacs, valises, cartables	Déclaration de Perte
2828	2024-10-25T20:54:33+00:00	Angers Saint-Laud	0087484006	Valise, sac sur roulettes	Bagagerie: sacs, valises, cartables	Déclaration de Perte
2829	2024-10-27T12:11:57+00:00	Angers Saint-Laud	0087484006	Valise, sac sur roulettes	Bagagerie: sacs, valises, cartables	Déclaration de Perte
2830	2024-11-06T21:18:56+00:00	Angers Saint-Laud	0087484006	Valise, sac sur roulettes	Bagagerie: sacs, valises, cartables	Déclaration de Perte
2831	2024-11-03T13:14:38+00:00	Angers Saint-Laud	0087484006	Clés, porte-clés	Clés, porte-clés, badge magnétique	Déclaration de Perte
2832	2024-11-08T16:10:22+00:00	Angers Saint-Laud	0087484006	Sac à dos	Bagagerie: sacs, valises, cartables	Déclaration de Perte
2833	2024-10-04T20:13:26+00:00	Angers Saint-Laud	0087484006	AirPod, casque audio, écouteurs	Appareils électroniques, informatiques, appareils photo	Déclaration de Perte
2834	2021-11-08T09:11:56+00:00	Angers Saint-Laud	0087484006	Porte-monnaie, portefeuille	Porte-monnaie / portefeuille, argent, titres	Déclaration de Perte
2835	2021-11-08T09:11:59+00:00	Angers Saint-Laud	0087484006	Porte-monnaie, portefeuille	Porte-monnaie / portefeuille, argent, titres	Déclaration de Perte
2836	2021-11-09T11:47:23+00:00	Angers Saint-Laud	0087484006	Porte-monnaie, portefeuille	Porte-monnaie / portefeuille, argent, titres	Déclaration de Perte
2837	2024-11-11T16:29:09+00:00	Angers Saint-Laud	0087484006	Tablette tactile protégée (étui, housse)	Appareils électroniques, informatiques, appareils photo	Déclaration de Perte
2838	2024-11-12T07:19:16+00:00	Angers Saint-Laud	0087484006	Téléphone portable protégé (étui, coque,…)	Appareils électroniques, informatiques, appareils photo	Déclaration de Perte
2839	2024-11-06T10:18:31+00:00	Angers Saint-Laud	0087484006	Téléphone portable protégé (étui, coque,…)	Appareils électroniques, informatiques, appareils photo	Déclaration de Perte
2840	2024-11-02T20:38:14+00:00	Angers Saint-Laud	0087484006	Valise, sac sur roulettes	Bagagerie: sacs, valises, cartables	Déclaration de Perte
2841	2024-11-06T06:12:16+00:00	Angers Saint-Laud	0087484006	Clés, porte-clés	Clés, porte-clés, badge magnétique	Déclaration de Perte
2842	2021-09-16T06:00:50+00:00	Angers Saint-Laud	0087484006	Sac de voyage, sac de sport, sac à bandoulière	Bagagerie: sacs, valises, cartables	Déclaration de Perte
2843	2024-10-05T12:43:58+00:00	Angers Saint-Laud	0087484006	Sac à main	Bagagerie: sacs, valises, cartables	Déclaration de Perte
2844	2024-11-13T10:55:53+00:00	Angers Saint-Laud	0087484006	Valise, sac sur roulettes	Bagagerie: sacs, valises, cartables	Déclaration de Perte
2845	2024-11-07T10:50:54+00:00	Angers Saint-Laud	0087484006	Autres divers	Divers	Déclaration de Perte
2846	2021-11-06T07:17:30+00:00	Angers Saint-Laud	0087484006	Sac à dos	Bagagerie: sacs, valises, cartables	Déclaration de Perte
2847	2024-11-06T21:13:03+00:00	Angers Saint-Laud	0087484006	Porte-monnaie, portefeuille	Porte-monnaie / portefeuille, argent, titres	Déclaration de Perte
2848	2024-11-06T21:00:10+00:00	Angers Saint-Laud	0087484006	Sac d'enseigne (plastique, papier, …)	Bagagerie: sacs, valises, cartables	Déclaration de Perte
2849	2024-10-14T19:01:01+00:00	Angers Saint-Laud	0087484006	Valise, sac sur roulettes	Bagagerie: sacs, valises, cartables	Déclaration de Perte
2850	2024-10-17T20:56:05+00:00	Angers Saint-Laud	0087484006	Téléphone portable	Appareils électroniques, informatiques, appareils photo	Déclaration de Perte
2851	2021-11-08T07:41:53+00:00	Angers Saint-Laud	0087484006	Téléphone portable	Appareils électroniques, informatiques, appareils photo	Déclaration de Perte
2852	2024-10-12T11:52:43+00:00	Angers Saint-Laud	0087484006	Foulard, écharpe	Vêtements, chaussures	Déclaration de Perte
2853	2024-10-12T14:31:20+00:00	Angers Saint-Laud	0087484006	Valise, sac sur roulettes	Bagagerie: sacs, valises, cartables	Déclaration de Perte
2854	2024-10-19T18:37:27+00:00	Angers Saint-Laud	0087484006	Sac à dos	Bagagerie: sacs, valises, cartables	Déclaration de Perte
2855	2021-10-26T15:28:45+00:00	Angers Saint-Laud	0087484006	Valise, sac sur roulettes	Bagagerie: sacs, valises, cartables	Déclaration de Perte
2856	2024-11-09T13:33:56+00:00	Angers Saint-Laud	0087484006	Ordinateur, ordinateur portable, notebook protégé (étui, housse,…)	Appareils électroniques, informatiques, appareils photo	Déclaration de Perte
2857	2024-11-16T20:16:53+00:00	Angers Saint-Laud	0087484006	Valise, sac sur roulettes	Bagagerie: sacs, valises, cartables	Déclaration de Perte
2858	2024-10-21T17:10:42+00:00	Angers Saint-Laud	0087484006	Valise, sac sur roulettes	Bagagerie: sacs, valises, cartables	Déclaration de Perte
2859	2021-09-19T18:13:20+00:00	Angers Saint-Laud	0087484006	Téléphone portable protégé (étui, coque,…)	Appareils électroniques, informatiques, appareils photo	Déclaration de Perte
2860	2024-11-12T19:23:38+00:00	Angers Saint-Laud	0087484006	Téléphone portable protégé (étui, coque,…)	Appareils électroniques, informatiques, appareils photo	Déclaration de Perte
2861	2024-11-12T20:05:41+00:00	Angers Saint-Laud	0087484006	Carte d'abonnement	Pièces d'identités et papiers personnels	Déclaration de Perte
2862	2024-11-19T14:04:00+00:00	Angers Saint-Laud	0087484006	Porte-monnaie, portefeuille	Porte-monnaie / portefeuille, argent, titres	Déclaration de Perte
2863	2024-11-07T19:11:06+00:00	Angers Saint-Laud	0087484006	Valise, sac sur roulettes	Bagagerie: sacs, valises, cartables	Déclaration de Perte
2864	2021-08-23T06:42:50+00:00	Angers Saint-Laud	0087484006	Sac à main	Bagagerie: sacs, valises, cartables	Déclaration de Perte
2865	2021-10-13T10:13:22+00:00	Angers Saint-Laud	0087484006	Lunettes en étui	Optique	Déclaration de Perte
2866	2021-09-19T09:50:54+00:00	Angers Saint-Laud	0087484006	Sac à dos	Bagagerie: sacs, valises, cartables	Déclaration de Perte
2867	2021-10-03T19:46:51+00:00	Angers Saint-Laud	0087484006	Sac de voyage, sac de sport, sac à bandoulière	Bagagerie: sacs, valises, cartables	Déclaration de Perte
2868	2021-08-30T09:04:13+00:00	Angers Saint-Laud	0087484006	Appareils auditifs	Articles médicaux	Déclaration de Perte
2869	2021-11-13T12:50:16+00:00	Angers Saint-Laud	0087484006	Foulard, écharpe	Vêtements, chaussures	Déclaration de Perte
2870	2024-10-25T13:00:38+00:00	Angers Saint-Laud	0087484006	Sac à main	Bagagerie: sacs, valises, cartables	Déclaration de Perte
2871	2024-11-15T11:13:38+00:00	Angers Saint-Laud	0087484006	Valise, sac sur roulettes	Bagagerie: sacs, valises, cartables	Déclaration de Perte
2872	2024-08-29T07:31:37+00:00	Angers Saint-Laud	0087484006	Porte-monnaie, portefeuille	Porte-monnaie / portefeuille, argent, titres	Déclaration de Perte
2873	2024-10-22T15:39:07+00:00	Angers Saint-Laud	0087484006	Manteau, veste, blazer, parka, blouson, cape	Vêtements, chaussures	Déclaration de Perte
2874	2021-09-19T18:46:15+00:00	Angers Saint-Laud	0087484006	Pull over, gilet	Vêtements, chaussures	Déclaration de Perte
2875	2024-10-18T13:46:59+00:00	Angers Saint-Laud	0087484006	Manteau, veste, blazer, parka, blouson, cape	Vêtements, chaussures	Déclaration de Perte
2876	2021-09-23T14:00:50+00:00	Angers Saint-Laud	0087484006	Sac de voyage, sac de sport, sac à bandoulière	Bagagerie: sacs, valises, cartables	Déclaration de Perte
2877	2021-11-15T09:36:52+00:00	Angers Saint-Laud	0087484006	Téléphone portable	Appareils électroniques, informatiques, appareils photo	Déclaration de Perte
2878	2021-09-30T09:10:57+00:00	Angers Saint-Laud	0087484006	Lunettes en étui	Optique	Déclaration de Perte
2879	2024-11-23T16:58:20+00:00	Angers Saint-Laud	0087484006	Téléphone portable protégé (étui, coque,…)	Appareils électroniques, informatiques, appareils photo	Déclaration de Perte
2880	2024-10-25T17:18:59+00:00	Angers Saint-Laud	0087484006	Porte-monnaie, portefeuille	Porte-monnaie / portefeuille, argent, titres	Déclaration de Perte
2881	2024-11-07T21:51:30+00:00	Angers Saint-Laud	0087484006	Téléphone portable protégé (étui, coque,…)	Appareils électroniques, informatiques, appareils photo	Déclaration de Perte
2882	2021-03-11T11:06:36+00:00	Angers Saint-Laud	0087484006	Lunettes	Optique	Déclaration de Perte
2883	2024-10-25T10:47:18+00:00	Angers Saint-Laud	0087484006	Sac de voyage, sac de sport, sac à bandoulière	Bagagerie: sacs, valises, cartables	Déclaration de Perte
2884	2021-11-22T14:30:48+00:00	Angers Saint-Laud	0087484006	Sac à dos	Bagagerie: sacs, valises, cartables	Déclaration de Perte
2885	2024-11-20T17:33:54+00:00	Angers Saint-Laud	0087484006	Badge magnétique	Clés, porte-clés, badge magnétique	Déclaration de Perte
2886	2024-11-21T06:44:05+00:00	Angers Saint-Laud	0087484006	Clés, porte-clés	Clés, porte-clés, badge magnétique	Déclaration de Perte
2887	2024-11-25T11:55:51+00:00	Angers Saint-Laud	0087484006	Sac à dos	Bagagerie: sacs, valises, cartables	Déclaration de Perte
2888	2024-11-11T19:23:41+00:00	Angers Saint-Laud	0087484006	Manteau, veste, blazer, parka, blouson, cape	Vêtements, chaussures	Déclaration de Perte
2889	2024-11-26T20:24:04+00:00	Angers Saint-Laud	0087484006	Sac de voyage, sac de sport, sac à bandoulière	Bagagerie: sacs, valises, cartables	Déclaration de Perte
2890	2024-10-31T16:38:39+00:00	Angers Saint-Laud	0087484006	Sac d'enseigne (plastique, papier, …)	Bagagerie: sacs, valises, cartables	Déclaration de Perte
2891	2024-10-24T20:45:12+00:00	Angers Saint-Laud	0087484006	Sac à dos	Bagagerie: sacs, valises, cartables	Déclaration de Perte
2892	2024-10-16T18:13:19+00:00	Angers Saint-Laud	0087484006	Porte-monnaie, portefeuille	Porte-monnaie / portefeuille, argent, titres	Déclaration de Perte
2893	2024-10-30T21:32:37+00:00	Angers Saint-Laud	0087484006	Sac d'enseigne (plastique, papier, …)	Bagagerie: sacs, valises, cartables	Déclaration de Perte
2894	2021-06-13T12:23:36+00:00	Angers Saint-Laud	0087484006	Valise, sac sur roulettes	Bagagerie: sacs, valises, cartables	Déclaration de Perte
2895	2021-07-27T19:04:30+00:00	Angers Saint-Laud	0087484006	Valise, sac sur roulettes	Bagagerie: sacs, valises, cartables	Déclaration de Perte
2896	2021-11-02T13:33:35+00:00	Angers Saint-Laud	0087484006	Téléphone portable	Appareils électroniques, informatiques, appareils photo	Déclaration de Perte
2897	2024-11-04T13:56:31+00:00	Angers Saint-Laud	0087484006	Trottinette	Vélos, trottinettes, accessoires 2 roues	Déclaration de Perte
2898	2024-11-28T15:09:30+00:00	Angers Saint-Laud	0087484006	Téléphone portable	Appareils électroniques, informatiques, appareils photo	Déclaration de Perte
2899	2021-11-20T09:39:05+00:00	Angers Saint-Laud	0087484006	Attaché-case, serviette	Bagagerie: sacs, valises, cartables	Déclaration de Perte
2900	2024-06-11T06:49:35+00:00	Angers Saint-Laud	0087484006	Sac de voyage, sac de sport, sac à bandoulière	Bagagerie: sacs, valises, cartables	Déclaration de Perte
2901	2024-06-11T10:22:31+00:00	Angers Saint-Laud	0087484006	Bonnet, chapeau	Vêtements, chaussures	Déclaration de Perte
2902	2024-06-11T10:37:22+00:00	Angers Saint-Laud	0087484006	Téléphone portable protégé (étui, coque,…)	Appareils électroniques, informatiques, appareils photo	Déclaration de Perte
2903	2024-11-23T15:37:02+00:00	Angers Saint-Laud	0087484006	Ordinateur, ordinateur portable, notebook protégé (étui, housse,…)	Appareils électroniques, informatiques, appareils photo	Déclaration de Perte
2904	2024-10-04T08:30:49+00:00	Angers Saint-Laud	0087484006	Téléphone portable	Appareils électroniques, informatiques, appareils photo	Déclaration de Perte
2905	2024-05-25T08:28:04+00:00	Angers Saint-Laud	0087484006	Appareil audio portable (lecteur de CD, baladeur MP3, iPod, ... )	Appareils électroniques, informatiques, appareils photo	Déclaration de Perte
2906	2024-08-04T16:15:19+00:00	Angers Saint-Laud	0087484006	Sac de voyage, sac de sport, sac à bandoulière	Bagagerie: sacs, valises, cartables	Déclaration de Perte
2907	2021-08-24T15:34:48+00:00	Angers Saint-Laud	0087484006	Autres divers	Divers	Déclaration de Perte
2908	2024-11-10T18:04:12+00:00	Angers Saint-Laud	0087484006	Sac à dos	Bagagerie: sacs, valises, cartables	Déclaration de Perte
2909	2024-09-22T20:53:29+00:00	Angers Saint-Laud	0087484006	Sac de voyage, sac de sport, sac à bandoulière	Bagagerie: sacs, valises, cartables	Déclaration de Perte
2910	2024-06-11T17:58:44+00:00	Angers Saint-Laud	0087484006	Autres articles de papeterie	Livres, articles de papéterie	Déclaration de Perte
2911	2021-11-24T14:21:20+00:00	Angers Saint-Laud	0087484006	Valise, sac sur roulettes	Bagagerie: sacs, valises, cartables	Déclaration de Perte
2912	2024-11-29T14:45:45+00:00	Angers Saint-Laud	0087484006	Gourdes	Divers	Déclaration de Perte
2913	2024-11-29T12:11:19+00:00	Angers Saint-Laud	0087484006	Valise, sac sur roulettes	Bagagerie: sacs, valises, cartables	Déclaration de Perte
2914	2021-09-02T13:58:05+00:00	Angers Saint-Laud	0087484006	AirPod, casque audio, écouteurs	Appareils électroniques, informatiques, appareils photo	Déclaration de Perte
2915	2024-09-06T13:21:42+00:00	Angers Saint-Laud	0087484006	Carte d'identité, passeport, permis de conduire	Pièces d'identités et papiers personnels	Déclaration de Perte
2916	2024-10-07T14:18:10+00:00	Angers Saint-Laud	0087484006	Lunettes	Optique	Déclaration de Perte
2917	2024-07-16T06:58:27+00:00	Angers Saint-Laud	0087484006	Téléphone portable	Appareils électroniques, informatiques, appareils photo	Déclaration de Perte
2918	2020-02-18T18:49:27+00:00	Angers Saint-Laud	0087484006	Sac à dos	Bagagerie: sacs, valises, cartables	Déclaration de Perte
2919	2021-10-04T14:29:40+00:00	Angers Saint-Laud	0087484006	Valise, sac sur roulettes	Bagagerie: sacs, valises, cartables	Déclaration de Perte
2920	2024-10-06T19:43:53+00:00	Angers Saint-Laud	0087484006	Téléphone portable protégé (étui, coque,…)	Appareils électroniques, informatiques, appareils photo	Déclaration de Perte
2921	2024-09-11T19:33:46+00:00	Angers Saint-Laud	0087484006	Manteau, veste, blazer, parka, blouson, cape	Vêtements, chaussures	Déclaration de Perte
2922	2021-07-01T14:55:23+00:00	Angers Saint-Laud	0087484006	Sac d'enseigne (plastique, papier, …)	Bagagerie: sacs, valises, cartables	Déclaration de Perte
2923	2024-10-10T15:43:00+00:00	Angers Saint-Laud	0087484006	Autres divers	Divers	Déclaration de Perte
2924	2021-10-07T12:36:40+00:00	Angers Saint-Laud	0087484006	Porte-monnaie, portefeuille	Porte-monnaie / portefeuille, argent, titres	Déclaration de Perte
2925	2024-09-30T10:07:50+00:00	Angers Saint-Laud	0087484006	Outils, Accesoires	Articles de sport, loisirs, camping	Déclaration de Perte
2926	2021-11-15T10:01:15+00:00	Angers Saint-Laud	0087484006	Carte d'identité, passeport, permis de conduire	Pièces d'identités et papiers personnels	Déclaration de Perte
2927	2021-11-16T17:42:58+00:00	Angers Saint-Laud	0087484006	Valise, sac sur roulettes	Bagagerie: sacs, valises, cartables	Déclaration de Perte
2928	2024-11-14T19:48:30+00:00	Angers Saint-Laud	0087484006	Sac de voyage, sac de sport, sac à bandoulière	Bagagerie: sacs, valises, cartables	Déclaration de Perte
2929	2022-03-28T17:18:12+00:00	Angers Saint-Laud	0087484006	Sac à dos	Bagagerie: sacs, valises, cartables	Déclaration de Perte
2930	2024-11-15T10:12:12+00:00	Angers Saint-Laud	0087484006	Sac à dos	Bagagerie: sacs, valises, cartables	Déclaration de Perte
2931	2024-10-21T18:19:05+00:00	Angers Saint-Laud	0087484006	Autres divers	Divers	Déclaration de Perte
2932	2021-10-01T18:57:55+00:00	Angers Saint-Laud	0087484006	Valise, sac sur roulettes	Bagagerie: sacs, valises, cartables	Déclaration de Perte
2933	2021-05-28T15:23:55+00:00	Angers Saint-Laud	0087484006	Manteau, veste, blazer, parka, blouson, cape	Vêtements, chaussures	Déclaration de Perte
2934	2024-06-28T09:20:07+00:00	Angers Saint-Laud	0087484006	Clés, porte-clés	Clés, porte-clés, badge magnétique	Déclaration de Perte
2935	2024-09-12T18:58:13+00:00	Angers Saint-Laud	0087484006	Valise, sac sur roulettes	Bagagerie: sacs, valises, cartables	Déclaration de Perte
2936	2024-10-12T09:29:33+00:00	Angers Saint-Laud	0087484006	Couteau de poche, autre couteau	Divers	Déclaration de Perte
2937	2024-09-12T08:32:39+00:00	Angers Saint-Laud	0087484006	Bonnet, chapeau	Vêtements, chaussures	Déclaration de Perte
2938	2024-09-13T09:12:10+00:00	Angers Saint-Laud	0087484006	Sac à main	Bagagerie: sacs, valises, cartables	Déclaration de Perte
2939	2021-10-13T13:53:51+00:00	Angers Saint-Laud	0087484006	Foulard, écharpe	Vêtements, chaussures	Déclaration de Perte
2940	2024-09-30T20:07:31+00:00	Angers Saint-Laud	0087484006	Porte-monnaie, portefeuille	Porte-monnaie / portefeuille, argent, titres	Déclaration de Perte
2941	2022-11-27T17:11:07+00:00	Angers Saint-Laud	0087484006	Sac de voyage, sac de sport, sac à bandoulière	Bagagerie: sacs, valises, cartables	Déclaration de Perte
2942	2024-09-16T20:32:02+00:00	Angers Saint-Laud	0087484006	Téléphone portable	Appareils électroniques, informatiques, appareils photo	Déclaration de Perte
2943	2021-09-30T17:31:08+00:00	Angers Saint-Laud	0087484006	Sac d'enseigne (plastique, papier, …)	Bagagerie: sacs, valises, cartables	Déclaration de Perte
2944	2024-11-22T08:26:45+00:00	Angers Saint-Laud	0087484006	Clé de voiture	Clés, porte-clés, badge magnétique	Déclaration de Perte
2945	2024-11-21T20:10:46+00:00	Angers Saint-Laud	0087484006	Sac de voyage, sac de sport, sac à bandoulière	Bagagerie: sacs, valises, cartables	Déclaration de Perte
2946	2024-10-23T10:19:21+00:00	Angers Saint-Laud	0087484006	Sac à dos	Bagagerie: sacs, valises, cartables	Déclaration de Perte
2947	2024-11-24T11:33:36+00:00	Angers Saint-Laud	0087484006	Sacs de couchage, duvet	Articles de sport, loisirs, camping	Déclaration de Perte
2948	2024-11-24T17:10:06+00:00	Angers Saint-Laud	0087484006	Sac à dos	Bagagerie: sacs, valises, cartables	Déclaration de Perte
2949	2024-09-17T06:12:05+00:00	Angers Saint-Laud	0087484006	Sac à dos	Bagagerie: sacs, valises, cartables	Déclaration de Perte
2950	2021-11-17T12:54:16+00:00	Angers Saint-Laud	0087484006	Sac à dos	Bagagerie: sacs, valises, cartables	Déclaration de Perte
2951	2024-10-07T07:57:38+00:00	Angers Saint-Laud	0087484006	Sac d'enseigne (plastique, papier, …)	Bagagerie: sacs, valises, cartables	Déclaration de Perte
2952	2024-11-23T17:02:24+00:00	Angers Saint-Laud	0087484006	Téléphone portable protégé (étui, coque,…)	Appareils électroniques, informatiques, appareils photo	Déclaration de Perte
2953	2024-10-21T16:55:36+00:00	Angers Saint-Laud	0087484006	Manteau, veste, blazer, parka, blouson, cape	Vêtements, chaussures	Déclaration de Perte
2954	2024-10-15T10:15:27+00:00	Angers Saint-Laud	0087484006	Sac à dos	Bagagerie: sacs, valises, cartables	Déclaration de Perte
2955	2024-09-16T18:12:17+00:00	Angers Saint-Laud	0087484006	Autres appareils et accessoires électroniques	Appareils électroniques, informatiques, appareils photo	Déclaration de Perte
2956	2024-10-20T18:30:07+00:00	Angers Saint-Laud	0087484006	Valise, sac sur roulettes	Bagagerie: sacs, valises, cartables	Déclaration de Perte
2957	2021-10-13T13:53:48+00:00	Angers Saint-Laud	0087484006	Foulard, écharpe	Vêtements, chaussures	Déclaration de Perte
2958	2021-11-18T15:48:04+00:00	Angers Saint-Laud	0087484006	Sac d'enseigne (plastique, papier, …)	Bagagerie: sacs, valises, cartables	Déclaration de Perte
2959	2021-06-17T10:57:43+00:00	Angers Saint-Laud	0087484006	Sac à main	Bagagerie: sacs, valises, cartables	Déclaration de Perte
2960	2021-06-18T08:34:10+00:00	Angers Saint-Laud	0087484006	Billets SNCF	Pièces d'identités et papiers personnels	Déclaration de Perte
2961	2021-08-25T17:11:48+00:00	Angers Saint-Laud	0087484006	Appareil audio portable (lecteur de CD, baladeur MP3, iPod, ... )	Appareils électroniques, informatiques, appareils photo	Déclaration de Perte
2962	2024-11-16T10:25:31+00:00	Angers Saint-Laud	0087484006	Valise, sac sur roulettes	Bagagerie: sacs, valises, cartables	Déclaration de Perte
2963	2024-10-25T13:41:04+00:00	Angers Saint-Laud	0087484006	AirPod, casque audio, écouteurs	Appareils électroniques, informatiques, appareils photo	Déclaration de Perte
2964	2021-06-25T21:41:03+00:00	Angers Saint-Laud	0087484006	Sac à dos	Bagagerie: sacs, valises, cartables	Déclaration de Perte
2965	2024-07-12T17:36:17+00:00	Angers Saint-Laud	0087484006	Valise, sac sur roulettes	Bagagerie: sacs, valises, cartables	Déclaration de Perte
2966	2024-11-07T09:56:06+00:00	Angers Saint-Laud	0087484006	Badge magnétique	Clés, porte-clés, badge magnétique	Déclaration de Perte
2967	2024-07-03T20:03:47+00:00	Angers Saint-Laud	0087484006	Sac de voyage, sac de sport, sac à bandoulière	Bagagerie: sacs, valises, cartables	Déclaration de Perte
2968	2021-10-21T16:17:52+00:00	Angers Saint-Laud	0087484006	Nécessaire, mallette de toilette, sac de maquillage	Bagagerie: sacs, valises, cartables	Déclaration de Perte
2969	2024-10-30T12:09:34+00:00	Angers Saint-Laud	0087484006	Valise, sac sur roulettes	Bagagerie: sacs, valises, cartables	Déclaration de Perte
2970	2024-10-22T18:52:51+00:00	Angers Saint-Laud	0087484006	Sac à dos	Bagagerie: sacs, valises, cartables	Déclaration de Perte
2971	2024-11-01T12:31:53+00:00	Angers Saint-Laud	0087484006	Valise, sac sur roulettes	Bagagerie: sacs, valises, cartables	Déclaration de Perte
2972	2024-07-26T13:50:25+00:00	Angers Saint-Laud	0087484006	AirPod, casque audio, écouteurs	Appareils électroniques, informatiques, appareils photo	Déclaration de Perte
2973	2024-11-24T16:06:27+00:00	Angers Saint-Laud	0087484006	Sac à dos	Bagagerie: sacs, valises, cartables	Déclaration de Perte
2974	2021-10-23T15:21:31+00:00	Angers Saint-Laud	0087484006	Porte-monnaie, portefeuille	Porte-monnaie / portefeuille, argent, titres	Déclaration de Perte
2975	2021-07-02T17:16:18+00:00	Angers Saint-Laud	0087484006	Clés, porte-clés	Clés, porte-clés, badge magnétique	Déclaration de Perte
2976	2024-07-01T19:23:21+00:00	Angers Saint-Laud	0087484006	Manteau, veste, blazer, parka, blouson, cape	Vêtements, chaussures	Déclaration de Perte
2977	2021-09-03T20:24:19+00:00	Angers Saint-Laud	0087484006	Autre pièce ou papier personnel	Pièces d'identités et papiers personnels	Déclaration de Perte
2978	2021-09-10T09:20:46+00:00	Angers Saint-Laud	0087484006	Pull over, gilet	Vêtements, chaussures	Déclaration de Perte
2979	2021-08-26T10:26:47+00:00	Angers Saint-Laud	0087484006	Sac à dos	Bagagerie: sacs, valises, cartables	Déclaration de Perte
2980	2021-10-21T12:53:31+00:00	Angers Saint-Laud	0087484006	Sac à dos	Bagagerie: sacs, valises, cartables	Déclaration de Perte
2981	2024-10-03T07:07:37+00:00	Angers Saint-Laud	0087484006	Clés, porte-clés	Clés, porte-clés, badge magnétique	Déclaration de Perte
2982	2024-10-02T19:13:58+00:00	Angers Saint-Laud	0087484006	Valise, sac sur roulettes	Bagagerie: sacs, valises, cartables	Déclaration de Perte
2983	2024-10-01T17:19:50+00:00	Angers Saint-Laud	0087484006	Sac à main	Bagagerie: sacs, valises, cartables	Déclaration de Perte
2984	2024-09-20T19:59:40+00:00	Angers Saint-Laud	0087484006	Porte-monnaie, portefeuille	Porte-monnaie / portefeuille, argent, titres	Déclaration de Perte
2985	2024-10-20T15:45:54+00:00	Angers Saint-Laud	0087484006	Sac à dos	Bagagerie: sacs, valises, cartables	Déclaration de Perte
2986	2021-07-10T11:44:43+00:00	Angers Saint-Laud	0087484006	Téléphone portable protégé (étui, coque,…)	Appareils électroniques, informatiques, appareils photo	Déclaration de Perte
2987	2021-07-10T11:54:34+00:00	Angers Saint-Laud	0087484006	Sac à dos	Bagagerie: sacs, valises, cartables	Déclaration de Perte
2988	2024-10-04T10:45:54+00:00	Angers Saint-Laud	0087484006	Sac à dos	Bagagerie: sacs, valises, cartables	Déclaration de Perte
2989	2024-10-27T16:21:52+00:00	Angers Saint-Laud	0087484006	Autres vêtements	Vêtements, chaussures	Déclaration de Perte
2990	2024-10-14T18:14:15+00:00	Angers Saint-Laud	0087484006	Valise, sac sur roulettes	Bagagerie: sacs, valises, cartables	Déclaration de Perte
2991	2021-07-12T10:24:18+00:00	Angers Saint-Laud	0087484006	Billets SNCF	Pièces d'identités et papiers personnels	Déclaration de Perte
2992	2024-10-24T20:53:40+00:00	Angers Saint-Laud	0087484006	Sac à dos	Bagagerie: sacs, valises, cartables	Déclaration de Perte
2993	2024-09-09T17:37:26+00:00	Angers Saint-Laud	0087484006	Guitare	Instruments de musique	Déclaration de Perte
2994	2024-06-10T13:50:20+00:00	Angers Saint-Laud	0087484006	Porte-monnaie, portefeuille	Porte-monnaie / portefeuille, argent, titres	Déclaration de Perte
2995	2024-07-13T11:05:22+00:00	Angers Saint-Laud	0087484006	Sac à dos	Bagagerie: sacs, valises, cartables	Déclaration de Perte
2996	2024-10-26T21:00:46+00:00	Angers Saint-Laud	0087484006	Sac à dos	Bagagerie: sacs, valises, cartables	Déclaration de Perte
2997	2024-09-27T10:16:56+00:00	Angers Saint-Laud	0087484006	Valise, sac sur roulettes	Bagagerie: sacs, valises, cartables	Déclaration de Perte
2998	2024-06-06T12:19:48+00:00	Angers Saint-Laud	0087484006	Sac de voyage, sac de sport, sac à bandoulière	Bagagerie: sacs, valises, cartables	Déclaration de Perte
2999	2021-10-25T14:08:09+00:00	Angers Saint-Laud	0087484006	Béquilles	Articles médicaux	Déclaration de Perte
3000	2024-06-14T12:48:51+00:00	Angers Saint-Laud	0087484006	Valise, sac sur roulettes	Bagagerie: sacs, valises, cartables	Déclaration de Perte
3001	2024-10-28T11:03:23+00:00	Angers Saint-Laud	0087484006	Porte-monnaie, portefeuille	Porte-monnaie / portefeuille, argent, titres	Déclaration de Perte
3002	2024-07-18T15:25:11+00:00	Angers Saint-Laud	0087484006	Bracelet	Bijoux, montres	Déclaration de Perte
3003	2024-07-18T15:27:06+00:00	Angers Saint-Laud	0087484006	Bracelet	Bijoux, montres	Déclaration de Perte
3004	2024-10-11T05:56:49+00:00	Angers Saint-Laud	0087484006	Autres divers	Divers	Déclaration de Perte
3005	2024-07-14T20:26:43+00:00	Angers Saint-Laud	0087484006	Autres articles de papeterie	Livres, articles de papéterie	Déclaration de Perte
3006	2021-09-12T14:59:24+00:00	Angers Saint-Laud	0087484006	Téléphone portable protégé (étui, coque,…)	Appareils électroniques, informatiques, appareils photo	Déclaration de Perte
3007	2024-10-07T12:42:20+00:00	Angers Saint-Laud	0087484006	Valise, sac sur roulettes	Bagagerie: sacs, valises, cartables	Déclaration de Perte
3008	2024-07-18T13:57:47+00:00	Angers Saint-Laud	0087484006	Clés, porte-clés	Clés, porte-clés, badge magnétique	Déclaration de Perte
3009	2024-07-18T12:17:50+00:00	Angers Saint-Laud	0087484006	Valise, sac sur roulettes	Bagagerie: sacs, valises, cartables	Déclaration de Perte
3010	2024-10-30T12:27:10+00:00	Angers Saint-Laud	0087484006	Sac à main	Bagagerie: sacs, valises, cartables	Déclaration de Perte
3011	2024-05-24T12:41:54+00:00	Angers Saint-Laud	0087484006	Sac à dos	Bagagerie: sacs, valises, cartables	Déclaration de Perte
3012	2024-09-15T20:52:15+00:00	Angers Saint-Laud	0087484006	Manteau, veste, blazer, parka, blouson, cape	Vêtements, chaussures	Déclaration de Perte
3013	2020-10-22T17:58:42+00:00	Angers Saint-Laud	0087484006	Sac de voyage, sac de sport, sac à bandoulière	Bagagerie: sacs, valises, cartables	Déclaration de Perte
3014	2024-06-22T19:50:35+00:00	Angers Saint-Laud	0087484006	Sac à main	Bagagerie: sacs, valises, cartables	Déclaration de Perte
3015	2024-07-18T09:15:28+00:00	Angers Saint-Laud	0087484006	Appareils auditifs	Articles médicaux	Déclaration de Perte
3016	2024-03-24T12:01:32+00:00	Angers Saint-Laud	0087484006	Porte-monnaie, portefeuille	Porte-monnaie / portefeuille, argent, titres	Déclaration de Perte
3017	2024-06-11T15:57:19+00:00	Angers Saint-Laud	0087484006	Porte-monnaie, portefeuille	Porte-monnaie / portefeuille, argent, titres	Déclaration de Perte
3018	2021-08-18T14:57:20+00:00	Angers Saint-Laud	0087484006	Accessoires 2 roues	Vélos, trottinettes, accessoires 2 roues	Déclaration de Perte
3019	2024-09-17T16:13:45+00:00	Angers Saint-Laud	0087484006	Autres divers	Divers	Déclaration de Perte
3020	2024-07-12T20:16:50+00:00	Angers Saint-Laud	0087484006	Sac de voyage, sac de sport, sac à bandoulière	Bagagerie: sacs, valises, cartables	Déclaration de Perte
3021	2021-10-14T17:55:56+00:00	Angers Saint-Laud	0087484006	Sac à dos	Bagagerie: sacs, valises, cartables	Déclaration de Perte
3022	2024-07-14T19:58:21+00:00	Angers Saint-Laud	0087484006	Valise, sac sur roulettes	Bagagerie: sacs, valises, cartables	Déclaration de Perte
3023	2024-08-09T17:52:29+00:00	Angers Saint-Laud	0087484006	Sac à dos	Bagagerie: sacs, valises, cartables	Déclaration de Perte
3024	2024-06-16T11:47:12+00:00	Angers Saint-Laud	0087484006	Valise, sac sur roulettes	Bagagerie: sacs, valises, cartables	Déclaration de Perte
3025	2024-09-19T20:08:18+00:00	Angers Saint-Laud	0087484006	Valise, sac sur roulettes	Bagagerie: sacs, valises, cartables	Déclaration de Perte
3026	2024-07-25T07:59:27+00:00	Angers Saint-Laud	0087484006	Cartable, trousse d'écolier, dossier scolaire	Articles d'enfants, de puériculture	Déclaration de Perte
3027	2024-06-17T09:23:32+00:00	Angers Saint-Laud	0087484006	Manteau, veste, blazer, parka, blouson, cape	Vêtements, chaussures	Déclaration de Perte
3028	2024-08-20T05:47:47+00:00	Angers Saint-Laud	0087484006	Sac à dos	Bagagerie: sacs, valises, cartables	Déclaration de Perte
3029	2021-10-05T16:20:43+00:00	Angers Saint-Laud	0087484006	Téléphone portable	Appareils électroniques, informatiques, appareils photo	Déclaration de Perte
3030	2024-06-26T06:56:50+00:00	Angers Saint-Laud	0087484006	Lunettes	Optique	Déclaration de Perte
3031	2024-06-11T17:03:02+00:00	Angers Saint-Laud	0087484006	Valise, sac sur roulettes	Bagagerie: sacs, valises, cartables	Déclaration de Perte
3032	2021-08-27T16:08:54+00:00	Angers Saint-Laud	0087484006	Sac d'enseigne (plastique, papier, …)	Bagagerie: sacs, valises, cartables	Déclaration de Perte
3033	2024-06-07T17:55:04+00:00	Angers Saint-Laud	0087484006	Valise, sac sur roulettes	Bagagerie: sacs, valises, cartables	Déclaration de Perte
3034	2021-07-24T09:23:28+00:00	Angers Saint-Laud	0087484006	Vélo	Vélos, trottinettes, accessoires 2 roues	Déclaration de Perte
3035	2024-07-07T16:12:54+00:00	Angers Saint-Laud	0087484006	Valise, sac sur roulettes	Bagagerie: sacs, valises, cartables	Déclaration de Perte
3036	2024-10-23T07:20:07+00:00	Angers Saint-Laud	0087484006	Sac de voyage, sac de sport, sac à bandoulière	Bagagerie: sacs, valises, cartables	Déclaration de Perte
3037	2024-01-26T22:10:15+00:00	Angers Saint-Laud	0087484006	Sac d'enseigne (plastique, papier, …)	Bagagerie: sacs, valises, cartables	Déclaration de Perte
3038	2024-07-30T15:53:17+00:00	Angers Saint-Laud	0087484006	Appareil audio portable (lecteur de CD, baladeur MP3, iPod, ... )	Appareils électroniques, informatiques, appareils photo	Déclaration de Perte
3039	2021-06-12T06:59:05+00:00	Angers Saint-Laud	0087484006	Lunettes en étui	Optique	Déclaration de Perte
3040	2021-08-24T12:27:18+00:00	Angers Saint-Laud	0087484006	Porte-monnaie, portefeuille	Porte-monnaie / portefeuille, argent, titres	Déclaration de Perte
3041	2024-06-29T13:06:49+00:00	Angers Saint-Laud	0087484006	Valise, sac sur roulettes	Bagagerie: sacs, valises, cartables	Déclaration de Perte
3042	2021-09-08T07:21:02+00:00	Angers Saint-Laud	0087484006	Sac de voyage, sac de sport, sac à bandoulière	Bagagerie: sacs, valises, cartables	Déclaration de Perte
3043	2024-07-23T04:19:43+00:00	Angers Saint-Laud	0087484006	Sac à dos	Bagagerie: sacs, valises, cartables	Déclaration de Perte
3044	2021-06-10T09:58:48+00:00	Angers Saint-Laud	0087484006	Lunettes	Optique	Déclaration de Perte
3045	2024-08-01T14:26:26+00:00	Angers Saint-Laud	0087484006	Sac de voyage, sac de sport, sac à bandoulière	Bagagerie: sacs, valises, cartables	Déclaration de Perte
3046	2022-10-31T09:32:02+00:00	Angers Saint-Laud	0087484006	Sac d'enseigne (plastique, papier, …)	Bagagerie: sacs, valises, cartables	Déclaration de Perte
3047	2021-06-04T15:17:37+00:00	Angers Saint-Laud	0087484006	Valise, sac sur roulettes	Bagagerie: sacs, valises, cartables	Déclaration de Perte
3048	2021-06-03T12:18:10+00:00	Angers Saint-Laud	0087484006	Téléphone portable protégé (étui, coque,…)	Appareils électroniques, informatiques, appareils photo	Déclaration de Perte
3049	2021-06-29T15:35:41+00:00	Angers Saint-Laud	0087484006	Téléphone portable protégé (étui, coque,…)	Appareils électroniques, informatiques, appareils photo	Déclaration de Perte
3050	2021-06-20T19:17:32+00:00	Angers Saint-Laud	0087484006	Téléphone portable	Appareils électroniques, informatiques, appareils photo	Déclaration de Perte
3051	2021-05-27T09:47:37+00:00	Angers Saint-Laud	0087484006	Sac à dos	Bagagerie: sacs, valises, cartables	Déclaration de Perte
3052	2021-10-12T17:02:22+00:00	Angers Saint-Laud	0087484006	Manteau, veste, blazer, parka, blouson, cape	Vêtements, chaussures	Déclaration de Perte
3053	2021-10-25T14:08:06+00:00	Angers Saint-Laud	0087484006	Béquilles	Articles médicaux	Déclaration de Perte
3054	2021-07-31T16:01:08+00:00	Angers Saint-Laud	0087484006	Sac à dos	Bagagerie: sacs, valises, cartables	Déclaration de Perte
3055	2021-06-09T10:24:42+00:00	Angers Saint-Laud	0087484006	Valise, sac sur roulettes	Bagagerie: sacs, valises, cartables	Déclaration de Perte
3056	2021-06-26T06:03:51+00:00	Angers Saint-Laud	0087484006	Sacoche pour ordinateur, photo, vidéo	Bagagerie: sacs, valises, cartables	Déclaration de Perte
3057	2021-06-22T09:37:13+00:00	Angers Saint-Laud	0087484006	Téléphone portable protégé (étui, coque,…)	Appareils électroniques, informatiques, appareils photo	Déclaration de Perte
3058	2021-06-28T11:46:20+00:00	Angers Saint-Laud	0087484006	Valise, sac sur roulettes	Bagagerie: sacs, valises, cartables	Déclaration de Perte
3059	2024-07-03T06:34:09+00:00	Angers Saint-Laud	0087484006	Manteau, veste, blazer, parka, blouson, cape	Vêtements, chaussures	Déclaration de Perte
3060	2024-07-04T15:10:20+00:00	Angers Saint-Laud	0087484006	Téléphone portable protégé (étui, coque,…)	Appareils électroniques, informatiques, appareils photo	Déclaration de Perte
3061	2021-08-30T08:25:19+00:00	Angers Saint-Laud	0087484006	Valise, sac sur roulettes	Bagagerie: sacs, valises, cartables	Déclaration de Perte
3062	2024-07-04T18:30:43+00:00	Angers Saint-Laud	0087484006	Téléphone portable	Appareils électroniques, informatiques, appareils photo	Déclaration de Perte
3063	2021-06-29T15:23:25+00:00	Angers Saint-Laud	0087484006	Lunettes	Optique	Déclaration de Perte
3064	2021-06-10T07:41:42+00:00	Angers Saint-Laud	0087484006	Clés, porte-clés	Clés, porte-clés, badge magnétique	Déclaration de Perte
3065	2021-09-03T14:10:46+00:00	Angers Saint-Laud	0087484006	Tablette tactile protégée (étui, housse)	Appareils électroniques, informatiques, appareils photo	Déclaration de Perte
3066	2021-07-02T15:54:11+00:00	Angers Saint-Laud	0087484006	Appareil audio portable (lecteur de CD, baladeur MP3, iPod, ... )	Appareils électroniques, informatiques, appareils photo	Déclaration de Perte
3067	2021-07-05T09:29:08+00:00	Angers Saint-Laud	0087484006	Téléphone portable protégé (étui, coque,…)	Appareils électroniques, informatiques, appareils photo	Déclaration de Perte
3068	2021-07-05T20:14:52+00:00	Angers Saint-Laud	0087484006	Carte de crédit	Porte-monnaie / portefeuille, argent, titres	Déclaration de Perte
3069	2021-08-05T11:06:13+00:00	Angers Saint-Laud	0087484006	Sac de voyage, sac de sport, sac à bandoulière	Bagagerie: sacs, valises, cartables	Déclaration de Perte
3070	2021-07-06T14:21:57+00:00	Angers Saint-Laud	0087484006	Sacoche ventrale, banane	Bagagerie: sacs, valises, cartables	Déclaration de Perte
3071	2021-07-06T12:44:25+00:00	Angers Saint-Laud	0087484006	Valise, sac sur roulettes	Bagagerie: sacs, valises, cartables	Déclaration de Perte
3072	2021-07-06T14:41:33+00:00	Angers Saint-Laud	0087484006	Sac à dos	Bagagerie: sacs, valises, cartables	Déclaration de Perte
3073	2021-06-25T06:20:20+00:00	Angers Saint-Laud	0087484006	AirPod, casque audio, écouteurs	Appareils électroniques, informatiques, appareils photo	Déclaration de Perte
3074	2021-06-25T10:55:18+00:00	Angers Saint-Laud	0087484006	Sacoche pour ordinateur, photo, vidéo	Bagagerie: sacs, valises, cartables	Déclaration de Perte
3075	2021-07-27T15:47:11+00:00	Angers Saint-Laud	0087484006	Téléphone portable protégé (étui, coque,…)	Appareils électroniques, informatiques, appareils photo	Déclaration de Perte
3076	2021-07-27T14:58:07+00:00	Angers Saint-Laud	0087484006	Sac à dos	Bagagerie: sacs, valises, cartables	Déclaration de Perte
3077	2021-06-30T13:39:38+00:00	Angers Saint-Laud	0087484006	Lunettes	Optique	Déclaration de Perte
3078	2024-08-09T17:46:09+00:00	Angers Saint-Laud	0087484006	Sac à dos	Bagagerie: sacs, valises, cartables	Déclaration de Perte
3079	2021-07-01T18:52:30+00:00	Angers Saint-Laud	0087484006	Valise, sac sur roulettes	Bagagerie: sacs, valises, cartables	Déclaration de Perte
3080	2021-07-13T19:30:43+00:00	Angers Saint-Laud	0087484006	Téléphone portable protégé (étui, coque,…)	Appareils électroniques, informatiques, appareils photo	Déclaration de Perte
3081	2021-07-15T10:29:57+00:00	Angers Saint-Laud	0087484006	Sac de voyage, sac de sport, sac à bandoulière	Bagagerie: sacs, valises, cartables	Déclaration de Perte
3082	2024-07-16T08:14:38+00:00	Angers Saint-Laud	0087484006	Sac à dos	Bagagerie: sacs, valises, cartables	Déclaration de Perte
3083	2024-08-27T17:53:34+00:00	Angers Saint-Laud	0087484006	Casque (vélo, moto)	Vélos, trottinettes, accessoires 2 roues	Déclaration de Perte
3084	2024-09-06T08:26:16+00:00	Angers Saint-Laud	0087484006	Accessoires 2 roues	Vélos, trottinettes, accessoires 2 roues	Déclaration de Perte
3085	2024-07-08T13:19:17+00:00	Angers Saint-Laud	0087484006	Manteau, veste, blazer, parka, blouson, cape	Vêtements, chaussures	Déclaration de Perte
3086	2022-03-07T09:29:33+00:00	Angers Saint-Laud	0087484006	Foulard, écharpe	Vêtements, chaussures	Déclaration de Perte
3087	2021-07-06T16:34:57+00:00	Angers Saint-Laud	0087484006	Tablette tactile protégée (étui, housse)	Appareils électroniques, informatiques, appareils photo	Déclaration de Perte
3088	2021-08-06T17:18:50+00:00	Angers Saint-Laud	0087484006	Pull over, gilet	Vêtements, chaussures	Déclaration de Perte
3089	2021-07-08T19:32:56+00:00	Angers Saint-Laud	0087484006	Sac d'enseigne (plastique, papier, …)	Bagagerie: sacs, valises, cartables	Déclaration de Perte
3090	2021-08-08T18:09:05+00:00	Angers Saint-Laud	0087484006	Sac d'enseigne (plastique, papier, …)	Bagagerie: sacs, valises, cartables	Déclaration de Perte
3091	2024-08-08T16:40:27+00:00	Angers Saint-Laud	0087484006	Clés, porte-clés	Clés, porte-clés, badge magnétique	Déclaration de Perte
3092	2024-07-20T17:04:21+00:00	Angers Saint-Laud	0087484006	Sac à dos	Bagagerie: sacs, valises, cartables	Déclaration de Perte
3093	2024-07-10T12:45:11+00:00	Angers Saint-Laud	0087484006	Porte-monnaie, portefeuille	Porte-monnaie / portefeuille, argent, titres	Déclaration de Perte
3094	2024-07-31T11:50:37+00:00	Angers Saint-Laud	0087484006	Valise, sac sur roulettes	Bagagerie: sacs, valises, cartables	Déclaration de Perte
3095	2024-07-13T10:42:31+00:00	Angers Saint-Laud	0087484006	Sac à dos	Bagagerie: sacs, valises, cartables	Déclaration de Perte
3096	2024-08-10T19:10:40+00:00	Angers Saint-Laud	0087484006	Casque (vélo, moto)	Vélos, trottinettes, accessoires 2 roues	Déclaration de Perte
3097	2024-09-10T14:00:00+00:00	Angers Saint-Laud	0087484006	Doudou, peluche	Articles d'enfants, de puériculture	Déclaration de Perte
3098	2021-08-10T12:35:06+00:00	Angers Saint-Laud	0087484006	Carte d'identité, passeport, permis de conduire	Pièces d'identités et papiers personnels	Déclaration de Perte
3099	2024-08-11T15:02:39+00:00	Angers Saint-Laud	0087484006	AirPod, casque audio, écouteurs	Appareils électroniques, informatiques, appareils photo	Déclaration de Perte
3100	2021-07-11T13:52:47+00:00	Angers Saint-Laud	0087484006	Valise, sac sur roulettes	Bagagerie: sacs, valises, cartables	Déclaration de Perte
3101	2021-07-07T14:42:37+00:00	Angers Saint-Laud	0087484006	Manteau, veste, blazer, parka, blouson, cape	Vêtements, chaussures	Déclaration de Perte
3102	2021-08-09T14:51:24+00:00	Angers Saint-Laud	0087484006	Autres divers	Divers	Déclaration de Perte
3103	2021-08-09T14:51:23+00:00	Angers Saint-Laud	0087484006	Autres divers	Divers	Déclaration de Perte
3104	2022-11-14T20:59:50+00:00	Angers Saint-Laud	0087484006	Sac de voyage, sac de sport, sac à bandoulière	Bagagerie: sacs, valises, cartables	Déclaration de Perte
3105	2021-07-12T08:41:36+00:00	Angers Saint-Laud	0087484006	Sac d'enseigne (plastique, papier, …)	Bagagerie: sacs, valises, cartables	Déclaration de Perte
3106	2024-09-09T17:51:17+00:00	Angers Saint-Laud	0087484006	Sacoche ventrale, banane	Bagagerie: sacs, valises, cartables	Déclaration de Perte
3107	2021-07-13T18:27:29+00:00	Angers Saint-Laud	0087484006	Valise, sac sur roulettes	Bagagerie: sacs, valises, cartables	Déclaration de Perte
3108	2024-07-14T05:40:55+00:00	Angers Saint-Laud	0087484006	Sac de voyage, sac de sport, sac à bandoulière	Bagagerie: sacs, valises, cartables	Déclaration de Perte
3109	2024-09-12T09:39:16+00:00	Angers Saint-Laud	0087484006	Valise, sac sur roulettes	Bagagerie: sacs, valises, cartables	Déclaration de Perte
3110	2024-08-09T13:53:17+00:00	Angers Saint-Laud	0087484006	Sac d'enseigne (plastique, papier, …)	Bagagerie: sacs, valises, cartables	Déclaration de Perte
3111	2021-07-13T13:24:29+00:00	Angers Saint-Laud	0087484006	Manteau, veste, blazer, parka, blouson, cape	Vêtements, chaussures	Déclaration de Perte
3112	2021-08-12T16:11:56+00:00	Angers Saint-Laud	0087484006	Autre livre	Livres, articles de papéterie	Déclaration de Perte
3113	2021-08-12T17:49:14+00:00	Angers Saint-Laud	0087484006	Sac à dos	Bagagerie: sacs, valises, cartables	Déclaration de Perte
3114	2021-08-12T18:18:46+00:00	Angers Saint-Laud	0087484006	Clés, porte-clés	Clés, porte-clés, badge magnétique	Déclaration de Perte
3115	2021-07-09T19:37:45+00:00	Angers Saint-Laud	0087484006	Valise, sac sur roulettes	Bagagerie: sacs, valises, cartables	Déclaration de Perte
3116	2024-07-15T06:28:20+00:00	Angers Saint-Laud	0087484006	Autres divers	Divers	Déclaration de Perte
3117	2024-07-27T10:22:55+00:00	Angers Saint-Laud	0087484006	Sac d'enseigne (plastique, papier, …)	Bagagerie: sacs, valises, cartables	Déclaration de Perte
3118	2021-07-12T10:28:03+00:00	Angers Saint-Laud	0087484006	Billets SNCF	Pièces d'identités et papiers personnels	Déclaration de Perte
3119	2024-09-12T08:17:50+00:00	Angers Saint-Laud	0087484006	Sac à dos	Bagagerie: sacs, valises, cartables	Déclaration de Perte
3120	2021-07-31T08:01:10+00:00	Angers Saint-Laud	0087484006	Porte-monnaie, portefeuille	Porte-monnaie / portefeuille, argent, titres	Déclaration de Perte
3121	2021-08-01T18:46:24+00:00	Angers Saint-Laud	0087484006	Pull over, gilet	Vêtements, chaussures	Déclaration de Perte
3122	2024-09-14T14:01:05+00:00	Angers Saint-Laud	0087484006	Téléphone portable protégé (étui, coque,…)	Appareils électroniques, informatiques, appareils photo	Déclaration de Perte
3123	2021-08-14T19:16:21+00:00	Angers Saint-Laud	0087484006	Outils, Accesoires	Articles de sport, loisirs, camping	Déclaration de Perte
3124	2021-08-15T17:49:55+00:00	Angers Saint-Laud	0087484006	Téléphone portable	Appareils électroniques, informatiques, appareils photo	Déclaration de Perte
3125	2024-08-16T13:01:10+00:00	Angers Saint-Laud	0087484006	Téléphone portable	Appareils électroniques, informatiques, appareils photo	Déclaration de Perte
3126	2024-07-18T06:17:33+00:00	Angers Saint-Laud	0087484006	Lunettes en étui	Optique	Déclaration de Perte
3127	2024-08-30T18:32:52+00:00	Angers Saint-Laud	0087484006	Nécessaire, mallette de toilette, sac de maquillage	Bagagerie: sacs, valises, cartables	Déclaration de Perte
3128	2024-07-11T15:00:50+00:00	Angers Saint-Laud	0087484006	Lunettes	Optique	Déclaration de Perte
3129	2021-08-16T18:37:58+00:00	Angers Saint-Laud	0087484006	Valise, sac sur roulettes	Bagagerie: sacs, valises, cartables	Déclaration de Perte
3130	2024-08-29T09:43:04+00:00	Angers Saint-Laud	0087484006	Sac à dos	Bagagerie: sacs, valises, cartables	Déclaration de Perte
3131	2024-07-19T10:52:32+00:00	Angers Saint-Laud	0087484006	Sac à dos	Bagagerie: sacs, valises, cartables	Déclaration de Perte
3132	2024-08-11T14:36:47+00:00	Angers Saint-Laud	0087484006	Pull over, gilet	Vêtements, chaussures	Déclaration de Perte
3133	2021-07-20T20:17:34+00:00	Angers Saint-Laud	0087484006	Sac d'enseigne (plastique, papier, …)	Bagagerie: sacs, valises, cartables	Déclaration de Perte
3134	2021-07-18T19:21:12+00:00	Angers Saint-Laud	0087484006	Sac à dos	Bagagerie: sacs, valises, cartables	Déclaration de Perte
3135	2021-08-18T10:57:53+00:00	Angers Saint-Laud	0087484006	Sac de voyage, sac de sport, sac à bandoulière	Bagagerie: sacs, valises, cartables	Déclaration de Perte
3136	2021-07-20T17:59:16+00:00	Angers Saint-Laud	0087484006	Manteau, veste, blazer, parka, blouson, cape	Vêtements, chaussures	Déclaration de Perte
3137	2024-07-31T18:07:44+00:00	Angers Saint-Laud	0087484006	Sac d'enseigne (plastique, papier, …)	Bagagerie: sacs, valises, cartables	Déclaration de Perte
3138	2021-08-17T14:02:42+00:00	Angers Saint-Laud	0087484006	Sac de voyage, sac de sport, sac à bandoulière	Bagagerie: sacs, valises, cartables	Déclaration de Perte
3139	2024-08-09T20:21:54+00:00	Angers Saint-Laud	0087484006	Téléphone portable protégé (étui, coque,…)	Appareils électroniques, informatiques, appareils photo	Déclaration de Perte
3140	2024-09-14T14:37:59+00:00	Angers Saint-Laud	0087484006	Téléphone portable protégé (étui, coque,…)	Appareils électroniques, informatiques, appareils photo	Déclaration de Perte
3141	2024-07-18T13:49:42+00:00	Angers Saint-Laud	0087484006	Valise, sac sur roulettes	Bagagerie: sacs, valises, cartables	Déclaration de Perte
3142	2024-07-20T14:17:27+00:00	Angers Saint-Laud	0087484006	Sac à dos	Bagagerie: sacs, valises, cartables	Déclaration de Perte
3143	2024-08-07T08:05:13+00:00	Angers Saint-Laud	0087484006	Sac à main	Bagagerie: sacs, valises, cartables	Déclaration de Perte
3144	2021-08-20T09:20:55+00:00	Angers Saint-Laud	0087484006	Pull over, gilet	Vêtements, chaussures	Déclaration de Perte
3145	2021-07-17T06:10:17+00:00	Angers Saint-Laud	0087484006	Clés, porte-clés	Clés, porte-clés, badge magnétique	Déclaration de Perte
3146	2024-09-20T13:44:10+00:00	Angers Saint-Laud	0087484006	Téléphone portable	Appareils électroniques, informatiques, appareils photo	Déclaration de Perte
3147	2024-07-23T14:57:16+00:00	Angers Saint-Laud	0087484006	Sac de voyage, sac de sport, sac à bandoulière	Bagagerie: sacs, valises, cartables	Déclaration de Perte
3148	2024-09-20T20:34:01+00:00	Angers Saint-Laud	0087484006	Valise, sac sur roulettes	Bagagerie: sacs, valises, cartables	Déclaration de Perte
3149	2024-07-23T15:05:07+00:00	Angers Saint-Laud	0087484006	Porte-monnaie, portefeuille	Porte-monnaie / portefeuille, argent, titres	Déclaration de Perte
3150	2024-07-06T09:39:14+00:00	Angers Saint-Laud	0087484006	Valise, sac sur roulettes	Bagagerie: sacs, valises, cartables	Déclaration de Perte
3151	2024-08-23T11:44:41+00:00	Angers Saint-Laud	0087484006	Casque (vélo, moto)	Vélos, trottinettes, accessoires 2 roues	Déclaration de Perte
3152	2024-07-20T11:00:18+00:00	Angers Saint-Laud	0087484006	Lunettes	Optique	Déclaration de Perte
3153	2024-07-20T10:57:14+00:00	Angers Saint-Laud	0087484006	Manteau, veste, blazer, parka, blouson, cape	Vêtements, chaussures	Déclaration de Perte
3154	2021-07-25T16:20:42+00:00	Angers Saint-Laud	0087484006	Autres vêtements	Vêtements, chaussures	Déclaration de Perte
3155	2021-07-24T14:53:34+00:00	Angers Saint-Laud	0087484006	Ordinateur, ordinateur portable, notebook protégé (étui, housse,…)	Appareils électroniques, informatiques, appareils photo	Déclaration de Perte
3156	2024-07-21T14:58:37+00:00	Angers Saint-Laud	0087484006	Porte-monnaie, portefeuille	Porte-monnaie / portefeuille, argent, titres	Déclaration de Perte
3157	2021-08-24T09:39:04+00:00	Angers Saint-Laud	0087484006	Porte-monnaie, portefeuille	Porte-monnaie / portefeuille, argent, titres	Déclaration de Perte
3158	2024-08-26T11:09:54+00:00	Angers Saint-Laud	0087484006	Manteau, veste, blazer, parka, blouson, cape	Vêtements, chaussures	Déclaration de Perte
3159	2024-08-26T12:28:52+00:00	Angers Saint-Laud	0087484006	Téléphone portable protégé (étui, coque,…)	Appareils électroniques, informatiques, appareils photo	Déclaration de Perte
3160	2024-07-27T12:10:31+00:00	Angers Saint-Laud	0087484006	Sac de voyage, sac de sport, sac à bandoulière	Bagagerie: sacs, valises, cartables	Déclaration de Perte
3161	2024-08-19T17:51:11+00:00	Angers Saint-Laud	0087484006	Sac à dos	Bagagerie: sacs, valises, cartables	Déclaration de Perte
3162	2024-08-27T16:53:40+00:00	Angers Saint-Laud	0087484006	Téléphone portable protégé (étui, coque,…)	Appareils électroniques, informatiques, appareils photo	Déclaration de Perte
3163	2024-08-27T08:04:11+00:00	Angers Saint-Laud	0087484006	Sac à dos	Bagagerie: sacs, valises, cartables	Déclaration de Perte
3164	2021-09-25T04:46:33+00:00	Angers Saint-Laud	0087484006	Téléphone portable protégé (étui, coque,…)	Appareils électroniques, informatiques, appareils photo	Déclaration de Perte
3165	2024-08-26T08:05:42+00:00	Angers Saint-Laud	0087484006	Téléphone portable protégé (étui, coque,…)	Appareils électroniques, informatiques, appareils photo	Déclaration de Perte
3166	2021-08-20T13:48:57+00:00	Angers Saint-Laud	0087484006	Manteau, veste, blazer, parka, blouson, cape	Vêtements, chaussures	Déclaration de Perte
3167	2024-09-20T20:45:40+00:00	Angers Saint-Laud	0087484006	Manteau, veste, blazer, parka, blouson, cape	Vêtements, chaussures	Déclaration de Perte
3168	2024-08-24T19:51:20+00:00	Angers Saint-Laud	0087484006	Sac à dos	Bagagerie: sacs, valises, cartables	Déclaration de Perte
3169	2024-08-27T13:54:45+00:00	Angers Saint-Laud	0087484006	Sac à dos	Bagagerie: sacs, valises, cartables	Déclaration de Perte
3170	2024-08-23T09:33:31+00:00	Angers Saint-Laud	0087484006	Porte-monnaie, portefeuille	Porte-monnaie / portefeuille, argent, titres	Déclaration de Perte
3171	2021-09-11T16:31:50+00:00	Angers Saint-Laud	0087484006	Sac à dos	Bagagerie: sacs, valises, cartables	Déclaration de Perte
3172	2024-04-27T15:27:03+00:00	Angers Saint-Laud	0087484006	Valise, sac sur roulettes	Bagagerie: sacs, valises, cartables	Déclaration de Perte
3173	2024-08-28T03:33:03+00:00	Angers Saint-Laud	0087484006	Clés, porte-clés	Clés, porte-clés, badge magnétique	Déclaration de Perte
3174	2024-07-31T17:00:33+00:00	Angers Saint-Laud	0087484006	Sac d'enseigne (plastique, papier, …)	Bagagerie: sacs, valises, cartables	Déclaration de Perte
3175	2020-09-02T09:05:12+00:00	Angers Saint-Laud	0087484006	Valise, sac sur roulettes	Bagagerie: sacs, valises, cartables	Déclaration de Perte
3176	2021-09-27T14:33:57+00:00	Angers Saint-Laud	0087484006	Téléphone portable protégé (étui, coque,…)	Appareils électroniques, informatiques, appareils photo	Déclaration de Perte
3177	2021-09-28T13:56:46+00:00	Angers Saint-Laud	0087484006	Chéquier	Porte-monnaie / portefeuille, argent, titres	Déclaration de Perte
3178	2024-09-30T10:32:46+00:00	Angers Saint-Laud	0087484006	Clés, porte-clés	Clés, porte-clés, badge magnétique	Déclaration de Perte
3179	2024-08-31T16:50:51+00:00	Angers Saint-Laud	0087484006	Porte-monnaie, portefeuille	Porte-monnaie / portefeuille, argent, titres	Déclaration de Perte
3180	2024-08-24T12:34:42+00:00	Angers Saint-Laud	0087484006	Téléphone portable protégé (étui, coque,…)	Appareils électroniques, informatiques, appareils photo	Déclaration de Perte
3181	2024-08-01T17:43:57+00:00	Angers Saint-Laud	0087484006	Porte-monnaie, portefeuille	Porte-monnaie / portefeuille, argent, titres	Déclaration de Perte
3182	2024-08-11T18:13:34+00:00	Angers Saint-Laud	0087484006	Sac d'enseigne (plastique, papier, …)	Bagagerie: sacs, valises, cartables	Déclaration de Perte
3183	2021-08-01T16:37:07+00:00	Angers Saint-Laud	0087484006	Valise, sac sur roulettes	Bagagerie: sacs, valises, cartables	Déclaration de Perte
3184	2021-08-01T18:29:32+00:00	Angers Saint-Laud	0087484006	Valise, sac sur roulettes	Bagagerie: sacs, valises, cartables	Déclaration de Perte
3185	2021-08-02T13:53:07+00:00	Angers Saint-Laud	0087484006	Valise, sac sur roulettes	Bagagerie: sacs, valises, cartables	Déclaration de Perte
3186	2024-09-02T18:21:02+00:00	Angers Saint-Laud	0087484006	Sac à main	Bagagerie: sacs, valises, cartables	Déclaration de Perte
3187	2021-09-01T14:15:47+00:00	Angers Saint-Laud	0087484006	Doudou, peluche	Articles d'enfants, de puériculture	Déclaration de Perte
3188	2022-03-25T12:34:00+00:00	Angers Saint-Laud	0087484006	Téléphone portable	Appareils électroniques, informatiques, appareils photo	Déclaration de Perte
3189	2021-08-01T16:25:00+00:00	Angers Saint-Laud	0087484006	Sac à dos	Bagagerie: sacs, valises, cartables	Déclaration de Perte
3190	2024-09-13T21:00:34+00:00	Angers Saint-Laud	0087484006	Téléphone portable protégé (étui, coque,…)	Appareils électroniques, informatiques, appareils photo	Déclaration de Perte
3191	2024-08-27T10:13:39+00:00	Angers Saint-Laud	0087484006	Sac de voyage, sac de sport, sac à bandoulière	Bagagerie: sacs, valises, cartables	Déclaration de Perte
3192	2024-09-06T20:33:13+00:00	Angers Saint-Laud	0087484006	Autres articles de papeterie	Livres, articles de papéterie	Déclaration de Perte
3193	2021-08-19T15:10:51+00:00	Angers Saint-Laud	0087484006	Guitare	Instruments de musique	Déclaration de Perte
3194	2021-09-02T16:22:23+00:00	Angers Saint-Laud	0087484006	Sac d'enseigne (plastique, papier, …)	Bagagerie: sacs, valises, cartables	Déclaration de Perte
3195	2021-10-05T16:20:40+00:00	Angers Saint-Laud	0087484006	Téléphone portable	Appareils électroniques, informatiques, appareils photo	Déclaration de Perte
3196	2021-08-08T15:37:00+00:00	Angers Saint-Laud	0087484006	Sac à dos	Bagagerie: sacs, valises, cartables	Déclaration de Perte
3197	2023-05-15T13:54:55+00:00	Angers Saint-Laud	0087484006	Sac d'enseigne (plastique, papier, …)	Bagagerie: sacs, valises, cartables	Déclaration de Perte
3198	2024-08-25T12:03:38+00:00	Angers Saint-Laud	0087484006	Cigarette électronique	Divers	Déclaration de Perte
3199	2024-09-18T19:14:11+00:00	Angers Saint-Laud	0087484006	Sac à dos	Bagagerie: sacs, valises, cartables	Déclaration de Perte
3200	2021-08-17T07:21:36+00:00	Angers Saint-Laud	0087484006	Sacoche ventrale, banane	Bagagerie: sacs, valises, cartables	Déclaration de Perte
3201	2024-09-25T07:32:57+00:00	Angers Saint-Laud	0087484006	Autres appareils et accessoires électroniques	Appareils électroniques, informatiques, appareils photo	Déclaration de Perte
3202	2024-09-19T20:12:04+00:00	Angers Saint-Laud	0087484006	Clé de voiture	Clés, porte-clés, badge magnétique	Déclaration de Perte
3203	2024-12-25T14:33:59+00:00	Angers Saint-Laud	0087484006	Téléphone portable	Appareils électroniques, informatiques, appareils photo	Déclaration de Perte
3204	2024-08-27T18:34:21+00:00	Angers Saint-Laud	0087484006	Valise, sac sur roulettes	Bagagerie: sacs, valises, cartables	Déclaration de Perte
3205	2021-10-07T03:12:23+00:00	Angers Saint-Laud	0087484006	Valise, sac sur roulettes	Bagagerie: sacs, valises, cartables	Déclaration de Perte
3206	2024-08-30T19:36:08+00:00	Angers Saint-Laud	0087484006	Valise, sac sur roulettes	Bagagerie: sacs, valises, cartables	Déclaration de Perte
3207	2024-08-30T19:30:49+00:00	Angers Saint-Laud	0087484006	Porte-monnaie, portefeuille	Porte-monnaie / portefeuille, argent, titres	Déclaration de Perte
3208	2024-08-08T08:38:43+00:00	Angers Saint-Laud	0087484006	Porte-monnaie, portefeuille	Porte-monnaie / portefeuille, argent, titres	Déclaration de Perte
3209	2024-09-13T17:43:57+00:00	Angers Saint-Laud	0087484006	AirPod, casque audio, écouteurs	Appareils électroniques, informatiques, appareils photo	Déclaration de Perte
3210	2024-09-12T18:55:46+00:00	Angers Saint-Laud	0087484006	Valise, sac sur roulettes	Bagagerie: sacs, valises, cartables	Déclaration de Perte
3211	2024-08-29T19:58:13+00:00	Angers Saint-Laud	0087484006	Boucles d'oreilles	Bijoux, montres	Déclaration de Perte
3212	2021-05-18T15:29:17+00:00	Angers Saint-Laud	0087484006	Manteau, veste, blazer, parka, blouson, cape	Vêtements, chaussures	Déclaration de Perte
3213	2021-12-08T06:46:14+00:00	Angers Saint-Laud	0087484006	Autres vêtements	Vêtements, chaussures	Déclaration de Perte
3214	2025-01-06T14:24:42+00:00	Angers Saint-Laud	0087484006	Tablette tactile protégée (étui, housse)	Appareils électroniques, informatiques, appareils photo	Déclaration de Perte
3215	2024-09-06T09:38:34+00:00	Angers Saint-Laud	0087484006	Valise, sac sur roulettes	Bagagerie: sacs, valises, cartables	Déclaration de Perte
3216	2024-12-07T04:56:41+00:00	Angers Saint-Laud	0087484006	Téléphone portable protégé (étui, coque,…)	Appareils électroniques, informatiques, appareils photo	Déclaration de Perte
3217	2021-08-01T19:32:22+00:00	Angers Saint-Laud	0087484006	Autres divers	Divers	Déclaration de Perte
3218	2021-08-02T18:51:30+00:00	Angers Saint-Laud	0087484006	Sac à dos	Bagagerie: sacs, valises, cartables	Déclaration de Perte
3219	2021-08-10T09:22:50+00:00	Angers Saint-Laud	0087484006	Porte-monnaie, portefeuille	Porte-monnaie / portefeuille, argent, titres	Déclaration de Perte
3220	2021-09-08T07:23:29+00:00	Angers Saint-Laud	0087484006	Porte-monnaie, portefeuille	Porte-monnaie / portefeuille, argent, titres	Déclaration de Perte
3221	2024-08-10T08:44:01+00:00	Angers Saint-Laud	0087484006	Valise, sac sur roulettes	Bagagerie: sacs, valises, cartables	Déclaration de Perte
3222	2024-11-06T09:14:01+00:00	Angers Saint-Laud	0087484006	Sac à dos	Bagagerie: sacs, valises, cartables	Déclaration de Perte
3223	2024-08-12T16:57:23+00:00	Angers Saint-Laud	0087484006	Autres divers	Divers	Déclaration de Perte
3224	2024-09-16T18:22:47+00:00	Angers Saint-Laud	0087484006	Manteau, veste, blazer, parka, blouson, cape	Vêtements, chaussures	Déclaration de Perte
3225	2024-10-04T20:20:37+00:00	Angers Saint-Laud	0087484006	Valise, sac sur roulettes	Bagagerie: sacs, valises, cartables	Déclaration de Perte
3226	2024-09-05T17:37:33+00:00	Angers Saint-Laud	0087484006	Sac à dos	Bagagerie: sacs, valises, cartables	Déclaration de Perte
3227	2024-09-11T09:56:08+00:00	Angers Saint-Laud	0087484006	Valise, sac sur roulettes	Bagagerie: sacs, valises, cartables	Déclaration de Perte
3228	2022-12-11T14:26:38+00:00	Angers Saint-Laud	0087484006	Lunettes	Optique	Déclaration de Perte
3229	2024-09-12T06:35:00+00:00	Angers Saint-Laud	0087484006	Casque (vélo, moto)	Vélos, trottinettes, accessoires 2 roues	Déclaration de Perte
3230	2024-09-05T17:51:02+00:00	Angers Saint-Laud	0087484006	Sac à dos	Bagagerie: sacs, valises, cartables	Déclaration de Perte
3231	2024-09-20T20:24:53+00:00	Angers Saint-Laud	0087484006	Manteau, veste, blazer, parka, blouson, cape	Vêtements, chaussures	Déclaration de Perte
3232	2021-08-14T17:58:17+00:00	Angers Saint-Laud	0087484006	Diplôme, papiers personnels	Pièces d'identités et papiers personnels	Déclaration de Perte
3233	2024-09-20T20:04:26+00:00	Angers Saint-Laud	0087484006	Valise, sac sur roulettes	Bagagerie: sacs, valises, cartables	Déclaration de Perte
3234	2021-08-24T07:23:06+00:00	Angers Saint-Laud	0087484006	Pièce d'identité personnelle et autre	Pièces d'identités et papiers personnels	Déclaration de Perte
3235	2021-07-27T15:47:13+00:00	Angers Saint-Laud	0087484006	Téléphone portable protégé (étui, coque,…)	Appareils électroniques, informatiques, appareils photo	Déclaration de Perte
3236	2024-08-16T12:26:38+00:00	Angers Saint-Laud	0087484006	Sac de voyage, sac de sport, sac à bandoulière	Bagagerie: sacs, valises, cartables	Déclaration de Perte
3237	2024-09-16T18:05:08+00:00	Angers Saint-Laud	0087484006	Manteau, veste, blazer, parka, blouson, cape	Vêtements, chaussures	Déclaration de Perte
3238	2021-09-08T18:54:26+00:00	Angers Saint-Laud	0087484006	Téléphone portable	Appareils électroniques, informatiques, appareils photo	Déclaration de Perte
3239	2021-09-13T13:31:32+00:00	Angers Saint-Laud	0087484006	Sac de voyage, sac de sport, sac à bandoulière	Bagagerie: sacs, valises, cartables	Déclaration de Perte
3240	2024-09-07T17:36:13+00:00	Angers Saint-Laud	0087484006	Téléphone portable	Appareils électroniques, informatiques, appareils photo	Déclaration de Perte
3241	2024-09-16T11:23:07+00:00	Angers Saint-Laud	0087484006	Porte-monnaie, portefeuille	Porte-monnaie / portefeuille, argent, titres	Déclaration de Perte
3242	2024-07-29T19:48:36+00:00	Angers Saint-Laud	0087484006	Sac à dos	Bagagerie: sacs, valises, cartables	Déclaration de Perte
3243	2025-01-07T18:28:19+00:00	Angers Saint-Laud	0087484006	Bonnet, chapeau	Vêtements, chaussures	Déclaration de Perte
3244	2025-01-08T09:37:28+00:00	Angers Saint-Laud	0087484006	Porte-monnaie, portefeuille	Porte-monnaie / portefeuille, argent, titres	Déclaration de Perte
3245	2024-03-04T16:01:35+00:00	Angers Saint-Laud	0087484006	Agenda, calendrier	Livres, articles de papéterie	Déclaration de Perte
3246	2024-09-13T13:33:43+00:00	Angers Saint-Laud	0087484006	Téléphone portable protégé (étui, coque,…)	Appareils électroniques, informatiques, appareils photo	Déclaration de Perte
3247	2024-09-17T20:23:10+00:00	Angers Saint-Laud	0087484006	Sac de voyage, sac de sport, sac à bandoulière	Bagagerie: sacs, valises, cartables	Déclaration de Perte
3248	2024-09-19T19:21:48+00:00	Angers Saint-Laud	0087484006	Porte-monnaie, portefeuille	Porte-monnaie / portefeuille, argent, titres	Déclaration de Perte
3249	2021-08-21T15:37:38+00:00	Angers Saint-Laud	0087484006	Bonnet, chapeau	Vêtements, chaussures	Déclaration de Perte
3250	2025-01-02T13:22:33+00:00	Angers Saint-Laud	0087484006	AirPod, casque audio, écouteurs	Appareils électroniques, informatiques, appareils photo	Déclaration de Perte
3251	2025-01-07T21:59:45+00:00	Angers Saint-Laud	0087484006	Valise, sac sur roulettes	Bagagerie: sacs, valises, cartables	Déclaration de Perte
3252	2021-09-19T15:34:31+00:00	Angers Saint-Laud	0087484006	AirPod, casque audio, écouteurs	Appareils électroniques, informatiques, appareils photo	Déclaration de Perte
3253	2024-08-21T20:02:45+00:00	Angers Saint-Laud	0087484006	Porte-monnaie, portefeuille	Porte-monnaie / portefeuille, argent, titres	Déclaration de Perte
3254	2021-08-20T15:37:48+00:00	Angers Saint-Laud	0087484006	Sac à dos	Bagagerie: sacs, valises, cartables	Déclaration de Perte
3255	2023-03-09T12:09:04+00:00	Angers Saint-Laud	0087484006	Clés, porte-clés	Clés, porte-clés, badge magnétique	Déclaration de Perte
3256	2021-09-15T04:00:53+00:00	Angers Saint-Laud	0087484006	Téléphone portable protégé (étui, coque,…)	Appareils électroniques, informatiques, appareils photo	Déclaration de Perte
3257	2021-09-12T18:44:11+00:00	Angers Saint-Laud	0087484006	Téléphone portable	Appareils électroniques, informatiques, appareils photo	Déclaration de Perte
3258	2021-09-20T09:59:48+00:00	Angers Saint-Laud	0087484006	Porte-monnaie, portefeuille	Porte-monnaie / portefeuille, argent, titres	Déclaration de Perte
3259	2024-12-21T05:43:43+00:00	Angers Saint-Laud	0087484006	Valise, sac sur roulettes	Bagagerie: sacs, valises, cartables	Déclaration de Perte
3260	2024-08-25T10:35:24+00:00	Angers Saint-Laud	0087484006	Sac d'enseigne (plastique, papier, …)	Bagagerie: sacs, valises, cartables	Déclaration de Perte
3261	2024-08-25T14:10:39+00:00	Angers Saint-Laud	0087484006	Manteau, veste, blazer, parka, blouson, cape	Vêtements, chaussures	Déclaration de Perte
3262	2024-07-25T09:23:04+00:00	Angers Saint-Laud	0087484006	Sac de voyage, sac de sport, sac à bandoulière	Bagagerie: sacs, valises, cartables	Déclaration de Perte
3263	2021-06-18T16:09:10+00:00	Angers Saint-Laud	0087484006	Sac à main	Bagagerie: sacs, valises, cartables	Déclaration de Perte
3264	2025-01-12T16:12:28+00:00	Angers Saint-Laud	0087484006	Casque (vélo, moto)	Vélos, trottinettes, accessoires 2 roues	Déclaration de Perte
3265	2021-08-20T14:56:56+00:00	Angers Saint-Laud	0087484006	Sac à dos	Bagagerie: sacs, valises, cartables	Déclaration de Perte
3266	2024-09-26T15:38:16+00:00	Angers Saint-Laud	0087484006	Vélo	Vélos, trottinettes, accessoires 2 roues	Déclaration de Perte
3267	2021-09-25T05:00:24+00:00	Angers Saint-Laud	0087484006	Sac de voyage, sac de sport, sac à bandoulière	Bagagerie: sacs, valises, cartables	Déclaration de Perte
3268	2021-09-25T04:51:41+00:00	Angers Saint-Laud	0087484006	Porte-monnaie, portefeuille	Porte-monnaie / portefeuille, argent, titres	Déclaration de Perte
3269	2021-09-25T04:51:43+00:00	Angers Saint-Laud	0087484006	Porte-monnaie, portefeuille	Porte-monnaie / portefeuille, argent, titres	Déclaration de Perte
3270	2024-09-20T12:47:01+00:00	Angers Saint-Laud	0087484006	Porte-monnaie, portefeuille	Porte-monnaie / portefeuille, argent, titres	Déclaration de Perte
3271	2024-09-30T19:18:07+00:00	Angers Saint-Laud	0087484006	Sac à main	Bagagerie: sacs, valises, cartables	Déclaration de Perte
3272	2024-10-01T09:36:54+00:00	Angers Saint-Laud	0087484006	Valise, sac sur roulettes	Bagagerie: sacs, valises, cartables	Déclaration de Perte
3273	2025-01-15T14:54:26+00:00	Angers Saint-Laud	0087484006	Ordinateur, ordinateur portable, notebook protégé (étui, housse,…)	Appareils électroniques, informatiques, appareils photo	Déclaration de Perte
3274	2024-12-16T11:06:16+00:00	Angers Saint-Laud	0087484006	Autres articles de papeterie	Livres, articles de papéterie	Déclaration de Perte
3275	2021-09-14T10:19:09+00:00	Angers Saint-Laud	0087484006	Sac de voyage, sac de sport, sac à bandoulière	Bagagerie: sacs, valises, cartables	Déclaration de Perte
3276	2021-09-20T17:07:45+00:00	Angers Saint-Laud	0087484006	Accessoires 2 roues	Vélos, trottinettes, accessoires 2 roues	Déclaration de Perte
3277	2024-08-10T14:12:13+00:00	Angers Saint-Laud	0087484006	Sac à dos	Bagagerie: sacs, valises, cartables	Déclaration de Perte
3278	2021-09-27T09:50:44+00:00	Angers Saint-Laud	0087484006	Porte-monnaie, portefeuille	Porte-monnaie / portefeuille, argent, titres	Déclaration de Perte
3279	2021-08-23T09:50:33+00:00	Angers Saint-Laud	0087484006	Doudou, peluche	Articles d'enfants, de puériculture	Déclaration de Perte
3280	2021-12-10T21:58:44+00:00	Angers Saint-Laud	0087484006	Téléphone portable	Appareils électroniques, informatiques, appareils photo	Déclaration de Perte
3281	2021-08-24T08:58:30+00:00	Angers Saint-Laud	0087484006	Carte d'identité, passeport, permis de conduire	Pièces d'identités et papiers personnels	Déclaration de Perte
3282	2024-12-30T21:25:57+00:00	Angers Saint-Laud	0087484006	Porte-monnaie, portefeuille	Porte-monnaie / portefeuille, argent, titres	Déclaration de Perte
3283	2025-01-05T21:59:56+00:00	Angers Saint-Laud	0087484006	Sac à dos	Bagagerie: sacs, valises, cartables	Déclaration de Perte
3284	2025-01-07T16:08:34+00:00	Angers Saint-Laud	0087484006	AirPod, casque audio, écouteurs	Appareils électroniques, informatiques, appareils photo	Déclaration de Perte
3285	2024-12-24T08:38:01+00:00	Angers Saint-Laud	0087484006	Carte d'abonnement	Pièces d'identités et papiers personnels	Déclaration de Perte
3286	2024-09-19T20:15:44+00:00	Angers Saint-Laud	0087484006	Sac de voyage, sac de sport, sac à bandoulière	Bagagerie: sacs, valises, cartables	Déclaration de Perte
3287	2024-10-03T12:41:46+00:00	Angers Saint-Laud	0087484006	Téléphone portable	Appareils électroniques, informatiques, appareils photo	Déclaration de Perte
3288	2021-12-03T22:03:42+00:00	Angers Saint-Laud	0087484006	Agenda, calendrier	Livres, articles de papéterie	Déclaration de Perte
3289	2025-01-18T08:21:15+00:00	Angers Saint-Laud	0087484006	Valise, sac sur roulettes	Bagagerie: sacs, valises, cartables	Déclaration de Perte
3290	2022-06-16T12:30:36+00:00	Angers Saint-Laud	0087484006	Manteau, veste, blazer, parka, blouson, cape	Vêtements, chaussures	Déclaration de Perte
3291	2025-01-03T08:19:39+00:00	Angers Saint-Laud	0087484006	Clé de voiture	Clés, porte-clés, badge magnétique	Déclaration de Perte
3292	2024-12-06T21:59:02+00:00	Angers Saint-Laud	0087484006	Sac d'enseigne (plastique, papier, …)	Bagagerie: sacs, valises, cartables	Déclaration de Perte
3293	2025-01-13T09:10:19+00:00	Angers Saint-Laud	0087484006	Sac à dos	Bagagerie: sacs, valises, cartables	Déclaration de Perte
3294	2021-04-01T15:16:37+00:00	Angers Saint-Laud	0087484006	Téléphone portable	Appareils électroniques, informatiques, appareils photo	Déclaration de Perte
3295	2016-11-07T06:57:41+00:00	Angers Saint-Laud	0087484006	Carte de crédit	Porte-monnaie / portefeuille, argent, titres	Déclaration de Perte
3296	2024-12-06T21:48:48+00:00	Angers Saint-Laud	0087484006	Valise, sac sur roulettes	Bagagerie: sacs, valises, cartables	Déclaration de Perte
3297	2024-12-06T09:10:11+00:00	Angers Saint-Laud	0087484006	Autres divers	Divers	Déclaration de Perte
3298	2024-12-08T10:04:46+00:00	Angers Saint-Laud	0087484006	Chaussures (autre que chaussures de ski et patins)	Vêtements, chaussures	Déclaration de Perte
3299	2021-11-10T08:00:24+00:00	Angers Saint-Laud	0087484006	Lunettes	Optique	Déclaration de Perte
3300	2025-01-09T17:59:06+00:00	Angers Saint-Laud	0087484006	Sac à main	Bagagerie: sacs, valises, cartables	Déclaration de Perte
3301	2025-01-04T19:51:57+00:00	Angers Saint-Laud	0087484006	Sac à dos	Bagagerie: sacs, valises, cartables	Déclaration de Perte
3302	2021-09-14T10:39:02+00:00	Angers Saint-Laud	0087484006	Téléphone portable protégé (étui, coque,…)	Appareils électroniques, informatiques, appareils photo	Déclaration de Perte
3303	2025-01-17T18:50:32+00:00	Angers Saint-Laud	0087484006	Valise, sac sur roulettes	Bagagerie: sacs, valises, cartables	Déclaration de Perte
3304	2022-01-09T14:35:02+00:00	Angers Saint-Laud	0087484006	Valise, sac sur roulettes	Bagagerie: sacs, valises, cartables	Déclaration de Perte
3305	2021-09-20T12:13:03+00:00	Angers Saint-Laud	0087484006	Valise, sac sur roulettes	Bagagerie: sacs, valises, cartables	Déclaration de Perte
3306	2024-11-15T10:16:11+00:00	Angers Saint-Laud	0087484006	Sacoche ventrale, banane	Bagagerie: sacs, valises, cartables	Déclaration de Perte
3307	2024-12-26T21:56:02+00:00	Angers Saint-Laud	0087484006	Sac à dos	Bagagerie: sacs, valises, cartables	Déclaration de Perte
3308	2025-01-04T12:41:09+00:00	Angers Saint-Laud	0087484006	Porte-monnaie, portefeuille	Porte-monnaie / portefeuille, argent, titres	Déclaration de Perte
3309	2024-07-03T10:38:22+00:00	Angers Saint-Laud	0087484006	Sacoche pour ordinateur, photo, vidéo	Bagagerie: sacs, valises, cartables	Déclaration de Perte
3310	2025-01-10T09:38:14+00:00	Angers Saint-Laud	0087484006	Sac à main	Bagagerie: sacs, valises, cartables	Déclaration de Perte
3311	2024-12-23T12:50:58+00:00	Angers Saint-Laud	0087484006	Porte-monnaie, portefeuille	Porte-monnaie / portefeuille, argent, titres	Déclaration de Perte
3312	2024-12-06T14:54:27+00:00	Angers Saint-Laud	0087484006	Valise, sac sur roulettes	Bagagerie: sacs, valises, cartables	Déclaration de Perte
3313	2024-12-13T09:51:56+00:00	Angers Saint-Laud	0087484006	Sac à dos	Bagagerie: sacs, valises, cartables	Déclaration de Perte
3314	2025-01-04T22:02:53+00:00	Angers Saint-Laud	0087484006	Chaussures de ski, patins à glace	Articles de sport, loisirs, camping	Déclaration de Perte
3315	2025-01-04T15:45:11+00:00	Angers Saint-Laud	0087484006	Clé de voiture	Clés, porte-clés, badge magnétique	Déclaration de Perte
3316	2024-12-13T09:20:09+00:00	Angers Saint-Laud	0087484006	Sac de voyage, sac de sport, sac à bandoulière	Bagagerie: sacs, valises, cartables	Déclaration de Perte
3317	2025-01-26T20:40:51+00:00	Angers Saint-Laud	0087484006	Sac à dos	Bagagerie: sacs, valises, cartables	Déclaration de Perte
3318	2024-12-08T23:20:10+00:00	Angers Saint-Laud	0087484006	Sac d'enseigne (plastique, papier, …)	Bagagerie: sacs, valises, cartables	Déclaration de Perte
3319	2024-12-09T12:26:38+00:00	Angers Saint-Laud	0087484006	Livre scolaire	Livres, articles de papéterie	Déclaration de Perte
3320	2025-01-29T21:41:12+00:00	Angers Saint-Laud	0087484006	Clé de voiture	Clés, porte-clés, badge magnétique	Déclaration de Perte
3321	2024-12-30T21:16:40+00:00	Angers Saint-Laud	0087484006	Téléphone portable	Appareils électroniques, informatiques, appareils photo	Déclaration de Perte
3322	2021-12-16T21:32:24+00:00	Angers Saint-Laud	0087484006	Ordinateur, ordinateur portable, notebook	Appareils électroniques, informatiques, appareils photo	Déclaration de Perte
3323	2025-01-02T16:55:25+00:00	Angers Saint-Laud	0087484006	Téléphone portable protégé (étui, coque,…)	Appareils électroniques, informatiques, appareils photo	Déclaration de Perte
3324	2024-12-15T11:22:01+00:00	Angers Saint-Laud	0087484006	Sac à dos	Bagagerie: sacs, valises, cartables	Déclaration de Perte
3325	2022-01-13T18:13:33+00:00	Angers Saint-Laud	0087484006	Sac à dos	Bagagerie: sacs, valises, cartables	Déclaration de Perte
3326	2024-12-13T09:16:57+00:00	Angers Saint-Laud	0087484006	Sac à dos	Bagagerie: sacs, valises, cartables	Déclaration de Perte
3327	2021-12-25T10:14:00+00:00	Angers Saint-Laud	0087484006	Sac à main	Bagagerie: sacs, valises, cartables	Déclaration de Perte
3328	2024-06-30T13:20:01+00:00	Angers Saint-Laud	0087484006	Bonnet, chapeau	Vêtements, chaussures	Déclaration de Perte
3329	2025-01-08T05:08:48+00:00	Angers Saint-Laud	0087484006	Autres appareils et accessoires électroniques	Appareils électroniques, informatiques, appareils photo	Déclaration de Perte
3330	2025-01-15T17:07:57+00:00	Angers Saint-Laud	0087484006	Sac à dos	Bagagerie: sacs, valises, cartables	Déclaration de Perte
3331	2024-12-20T21:44:24+00:00	Angers Saint-Laud	0087484006	Sac à main	Bagagerie: sacs, valises, cartables	Déclaration de Perte
3332	2024-12-17T08:08:37+00:00	Angers Saint-Laud	0087484006	Valise, sac sur roulettes	Bagagerie: sacs, valises, cartables	Déclaration de Perte
3333	2025-01-09T07:53:33+00:00	Angers Saint-Laud	0087484006	Lunettes	Optique	Déclaration de Perte
3334	2025-01-10T08:04:41+00:00	Angers Saint-Laud	0087484006	Sac d'enseigne (plastique, papier, …)	Bagagerie: sacs, valises, cartables	Déclaration de Perte
3335	2025-01-13T16:23:40+00:00	Angers Saint-Laud	0087484006	AirPod, casque audio, écouteurs	Appareils électroniques, informatiques, appareils photo	Déclaration de Perte
3336	2024-12-10T21:59:19+00:00	Angers Saint-Laud	0087484006	Valise, sac sur roulettes	Bagagerie: sacs, valises, cartables	Déclaration de Perte
3337	2024-12-17T21:34:35+00:00	Angers Saint-Laud	0087484006	Gants	Vêtements, chaussures	Déclaration de Perte
3338	2025-01-16T12:47:21+00:00	Angers Saint-Laud	0087484006	Clé de voiture	Clés, porte-clés, badge magnétique	Déclaration de Perte
3339	2023-12-22T19:43:02+00:00	Angers Saint-Laud	0087484006	Sac d'enseigne (plastique, papier, …)	Bagagerie: sacs, valises, cartables	Déclaration de Perte
3340	2025-01-12T21:48:26+00:00	Angers Saint-Laud	0087484006	Sac à dos	Bagagerie: sacs, valises, cartables	Déclaration de Perte
3341	2025-01-07T11:33:35+00:00	Angers Saint-Laud	0087484006	Tablette tactile	Appareils électroniques, informatiques, appareils photo	Déclaration de Perte
3342	2021-10-12T12:35:57+00:00	Angers Saint-Laud	0087484006	Manteau, veste, blazer, parka, blouson, cape	Vêtements, chaussures	Déclaration de Perte
3343	2021-12-21T08:41:14+00:00	Angers Saint-Laud	0087484006	Valise, sac sur roulettes	Bagagerie: sacs, valises, cartables	Déclaration de Perte
3344	2022-01-13T11:05:42+00:00	Angers Saint-Laud	0087484006	Sac d'enseigne (plastique, papier, …)	Bagagerie: sacs, valises, cartables	Déclaration de Perte
3345	2021-09-27T14:20:33+00:00	Angers Saint-Laud	0087484006	Manteau, veste, blazer, parka, blouson, cape	Vêtements, chaussures	Déclaration de Perte
3346	2025-01-07T17:20:16+00:00	Angers Saint-Laud	0087484006	Gants	Vêtements, chaussures	Déclaration de Perte
3347	2025-01-12T18:08:29+00:00	Angers Saint-Laud	0087484006	Gants	Vêtements, chaussures	Déclaration de Perte
3348	2025-01-11T11:03:37+00:00	Angers Saint-Laud	0087484006	Téléphone portable	Appareils électroniques, informatiques, appareils photo	Déclaration de Perte
3349	2025-01-13T19:37:22+00:00	Angers Saint-Laud	0087484006	Sac à main	Bagagerie: sacs, valises, cartables	Déclaration de Perte
3350	2025-01-14T15:37:10+00:00	Angers Saint-Laud	0087484006	Autres divers	Divers	Déclaration de Perte
3351	2025-01-20T15:06:24+00:00	Angers Saint-Laud	0087484006	Appareil audio portable (lecteur de CD, baladeur MP3, iPod, ... )	Appareils électroniques, informatiques, appareils photo	Déclaration de Perte
3352	2025-01-14T13:34:30+00:00	Angers Saint-Laud	0087484006	Sac à dos	Bagagerie: sacs, valises, cartables	Déclaration de Perte
3353	2021-12-08T08:53:33+00:00	Angers Saint-Laud	0087484006	Carte de crédit	Porte-monnaie / portefeuille, argent, titres	Déclaration de Perte
3354	2024-12-20T12:56:31+00:00	Angers Saint-Laud	0087484006	Sac à main	Bagagerie: sacs, valises, cartables	Déclaration de Perte
3355	2024-09-28T18:42:57+00:00	Angers Saint-Laud	0087484006	Valise, sac sur roulettes	Bagagerie: sacs, valises, cartables	Déclaration de Perte
3356	2021-12-24T12:39:33+00:00	Angers Saint-Laud	0087484006	Lunettes	Optique	Déclaration de Perte
3357	2024-10-19T13:27:40+00:00	Angers Saint-Laud	0087484006	Valise, sac sur roulettes	Bagagerie: sacs, valises, cartables	Déclaration de Perte
3358	2021-12-15T10:30:22+00:00	Angers Saint-Laud	0087484006	Sac de voyage, sac de sport, sac à bandoulière	Bagagerie: sacs, valises, cartables	Déclaration de Perte
3359	2024-11-23T14:30:39+00:00	Angers Saint-Laud	0087484006	Valise, sac sur roulettes	Bagagerie: sacs, valises, cartables	Déclaration de Perte
3360	2024-12-13T09:34:48+00:00	Angers Saint-Laud	0087484006	Téléphone portable	Appareils électroniques, informatiques, appareils photo	Déclaration de Perte
3361	2021-12-10T20:06:15+00:00	Angers Saint-Laud	0087484006	Sac à dos	Bagagerie: sacs, valises, cartables	Déclaration de Perte
3362	2025-01-14T08:36:36+00:00	Angers Saint-Laud	0087484006	Valise, sac sur roulettes	Bagagerie: sacs, valises, cartables	Déclaration de Perte
3363	2021-11-22T18:17:37+00:00	Angers Saint-Laud	0087484006	Téléphone portable	Appareils électroniques, informatiques, appareils photo	Déclaration de Perte
3364	2025-01-09T21:21:48+00:00	Angers Saint-Laud	0087484006	Valise, sac sur roulettes	Bagagerie: sacs, valises, cartables	Déclaration de Perte
3365	2021-12-24T10:17:42+00:00	Angers Saint-Laud	0087484006	Autres divers	Divers	Déclaration de Perte
3366	2024-12-28T20:57:03+00:00	Angers Saint-Laud	0087484006	Sac à dos	Bagagerie: sacs, valises, cartables	Déclaration de Perte
3367	2025-01-14T19:02:50+00:00	Angers Saint-Laud	0087484006	Sac de voyage, sac de sport, sac à bandoulière	Bagagerie: sacs, valises, cartables	Déclaration de Perte
3368	2025-01-22T13:27:52+00:00	Angers Saint-Laud	0087484006	Ordinateur, ordinateur portable, notebook	Appareils électroniques, informatiques, appareils photo	Déclaration de Perte
3369	2025-01-22T15:23:53+00:00	Angers Saint-Laud	0087484006	Porte-monnaie, portefeuille	Porte-monnaie / portefeuille, argent, titres	Déclaration de Perte
3370	2025-01-15T07:48:50+00:00	Angers Saint-Laud	0087484006	Valise, sac sur roulettes	Bagagerie: sacs, valises, cartables	Déclaration de Perte
3371	2025-01-14T08:30:22+00:00	Angers Saint-Laud	0087484006	Valise, sac sur roulettes	Bagagerie: sacs, valises, cartables	Déclaration de Perte
3372	2021-06-08T11:51:28+00:00	Angers Saint-Laud	0087484006	Porte-monnaie, portefeuille	Porte-monnaie / portefeuille, argent, titres	Déclaration de Perte
3373	2024-10-16T20:46:35+00:00	Angers Saint-Laud	0087484006	Valise, sac sur roulettes	Bagagerie: sacs, valises, cartables	Déclaration de Perte
3374	2024-12-23T22:38:00+00:00	Angers Saint-Laud	0087484006	Sac à dos	Bagagerie: sacs, valises, cartables	Déclaration de Perte
3375	2022-01-12T11:59:28+00:00	Angers Saint-Laud	0087484006	Lunettes	Optique	Déclaration de Perte
3376	2024-12-26T21:52:52+00:00	Angers Saint-Laud	0087484006	Valise, sac sur roulettes	Bagagerie: sacs, valises, cartables	Déclaration de Perte
3377	2024-12-24T18:53:14+00:00	Angers Saint-Laud	0087484006	AirPod, casque audio, écouteurs	Appareils électroniques, informatiques, appareils photo	Déclaration de Perte
3378	2024-09-04T06:39:28+00:00	Angers Saint-Laud	0087484006	Sac à dos	Bagagerie: sacs, valises, cartables	Déclaration de Perte
3379	2025-01-21T21:37:15+00:00	Angers Saint-Laud	0087484006	Valise, sac sur roulettes	Bagagerie: sacs, valises, cartables	Déclaration de Perte
3380	2025-01-17T18:55:59+00:00	Angers Saint-Laud	0087484006	Sac d'enseigne (plastique, papier, …)	Bagagerie: sacs, valises, cartables	Déclaration de Perte
3381	2024-10-03T20:28:52+00:00	Angers Saint-Laud	0087484006	Valise, sac sur roulettes	Bagagerie: sacs, valises, cartables	Déclaration de Perte
3382	2024-10-25T19:13:46+00:00	Angers Saint-Laud	0087484006	Sac à main	Bagagerie: sacs, valises, cartables	Déclaration de Perte
3383	2025-01-20T15:53:34+00:00	Angers Saint-Laud	0087484006	Lunettes	Optique	Déclaration de Perte
3384	2025-01-25T17:33:21+00:00	Angers Saint-Laud	0087484006	Téléphone portable protégé (étui, coque,…)	Appareils électroniques, informatiques, appareils photo	Déclaration de Perte
3385	2025-01-20T17:41:08+00:00	Angers Saint-Laud	0087484006	Bonnet, chapeau	Vêtements, chaussures	Déclaration de Perte
3386	2022-01-26T14:57:31+00:00	Angers Saint-Laud	0087484006	Sac d'enseigne (plastique, papier, …)	Bagagerie: sacs, valises, cartables	Déclaration de Perte
3387	2025-01-28T15:03:05+00:00	Angers Saint-Laud	0087484006	Sac à dos	Bagagerie: sacs, valises, cartables	Déclaration de Perte
3388	2025-01-28T11:52:37+00:00	Angers Saint-Laud	0087484006	Foulard, écharpe	Vêtements, chaussures	Déclaration de Perte
3389	2025-01-26T12:16:19+00:00	Angers Saint-Laud	0087484006	Sacoche ventrale, banane	Bagagerie: sacs, valises, cartables	Déclaration de Perte
3390	2024-12-24T10:48:45+00:00	Angers Saint-Laud	0087484006	Sac à main	Bagagerie: sacs, valises, cartables	Déclaration de Perte
3391	2025-01-14T13:26:13+00:00	Angers Saint-Laud	0087484006	Sac à dos	Bagagerie: sacs, valises, cartables	Déclaration de Perte
3392	2025-01-03T15:31:28+00:00	Angers Saint-Laud	0087484006	Manteau, veste, blazer, parka, blouson, cape	Vêtements, chaussures	Déclaration de Perte
3393	2024-12-29T18:49:23+00:00	Angers Saint-Laud	0087484006	Parapluie télescopique, parapluie de poche	Parapluies	Déclaration de Perte
3394	2025-01-20T08:39:08+00:00	Angers Saint-Laud	0087484006	Sac de voyage, sac de sport, sac à bandoulière	Bagagerie: sacs, valises, cartables	Déclaration de Perte
3395	2025-01-08T07:13:48+00:00	Angers Saint-Laud	0087484006	Sac à dos	Bagagerie: sacs, valises, cartables	Déclaration de Perte
3396	2025-01-02T13:16:06+00:00	Angers Saint-Laud	0087484006	Téléphone portable protégé (étui, coque,…)	Appareils électroniques, informatiques, appareils photo	Déclaration de Perte
3397	2025-01-05T21:34:36+00:00	Angers Saint-Laud	0087484006	Sac à dos	Bagagerie: sacs, valises, cartables	Déclaration de Perte
3398	2025-01-20T21:06:20+00:00	Angers Saint-Laud	0087484006	Sac à dos	Bagagerie: sacs, valises, cartables	Déclaration de Perte
3399	2024-12-30T21:03:38+00:00	Angers Saint-Laud	0087484006	Sac à dos	Bagagerie: sacs, valises, cartables	Déclaration de Perte
3400	2024-10-09T10:03:08+00:00	Angers Saint-Laud	0087484006	Manteau, veste, blazer, parka, blouson, cape	Vêtements, chaussures	Déclaration de Perte
3401	2024-12-05T12:13:46+00:00	Angers Saint-Laud	0087484006	Téléphone portable protégé (étui, coque,…)	Appareils électroniques, informatiques, appareils photo	Déclaration de Perte
3402	2025-01-26T12:46:50+00:00	Angers Saint-Laud	0087484006	Sac d'enseigne (plastique, papier, …)	Bagagerie: sacs, valises, cartables	Déclaration de Perte
3403	2025-01-26T20:36:54+00:00	Angers Saint-Laud	0087484006	Sac à dos	Bagagerie: sacs, valises, cartables	Déclaration de Perte
3404	2025-01-28T12:02:24+00:00	Angers Saint-Laud	0087484006	Téléphone portable protégé (étui, coque,…)	Appareils électroniques, informatiques, appareils photo	Déclaration de Perte
3405	2025-01-15T07:34:00+00:00	Angers Saint-Laud	0087484006	Sac à dos	Bagagerie: sacs, valises, cartables	Déclaration de Perte
3406	2025-01-22T17:14:27+00:00	Angers Saint-Laud	0087484006	Autres articles de papeterie	Livres, articles de papéterie	Déclaration de Perte
3407	2025-01-23T16:48:45+00:00	Angers Saint-Laud	0087484006	Sac d'enseigne (plastique, papier, …)	Bagagerie: sacs, valises, cartables	Déclaration de Perte
3408	2025-01-23T12:41:44+00:00	Angers Saint-Laud	0087484006	Manteau, veste, blazer, parka, blouson, cape	Vêtements, chaussures	Déclaration de Perte
3409	2025-01-04T15:40:49+00:00	Angers Saint-Laud	0087484006	Clé de voiture	Clés, porte-clés, badge magnétique	Déclaration de Perte
3410	2025-01-29T21:38:15+00:00	Angers Saint-Laud	0087484006	Valise, sac sur roulettes	Bagagerie: sacs, valises, cartables	Déclaration de Perte
3411	2024-12-20T14:42:27+00:00	Angers Saint-Laud	0087484006	Sac d'enseigne (plastique, papier, …)	Bagagerie: sacs, valises, cartables	Déclaration de Perte
3412	2025-01-05T18:27:42+00:00	Angers Saint-Laud	0087484006	Autres vêtements	Vêtements, chaussures	Déclaration de Perte
3413	2022-01-30T10:58:10+00:00	Angers Saint-Laud	0087484006	Clé de voiture	Clés, porte-clés, badge magnétique	Déclaration de Perte
3414	2022-01-30T10:58:08+00:00	Angers Saint-Laud	0087484006	Clé de voiture	Clés, porte-clés, badge magnétique	Déclaration de Perte
3415	2025-01-07T08:43:46+00:00	Angers Saint-Laud	0087484006	Téléphone portable protégé (étui, coque,…)	Appareils électroniques, informatiques, appareils photo	Déclaration de Perte
3416	2025-01-30T21:15:51+00:00	Angers Saint-Laud	0087484006	Lunettes en étui	Optique	Déclaration de Perte
3417	2025-01-26T15:54:18+00:00	Angers Saint-Laud	0087484006	Sac à dos	Bagagerie: sacs, valises, cartables	Déclaration de Perte
3418	2025-01-26T20:14:13+00:00	Angers Saint-Laud	0087484006	Sac d'enseigne (plastique, papier, …)	Bagagerie: sacs, valises, cartables	Déclaration de Perte
3419	2025-01-24T09:24:57+00:00	Angers Saint-Laud	0087484006	Valise, sac sur roulettes	Bagagerie: sacs, valises, cartables	Déclaration de Perte